consumption_kwh,estimated_cost_pence,standing_charge_pence,start,end
0.026,0.72,0.92, 2026-03-01T00:00:00+09:00, 2026-03-01T00:30:00+09:00
0.044,1.22,0.92, 2026-03-01T00:30:00+09:00, 2026-03-01T01:00:00+09:00
0.025,0.7,0.92, 2026-03-01T01:00:00+09:00, 2026-03-01T01:30:00+09:00
0.044,1.22,0.92, 2026-03-01T01:30:00+09:00, 2026-03-01T02:00:00+09:00
0.029,0.81,0.92, 2026-03-01T02:00:00+09:00, 2026-03-01T02:30:00+09:00
0.04,1.11,0.92, 2026-03-01T02:30:00+09:00, 2026-03-01T03:00:00+09:00
0.034,0.95,0.92, 2026-03-01T03:00:00+09:00, 2026-03-01T03:30:00+09:00
0.035,0.97,0.92, 2026-03-01T03:30:00+09:00, 2026-03-01T04:00:00+09:00
0.039,1.09,0.92, 2026-03-01T04:00:00+09:00, 2026-03-01T04:30:00+09:00
0.03,0.83,0.92, 2026-03-01T04:30:00+09:00, 2026-03-01T05:00:00+09:00
1.514,42.13,0.92, 2026-03-01T05:00:00+09:00, 2026-03-01T05:30:00+09:00
1.521,42.32,0.92, 2026-03-01T05:30:00+09:00, 2026-03-01T06:00:00+09:00
1.542,42.91,0.92, 2026-03-01T06:00:00+09:00, 2026-03-01T06:30:00+09:00
0.044,1.22,0.92, 2026-03-01T06:30:00+09:00, 2026-03-01T07:00:00+09:00
0.043,1.2,0.92, 2026-03-01T07:00:00+09:00, 2026-03-01T07:30:00+09:00
0.026,0.72,0.92, 2026-03-01T07:30:00+09:00, 2026-03-01T08:00:00+09:00
0.043,1.2,0.92, 2026-03-01T08:00:00+09:00, 2026-03-01T08:30:00+09:00
0.029,0.81,0.92, 2026-03-01T08:30:00+09:00, 2026-03-01T09:00:00+09:00
0.043,1.2,0.92, 2026-03-01T09:00:00+09:00, 2026-03-01T09:30:00+09:00
0.049,1.36,0.92, 2026-03-01T09:30:00+09:00, 2026-03-01T10:00:00+09:00
0.061,1.7,0.92, 2026-03-01T10:00:00+09:00, 2026-03-01T10:30:00+09:00
1.312,36.51,0.92, 2026-03-01T10:30:00+09:00, 2026-03-01T11:00:00+09:00
0.156,4.34,0.92, 2026-03-01T11:00:00+09:00, 2026-03-01T11:30:00+09:00
0.294,8.18,0.92, 2026-03-01T11:30:00+09:00, 2026-03-01T12:00:00+09:00
0.173,4.81,0.92, 2026-03-01T12:00:00+09:00, 2026-03-01T12:30:00+09:00
0.031,0.86,0.92, 2026-03-01T12:30:00+09:00, 2026-03-01T13:00:00+09:00
0.028,0.78,0.92, 2026-03-01T13:00:00+09:00, 2026-03-01T13:30:00+09:00
0.024,0.67,0.92, 2026-03-01T13:30:00+09:00, 2026-03-01T14:00:00+09:00
0.035,0.97,0.92, 2026-03-01T14:00:00+09:00, 2026-03-01T14:30:00+09:00
0.017,0.47,0.92, 2026-03-01T14:30:00+09:00, 2026-03-01T15:00:00+09:00
0.035,0.97,0.92, 2026-03-01T15:00:00+09:00, 2026-03-01T15:30:00+09:00
0.017,0.47,0.92, 2026-03-01T15:30:00+09:00, 2026-03-01T16:00:00+09:00
0.035,0.97,0.92, 2026-03-01T16:00:00+09:00, 2026-03-01T16:30:00+09:00
0.023,0.64,0.92, 2026-03-01T16:30:00+09:00, 2026-03-01T17:00:00+09:00
0.044,1.22,0.92, 2026-03-01T17:00:00+09:00, 2026-03-01T17:30:00+09:00
0.056,1.56,0.92, 2026-03-01T17:30:00+09:00, 2026-03-01T18:00:00+09:00
0.056,1.56,0.92, 2026-03-01T18:00:00+09:00, 2026-03-01T18:30:00+09:00
0.053,1.47,0.92, 2026-03-01T18:30:00+09:00, 2026-03-01T19:00:00+09:00
0.044,1.22,0.92, 2026-03-01T19:00:00+09:00, 2026-03-01T19:30:00+09:00
0.058,1.61,0.92, 2026-03-01T19:30:00+09:00, 2026-03-01T20:00:00+09:00
0.04,1.11,0.92, 2026-03-01T20:00:00+09:00, 2026-03-01T20:30:00+09:00
0.058,1.61,0.92, 2026-03-01T20:30:00+09:00, 2026-03-01T21:00:00+09:00
0.039,1.09,0.92, 2026-03-01T21:00:00+09:00, 2026-03-01T21:30:00+09:00
0.056,1.56,0.92, 2026-03-01T21:30:00+09:00, 2026-03-01T22:00:00+09:00
0.045,1.25,0.92, 2026-03-01T22:00:00+09:00, 2026-03-01T22:30:00+09:00
0.043,1.2,0.92, 2026-03-01T22:30:00+09:00, 2026-03-01T23:00:00+09:00
0.044,1.22,0.92, 2026-03-01T23:00:00+09:00, 2026-03-01T23:30:00+09:00
0.026,0.72,0.92, 2026-03-01T23:30:00+09:00, 2026-03-02T00:00:00+09:00
0.046,1.28,0.92, 2026-03-02T00:00:00+09:00, 2026-03-02T00:30:00+09:00
0.028,0.78,0.92, 2026-03-02T00:30:00+09:00, 2026-03-02T01:00:00+09:00
0.065,1.81,0.92, 2026-03-02T01:00:00+09:00, 2026-03-02T01:30:00+09:00
0.046,1.28,0.92, 2026-03-02T01:30:00+09:00, 2026-03-02T02:00:00+09:00
0.05,1.39,0.92, 2026-03-02T02:00:00+09:00, 2026-03-02T02:30:00+09:00
0.048,1.34,0.92, 2026-03-02T02:30:00+09:00, 2026-03-02T03:00:00+09:00
0.027,0.75,0.92, 2026-03-02T03:00:00+09:00, 2026-03-02T03:30:00+09:00
0.044,1.22,0.92, 2026-03-02T03:30:00+09:00, 2026-03-02T04:00:00+09:00
0.036,1,0.92, 2026-03-02T04:00:00+09:00, 2026-03-02T04:30:00+09:00
0.6,16.7,0.92, 2026-03-02T04:30:00+09:00, 2026-03-02T05:00:00+09:00
1.815,50.51,0.92, 2026-03-02T05:00:00+09:00, 2026-03-02T05:30:00+09:00
1.683,46.83,0.92, 2026-03-02T05:30:00+09:00, 2026-03-02T06:00:00+09:00
0.295,8.21,0.92, 2026-03-02T06:00:00+09:00, 2026-03-02T06:30:00+09:00
0.034,0.95,0.92, 2026-03-02T06:30:00+09:00, 2026-03-02T07:00:00+09:00
0.043,1.2,0.92, 2026-03-02T07:00:00+09:00, 2026-03-02T07:30:00+09:00
0.026,0.72,0.92, 2026-03-02T07:30:00+09:00, 2026-03-02T08:00:00+09:00
0.05,1.39,0.92, 2026-03-02T08:00:00+09:00, 2026-03-02T08:30:00+09:00
0.032,0.89,0.92, 2026-03-02T08:30:00+09:00, 2026-03-02T09:00:00+09:00
0.048,1.34,0.92, 2026-03-02T09:00:00+09:00, 2026-03-02T09:30:00+09:00
0.029,0.81,0.92, 2026-03-02T09:30:00+09:00, 2026-03-02T10:00:00+09:00
0.025,0.7,0.92, 2026-03-02T10:00:00+09:00, 2026-03-02T10:30:00+09:00
0.035,0.97,0.92, 2026-03-02T10:30:00+09:00, 2026-03-02T11:00:00+09:00
0.018,0.5,0.92, 2026-03-02T11:00:00+09:00, 2026-03-02T11:30:00+09:00
0.035,0.97,0.92, 2026-03-02T11:30:00+09:00, 2026-03-02T12:00:00+09:00
0.017,0.47,0.92, 2026-03-02T12:00:00+09:00, 2026-03-02T12:30:00+09:00
0.036,1,0.92, 2026-03-02T12:30:00+09:00, 2026-03-02T13:00:00+09:00
0.017,0.47,0.92, 2026-03-02T13:00:00+09:00, 2026-03-02T13:30:00+09:00
0.036,1,0.92, 2026-03-02T13:30:00+09:00, 2026-03-02T14:00:00+09:00
0.021,0.58,0.92, 2026-03-02T14:00:00+09:00, 2026-03-02T14:30:00+09:00
0.032,0.89,0.92, 2026-03-02T14:30:00+09:00, 2026-03-02T15:00:00+09:00
0.755,21.01,0.92, 2026-03-02T15:00:00+09:00, 2026-03-02T15:30:00+09:00
0.027,0.75,0.92, 2026-03-02T15:30:00+09:00, 2026-03-02T16:00:00+09:00
0.029,0.81,0.92, 2026-03-02T16:00:00+09:00, 2026-03-02T16:30:00+09:00
0.065,1.81,0.92, 2026-03-02T16:30:00+09:00, 2026-03-02T17:00:00+09:00
0.067,1.86,0.92, 2026-03-02T17:00:00+09:00, 2026-03-02T17:30:00+09:00
0.053,1.47,0.92, 2026-03-02T17:30:00+09:00, 2026-03-02T18:00:00+09:00
0.048,1.34,0.92, 2026-03-02T18:00:00+09:00, 2026-03-02T18:30:00+09:00
0.025,0.7,0.92, 2026-03-02T18:30:00+09:00, 2026-03-02T19:00:00+09:00
0.044,1.22,0.92, 2026-03-02T19:00:00+09:00, 2026-03-02T19:30:00+09:00
0.033,0.92,0.92, 2026-03-02T19:30:00+09:00, 2026-03-02T20:00:00+09:00
0.206,5.73,0.92, 2026-03-02T20:00:00+09:00, 2026-03-02T20:30:00+09:00
0.293,8.15,0.92, 2026-03-02T20:30:00+09:00, 2026-03-02T21:00:00+09:00
0.179,4.98,0.92, 2026-03-02T21:00:00+09:00, 2026-03-02T21:30:00+09:00
0.042,1.17,0.92, 2026-03-02T21:30:00+09:00, 2026-03-02T22:00:00+09:00
0.047,1.31,0.92, 2026-03-02T22:00:00+09:00, 2026-03-02T22:30:00+09:00
0.035,0.97,0.92, 2026-03-02T22:30:00+09:00, 2026-03-02T23:00:00+09:00
0.039,1.09,0.92, 2026-03-02T23:00:00+09:00, 2026-03-02T23:30:00+09:00
0.068,1.89,0.92, 2026-03-02T23:30:00+09:00, 2026-03-03T00:00:00+09:00
0.06,1.67,0.92, 2026-03-03T00:00:00+09:00, 2026-03-03T00:30:00+09:00
0.057,1.59,0.92, 2026-03-03T00:30:00+09:00, 2026-03-03T01:00:00+09:00
0.035,0.97,0.92, 2026-03-03T01:00:00+09:00, 2026-03-03T01:30:00+09:00
0.044,1.22,0.92, 2026-03-03T01:30:00+09:00, 2026-03-03T02:00:00+09:00
0.04,1.11,0.92, 2026-03-03T02:00:00+09:00, 2026-03-03T02:30:00+09:00
0.05,1.39,0.92, 2026-03-03T02:30:00+09:00, 2026-03-03T03:00:00+09:00
0.028,0.78,0.92, 2026-03-03T03:00:00+09:00, 2026-03-03T03:30:00+09:00
0.045,1.25,0.92, 2026-03-03T03:30:00+09:00, 2026-03-03T04:00:00+09:00
0.026,0.72,0.92, 2026-03-03T04:00:00+09:00, 2026-03-03T04:30:00+09:00
0.044,1.22,0.92, 2026-03-03T04:30:00+09:00, 2026-03-03T05:00:00+09:00
1.482,41.24,0.92, 2026-03-03T05:00:00+09:00, 2026-03-03T05:30:00+09:00
1.519,42.27,0.92, 2026-03-03T05:30:00+09:00, 2026-03-03T06:00:00+09:00
0.891,24.79,0.92, 2026-03-03T06:00:00+09:00, 2026-03-03T06:30:00+09:00
0.045,1.25,0.92, 2026-03-03T06:30:00+09:00, 2026-03-03T07:00:00+09:00
0.025,0.7,0.92, 2026-03-03T07:00:00+09:00, 2026-03-03T07:30:00+09:00
0.045,1.25,0.92, 2026-03-03T07:30:00+09:00, 2026-03-03T08:00:00+09:00
0.025,0.7,0.92, 2026-03-03T08:00:00+09:00, 2026-03-03T08:30:00+09:00
0.044,1.22,0.92, 2026-03-03T08:30:00+09:00, 2026-03-03T09:00:00+09:00
0.016,0.45,0.92, 2026-03-03T09:00:00+09:00, 2026-03-03T09:30:00+09:00
0.12,3.34,0.92, 2026-03-03T09:30:00+09:00, 2026-03-03T10:00:00+09:00
0.106,2.95,0.92, 2026-03-03T10:00:00+09:00, 2026-03-03T10:30:00+09:00
0.291,8.1,0.92, 2026-03-03T10:30:00+09:00, 2026-03-03T11:00:00+09:00
0.246,6.85,0.92, 2026-03-03T11:00:00+09:00, 2026-03-03T11:30:00+09:00
0.017,0.47,0.92, 2026-03-03T11:30:00+09:00, 2026-03-03T12:00:00+09:00
0.035,0.97,0.92, 2026-03-03T12:00:00+09:00, 2026-03-03T12:30:00+09:00
0.017,0.47,0.92, 2026-03-03T12:30:00+09:00, 2026-03-03T13:00:00+09:00
0.036,1,0.92, 2026-03-03T13:00:00+09:00, 2026-03-03T13:30:00+09:00
0.017,0.47,0.92, 2026-03-03T13:30:00+09:00, 2026-03-03T14:00:00+09:00
0.036,1,0.92, 2026-03-03T14:00:00+09:00, 2026-03-03T14:30:00+09:00
0.021,0.58,0.92, 2026-03-03T14:30:00+09:00, 2026-03-03T15:00:00+09:00
0.031,0.86,0.92, 2026-03-03T15:00:00+09:00, 2026-03-03T15:30:00+09:00
0.027,0.75,0.92, 2026-03-03T15:30:00+09:00, 2026-03-03T16:00:00+09:00
0.026,0.72,0.92, 2026-03-03T16:00:00+09:00, 2026-03-03T16:30:00+09:00
0.548,15.25,0.92, 2026-03-03T16:30:00+09:00, 2026-03-03T17:00:00+09:00
0.743,20.68,0.92, 2026-03-03T17:00:00+09:00, 2026-03-03T17:30:00+09:00
0.049,1.36,0.92, 2026-03-03T17:30:00+09:00, 2026-03-03T18:00:00+09:00
0.05,1.39,0.92, 2026-03-03T18:00:00+09:00, 2026-03-03T18:30:00+09:00
0.085,2.37,0.92, 2026-03-03T18:30:00+09:00, 2026-03-03T19:00:00+09:00
0.039,1.09,0.92, 2026-03-03T19:00:00+09:00, 2026-03-03T19:30:00+09:00
0.045,1.25,0.92, 2026-03-03T19:30:00+09:00, 2026-03-03T20:00:00+09:00
0.027,0.75,0.92, 2026-03-03T20:00:00+09:00, 2026-03-03T20:30:00+09:00
0.042,1.17,0.92, 2026-03-03T20:30:00+09:00, 2026-03-03T21:00:00+09:00
0.032,0.89,0.92, 2026-03-03T21:00:00+09:00, 2026-03-03T21:30:00+09:00
0.037,1.03,0.92, 2026-03-03T21:30:00+09:00, 2026-03-03T22:00:00+09:00
0.036,1,0.92, 2026-03-03T22:00:00+09:00, 2026-03-03T22:30:00+09:00
0.033,0.92,0.92, 2026-03-03T22:30:00+09:00, 2026-03-03T23:00:00+09:00
0.04,1.11,0.92, 2026-03-03T23:00:00+09:00, 2026-03-03T23:30:00+09:00
0.029,0.81,0.92, 2026-03-03T23:30:00+09:00, 2026-03-04T00:00:00+09:00
0.043,1.2,0.92, 2026-03-04T00:00:00+09:00, 2026-03-04T00:30:00+09:00
0.026,0.72,0.92, 2026-03-04T00:30:00+09:00, 2026-03-04T01:00:00+09:00
0.044,1.22,0.92, 2026-03-04T01:00:00+09:00, 2026-03-04T01:30:00+09:00
0.025,0.7,0.92, 2026-03-04T01:30:00+09:00, 2026-03-04T02:00:00+09:00
0.044,1.22,0.92, 2026-03-04T02:00:00+09:00, 2026-03-04T02:30:00+09:00
0.026,0.72,0.92, 2026-03-04T02:30:00+09:00, 2026-03-04T03:00:00+09:00
0.044,1.22,0.92, 2026-03-04T03:00:00+09:00, 2026-03-04T03:30:00+09:00
0.025,0.7,0.92, 2026-03-04T03:30:00+09:00, 2026-03-04T04:00:00+09:00
0.044,1.22,0.92, 2026-03-04T04:00:00+09:00, 2026-03-04T04:30:00+09:00
0.025,0.7,0.92, 2026-03-04T04:30:00+09:00, 2026-03-04T05:00:00+09:00
1.496,41.63,0.92, 2026-03-04T05:00:00+09:00, 2026-03-04T05:30:00+09:00
1.445,40.21,0.92, 2026-03-04T05:30:00+09:00, 2026-03-04T06:00:00+09:00
0.041,1.14,0.92, 2026-03-04T06:00:00+09:00, 2026-03-04T06:30:00+09:00
0.046,1.28,0.92, 2026-03-04T06:30:00+09:00, 2026-03-04T07:00:00+09:00
0.037,1.03,0.92, 2026-03-04T07:00:00+09:00, 2026-03-04T07:30:00+09:00
0.036,1,0.92, 2026-03-04T07:30:00+09:00, 2026-03-04T08:00:00+09:00
0.04,1.11,0.92, 2026-03-04T08:00:00+09:00, 2026-03-04T08:30:00+09:00
0.063,1.75,0.92, 2026-03-04T08:30:00+09:00, 2026-03-04T09:00:00+09:00
0.033,0.92,0.92, 2026-03-04T09:00:00+09:00, 2026-03-04T09:30:00+09:00
0.037,1.03,0.92, 2026-03-04T09:30:00+09:00, 2026-03-04T10:00:00+09:00
0.016,0.45,0.92, 2026-03-04T10:00:00+09:00, 2026-03-04T10:30:00+09:00
0.035,0.97,0.92, 2026-03-04T10:30:00+09:00, 2026-03-04T11:00:00+09:00
0.016,0.45,0.92, 2026-03-04T11:00:00+09:00, 2026-03-04T11:30:00+09:00
0.035,0.97,0.92, 2026-03-04T11:30:00+09:00, 2026-03-04T12:00:00+09:00
0.017,0.47,0.92, 2026-03-04T12:00:00+09:00, 2026-03-04T12:30:00+09:00
0.034,0.95,0.92, 2026-03-04T12:30:00+09:00, 2026-03-04T13:00:00+09:00
0.018,0.5,0.92, 2026-03-04T13:00:00+09:00, 2026-03-04T13:30:00+09:00
0.034,0.95,0.92, 2026-03-04T13:30:00+09:00, 2026-03-04T14:00:00+09:00
0.021,0.58,0.92, 2026-03-04T14:00:00+09:00, 2026-03-04T14:30:00+09:00
0.03,0.83,0.92, 2026-03-04T14:30:00+09:00, 2026-03-04T15:00:00+09:00
0.687,19.12,0.92, 2026-03-04T15:00:00+09:00, 2026-03-04T15:30:00+09:00
0.516,14.36,0.92, 2026-03-04T15:30:00+09:00, 2026-03-04T16:00:00+09:00
0.047,1.31,0.92, 2026-03-04T16:00:00+09:00, 2026-03-04T16:30:00+09:00
0.048,1.34,0.92, 2026-03-04T16:30:00+09:00, 2026-03-04T17:00:00+09:00
0.054,1.5,0.92, 2026-03-04T17:00:00+09:00, 2026-03-04T17:30:00+09:00
0.042,1.17,0.92, 2026-03-04T17:30:00+09:00, 2026-03-04T18:00:00+09:00
0.056,1.56,0.92, 2026-03-04T18:00:00+09:00, 2026-03-04T18:30:00+09:00
0.027,0.75,0.92, 2026-03-04T18:30:00+09:00, 2026-03-04T19:00:00+09:00
0.046,1.28,0.92, 2026-03-04T19:00:00+09:00, 2026-03-04T19:30:00+09:00
0.029,0.81,0.92, 2026-03-04T19:30:00+09:00, 2026-03-04T20:00:00+09:00
0.042,1.17,0.92, 2026-03-04T20:00:00+09:00, 2026-03-04T20:30:00+09:00
0.032,0.89,0.92, 2026-03-04T20:30:00+09:00, 2026-03-04T21:00:00+09:00
0.035,0.97,0.92, 2026-03-04T21:00:00+09:00, 2026-03-04T21:30:00+09:00
0.039,1.09,0.92, 2026-03-04T21:30:00+09:00, 2026-03-04T22:00:00+09:00
0.028,0.78,0.92, 2026-03-04T22:00:00+09:00, 2026-03-04T22:30:00+09:00
0.043,1.2,0.92, 2026-03-04T22:30:00+09:00, 2026-03-04T23:00:00+09:00
0.025,0.7,0.92, 2026-03-04T23:00:00+09:00, 2026-03-04T23:30:00+09:00
0.042,1.17,0.92, 2026-03-04T23:30:00+09:00, 2026-03-05T00:00:00+09:00
0.025,0.7,0.92, 2026-03-05T00:00:00+09:00, 2026-03-05T00:30:00+09:00
0.043,1.2,0.92, 2026-03-05T00:30:00+09:00, 2026-03-05T01:00:00+09:00
0.026,0.72,0.92, 2026-03-05T01:00:00+09:00, 2026-03-05T01:30:00+09:00
0.041,1.14,0.92, 2026-03-05T01:30:00+09:00, 2026-03-05T02:00:00+09:00
0.031,0.86,0.92, 2026-03-05T02:00:00+09:00, 2026-03-05T02:30:00+09:00
0.037,1.03,0.92, 2026-03-05T02:30:00+09:00, 2026-03-05T03:00:00+09:00
0.035,0.97,0.92, 2026-03-05T03:00:00+09:00, 2026-03-05T03:30:00+09:00
0.032,0.89,0.92, 2026-03-05T03:30:00+09:00, 2026-03-05T04:00:00+09:00
0.04,1.11,0.92, 2026-03-05T04:00:00+09:00, 2026-03-05T04:30:00+09:00
0.027,0.75,0.92, 2026-03-05T04:30:00+09:00, 2026-03-05T05:00:00+09:00
1.513,42.1,0.92, 2026-03-05T05:00:00+09:00, 2026-03-05T05:30:00+09:00
1.53,42.58,0.92, 2026-03-05T05:30:00+09:00, 2026-03-05T06:00:00+09:00
0.737,20.51,0.92, 2026-03-05T06:00:00+09:00, 2026-03-05T06:30:00+09:00
0.025,0.7,0.92, 2026-03-05T06:30:00+09:00, 2026-03-05T07:00:00+09:00
0.144,4.01,0.92, 2026-03-05T07:00:00+09:00, 2026-03-05T07:30:00+09:00
0.051,1.42,0.92, 2026-03-05T07:30:00+09:00, 2026-03-05T08:00:00+09:00
0.062,1.73,0.92, 2026-03-05T08:00:00+09:00, 2026-03-05T08:30:00+09:00
0.073,2.03,0.92, 2026-03-05T08:30:00+09:00, 2026-03-05T09:00:00+09:00
0.041,1.14,0.92, 2026-03-05T09:00:00+09:00, 2026-03-05T09:30:00+09:00
0.063,1.75,0.92, 2026-03-05T09:30:00+09:00, 2026-03-05T10:00:00+09:00
0.027,0.75,0.92, 2026-03-05T10:00:00+09:00, 2026-03-05T10:30:00+09:00
0.044,1.22,0.92, 2026-03-05T10:30:00+09:00, 2026-03-05T11:00:00+09:00
0.022,0.61,0.92, 2026-03-05T11:00:00+09:00, 2026-03-05T11:30:00+09:00
0.042,1.17,0.92, 2026-03-05T11:30:00+09:00, 2026-03-05T12:00:00+09:00
0.026,0.72,0.92, 2026-03-05T12:00:00+09:00, 2026-03-05T12:30:00+09:00
0.038,1.06,0.92, 2026-03-05T12:30:00+09:00, 2026-03-05T13:00:00+09:00
0.029,0.81,0.92, 2026-03-05T13:00:00+09:00, 2026-03-05T13:30:00+09:00
0.034,0.95,0.92, 2026-03-05T13:30:00+09:00, 2026-03-05T14:00:00+09:00
0.033,0.92,0.92, 2026-03-05T14:00:00+09:00, 2026-03-05T14:30:00+09:00
0.03,0.83,0.92, 2026-03-05T14:30:00+09:00, 2026-03-05T15:00:00+09:00
0.037,1.03,0.92, 2026-03-05T15:00:00+09:00, 2026-03-05T15:30:00+09:00
0.027,0.75,0.92, 2026-03-05T15:30:00+09:00, 2026-03-05T16:00:00+09:00
0.04,1.11,0.92, 2026-03-05T16:00:00+09:00, 2026-03-05T16:30:00+09:00
0.027,0.75,0.92, 2026-03-05T16:30:00+09:00, 2026-03-05T17:00:00+09:00
0.053,1.47,0.92, 2026-03-05T17:00:00+09:00, 2026-03-05T17:30:00+09:00
0.031,0.86,0.92, 2026-03-05T17:30:00+09:00, 2026-03-05T18:00:00+09:00
0.066,1.84,0.92, 2026-03-05T18:00:00+09:00, 2026-03-05T18:30:00+09:00
0.044,1.22,0.92, 2026-03-05T18:30:00+09:00, 2026-03-05T19:00:00+09:00
0.055,1.53,0.92, 2026-03-05T19:00:00+09:00, 2026-03-05T19:30:00+09:00
0.029,0.81,0.92, 2026-03-05T19:30:00+09:00, 2026-03-05T20:00:00+09:00
0.068,1.89,0.92, 2026-03-05T20:00:00+09:00, 2026-03-05T20:30:00+09:00
0.045,1.25,0.92, 2026-03-05T20:30:00+09:00, 2026-03-05T21:00:00+09:00
0.036,1,0.92, 2026-03-05T21:00:00+09:00, 2026-03-05T21:30:00+09:00
0.038,1.06,0.92, 2026-03-05T21:30:00+09:00, 2026-03-05T22:00:00+09:00
0.031,0.86,0.92, 2026-03-05T22:00:00+09:00, 2026-03-05T22:30:00+09:00
0.047,1.31,0.92, 2026-03-05T22:30:00+09:00, 2026-03-05T23:00:00+09:00
0.035,0.97,0.92, 2026-03-05T23:00:00+09:00, 2026-03-05T23:30:00+09:00
0.06,1.67,0.92, 2026-03-05T23:30:00+09:00, 2026-03-06T00:00:00+09:00
0.037,1.03,0.92, 2026-03-06T00:00:00+09:00, 2026-03-06T00:30:00+09:00
0.313,8.71,0.92, 2026-03-06T00:30:00+09:00, 2026-03-06T01:00:00+09:00
0.556,15.47,0.92, 2026-03-06T01:00:00+09:00, 2026-03-06T01:30:00+09:00
0.201,5.59,0.92, 2026-03-06T01:30:00+09:00, 2026-03-06T02:00:00+09:00
0.03,0.83,0.92, 2026-03-06T02:00:00+09:00, 2026-03-06T02:30:00+09:00
0.063,1.75,0.92, 2026-03-06T02:30:00+09:00, 2026-03-06T03:00:00+09:00
0.047,1.31,0.92, 2026-03-06T03:00:00+09:00, 2026-03-06T03:30:00+09:00
0.048,1.34,0.92, 2026-03-06T03:30:00+09:00, 2026-03-06T04:00:00+09:00
0.032,0.89,0.92, 2026-03-06T04:00:00+09:00, 2026-03-06T04:30:00+09:00
0.04,1.11,0.92, 2026-03-06T04:30:00+09:00, 2026-03-06T05:00:00+09:00
1.508,41.96,0.92, 2026-03-06T05:00:00+09:00, 2026-03-06T05:30:00+09:00
1.491,41.49,0.92, 2026-03-06T05:30:00+09:00, 2026-03-06T06:00:00+09:00
0.935,26.02,0.92, 2026-03-06T06:00:00+09:00, 2026-03-06T06:30:00+09:00
0.059,1.64,0.92, 2026-03-06T06:30:00+09:00, 2026-03-06T07:00:00+09:00
0.069,1.92,0.92, 2026-03-06T07:00:00+09:00, 2026-03-06T07:30:00+09:00
0.058,1.61,0.92, 2026-03-06T07:30:00+09:00, 2026-03-06T08:00:00+09:00
0.068,1.89,0.92, 2026-03-06T08:00:00+09:00, 2026-03-06T08:30:00+09:00
0.061,1.7,0.92, 2026-03-06T08:30:00+09:00, 2026-03-06T09:00:00+09:00
0.052,1.45,0.92, 2026-03-06T09:00:00+09:00, 2026-03-06T09:30:00+09:00
0.16,4.45,0.92, 2026-03-06T09:30:00+09:00, 2026-03-06T10:00:00+09:00
0.298,8.29,0.92, 2026-03-06T10:00:00+09:00, 2026-03-06T10:30:00+09:00
0.151,4.2,0.92, 2026-03-06T10:30:00+09:00, 2026-03-06T11:00:00+09:00
0.045,1.25,0.92, 2026-03-06T11:00:00+09:00, 2026-03-06T11:30:00+09:00
0.02,0.56,0.92, 2026-03-06T11:30:00+09:00, 2026-03-06T12:00:00+09:00
0.04,1.11,0.92, 2026-03-06T12:00:00+09:00, 2026-03-06T12:30:00+09:00
0.02,0.56,0.92, 2026-03-06T12:30:00+09:00, 2026-03-06T13:00:00+09:00
0.04,1.11,0.92, 2026-03-06T13:00:00+09:00, 2026-03-06T13:30:00+09:00
0.019,0.53,0.92, 2026-03-06T13:30:00+09:00, 2026-03-06T14:00:00+09:00
0.04,1.11,0.92, 2026-03-06T14:00:00+09:00, 2026-03-06T14:30:00+09:00
0.018,0.5,0.92, 2026-03-06T14:30:00+09:00, 2026-03-06T15:00:00+09:00
0.04,1.11,0.92, 2026-03-06T15:00:00+09:00, 2026-03-06T15:30:00+09:00
0.019,0.53,0.92, 2026-03-06T15:30:00+09:00, 2026-03-06T16:00:00+09:00
0.894,24.88,0.92, 2026-03-06T16:00:00+09:00, 2026-03-06T16:30:00+09:00
0.451,12.55,0.92, 2026-03-06T16:30:00+09:00, 2026-03-06T17:00:00+09:00
0.062,1.73,0.92, 2026-03-06T17:00:00+09:00, 2026-03-06T17:30:00+09:00
0.059,1.64,0.92, 2026-03-06T17:30:00+09:00, 2026-03-06T18:00:00+09:00
0.056,1.56,0.92, 2026-03-06T18:00:00+09:00, 2026-03-06T18:30:00+09:00
0.041,1.14,0.92, 2026-03-06T18:30:00+09:00, 2026-03-06T19:00:00+09:00
0.064,1.78,0.92, 2026-03-06T19:00:00+09:00, 2026-03-06T19:30:00+09:00
0.03,0.83,0.92, 2026-03-06T19:30:00+09:00, 2026-03-06T20:00:00+09:00
0.041,1.14,0.92, 2026-03-06T20:00:00+09:00, 2026-03-06T20:30:00+09:00
0.03,0.83,0.92, 2026-03-06T20:30:00+09:00, 2026-03-06T21:00:00+09:00
0.038,1.06,0.92, 2026-03-06T21:00:00+09:00, 2026-03-06T21:30:00+09:00
0.034,0.95,0.92, 2026-03-06T21:30:00+09:00, 2026-03-06T22:00:00+09:00
0.033,0.92,0.92, 2026-03-06T22:00:00+09:00, 2026-03-06T22:30:00+09:00
0.038,1.06,0.92, 2026-03-06T22:30:00+09:00, 2026-03-06T23:00:00+09:00
0.03,0.83,0.92, 2026-03-06T23:00:00+09:00, 2026-03-06T23:30:00+09:00
0.041,1.14,0.92, 2026-03-06T23:30:00+09:00, 2026-03-07T00:00:00+09:00
0.027,0.75,0.92, 2026-03-07T00:00:00+09:00, 2026-03-07T00:30:00+09:00
0.043,1.2,0.92, 2026-03-07T00:30:00+09:00, 2026-03-07T01:00:00+09:00
0.024,0.67,0.92, 2026-03-07T01:00:00+09:00, 2026-03-07T01:30:00+09:00
0.043,1.2,0.92, 2026-03-07T01:30:00+09:00, 2026-03-07T02:00:00+09:00
0.024,0.67,0.92, 2026-03-07T02:00:00+09:00, 2026-03-07T02:30:00+09:00
0.043,1.2,0.92, 2026-03-07T02:30:00+09:00, 2026-03-07T03:00:00+09:00
0.024,0.67,0.92, 2026-03-07T03:00:00+09:00, 2026-03-07T03:30:00+09:00
0.043,1.2,0.92, 2026-03-07T03:30:00+09:00, 2026-03-07T04:00:00+09:00
0.024,0.67,0.92, 2026-03-07T04:00:00+09:00, 2026-03-07T04:30:00+09:00
0.048,1.34,0.92, 2026-03-07T04:30:00+09:00, 2026-03-07T05:00:00+09:00
1.478,41.13,0.92, 2026-03-07T05:00:00+09:00, 2026-03-07T05:30:00+09:00
1.498,41.68,0.92, 2026-03-07T05:30:00+09:00, 2026-03-07T06:00:00+09:00
0.145,4.03,0.92, 2026-03-07T06:00:00+09:00, 2026-03-07T06:30:00+09:00
0.044,1.22,0.92, 2026-03-07T06:30:00+09:00, 2026-03-07T07:00:00+09:00
0.033,0.92,0.92, 2026-03-07T07:00:00+09:00, 2026-03-07T07:30:00+09:00
0.057,1.59,0.92, 2026-03-07T07:30:00+09:00, 2026-03-07T08:00:00+09:00
0.056,1.56,0.92, 2026-03-07T08:00:00+09:00, 2026-03-07T08:30:00+09:00
0.051,1.42,0.92, 2026-03-07T08:30:00+09:00, 2026-03-07T09:00:00+09:00
0.112,3.12,0.92, 2026-03-07T09:00:00+09:00, 2026-03-07T09:30:00+09:00
0.274,7.62,0.92, 2026-03-07T09:30:00+09:00, 2026-03-07T10:00:00+09:00
0.289,8.04,0.92, 2026-03-07T10:00:00+09:00, 2026-03-07T10:30:00+09:00
0.277,7.71,0.92, 2026-03-07T10:30:00+09:00, 2026-03-07T11:00:00+09:00
0.254,7.07,0.92, 2026-03-07T11:00:00+09:00, 2026-03-07T11:30:00+09:00
0.017,0.47,0.92, 2026-03-07T11:30:00+09:00, 2026-03-07T12:00:00+09:00
0.035,0.97,0.92, 2026-03-07T12:00:00+09:00, 2026-03-07T12:30:00+09:00
0.016,0.45,0.92, 2026-03-07T12:30:00+09:00, 2026-03-07T13:00:00+09:00
0.036,1,0.92, 2026-03-07T13:00:00+09:00, 2026-03-07T13:30:00+09:00
0.016,0.45,0.92, 2026-03-07T13:30:00+09:00, 2026-03-07T14:00:00+09:00
0.036,1,0.92, 2026-03-07T14:00:00+09:00, 2026-03-07T14:30:00+09:00
0.016,0.45,0.92, 2026-03-07T14:30:00+09:00, 2026-03-07T15:00:00+09:00
0.035,0.97,0.92, 2026-03-07T15:00:00+09:00, 2026-03-07T15:30:00+09:00
0.018,0.5,0.92, 2026-03-07T15:30:00+09:00, 2026-03-07T16:00:00+09:00
0.033,0.92,0.92, 2026-03-07T16:00:00+09:00, 2026-03-07T16:30:00+09:00
0.023,0.64,0.92, 2026-03-07T16:30:00+09:00, 2026-03-07T17:00:00+09:00
0.038,1.06,0.92, 2026-03-07T17:00:00+09:00, 2026-03-07T17:30:00+09:00
0.035,0.97,0.92, 2026-03-07T17:30:00+09:00, 2026-03-07T18:00:00+09:00
0.034,0.95,0.92, 2026-03-07T18:00:00+09:00, 2026-03-07T18:30:00+09:00
0.038,1.06,0.92, 2026-03-07T18:30:00+09:00, 2026-03-07T19:00:00+09:00
0.033,0.92,0.92, 2026-03-07T19:00:00+09:00, 2026-03-07T19:30:00+09:00
1.45,40.35,0.92, 2026-03-07T19:30:00+09:00, 2026-03-07T20:00:00+09:00
0.094,2.62,0.92, 2026-03-07T20:00:00+09:00, 2026-03-07T20:30:00+09:00
0.078,2.17,0.92, 2026-03-07T20:30:00+09:00, 2026-03-07T21:00:00+09:00
0.048,1.34,0.92, 2026-03-07T21:00:00+09:00, 2026-03-07T21:30:00+09:00
0.14,3.9,0.92, 2026-03-07T21:30:00+09:00, 2026-03-07T22:00:00+09:00
0.039,1.09,0.92, 2026-03-07T22:00:00+09:00, 2026-03-07T22:30:00+09:00
0.052,1.45,0.92, 2026-03-07T22:30:00+09:00, 2026-03-07T23:00:00+09:00
0.226,6.29,0.92, 2026-03-07T23:00:00+09:00, 2026-03-07T23:30:00+09:00
0.319,8.88,0.92, 2026-03-07T23:30:00+09:00, 2026-03-08T00:00:00+09:00
0.174,4.84,0.92, 2026-03-08T00:00:00+09:00, 2026-03-08T00:30:00+09:00
0.052,1.45,0.92, 2026-03-08T00:30:00+09:00, 2026-03-08T01:00:00+09:00
0.03,0.83,0.92, 2026-03-08T01:00:00+09:00, 2026-03-08T01:30:00+09:00
0.044,1.22,0.92, 2026-03-08T01:30:00+09:00, 2026-03-08T02:00:00+09:00
0.045,1.25,0.92, 2026-03-08T02:00:00+09:00, 2026-03-08T02:30:00+09:00
0.025,0.7,0.92, 2026-03-08T02:30:00+09:00, 2026-03-08T03:00:00+09:00
0.043,1.2,0.92, 2026-03-08T03:00:00+09:00, 2026-03-08T03:30:00+09:00
0.026,0.72,0.92, 2026-03-08T03:30:00+09:00, 2026-03-08T04:00:00+09:00
0.041,1.14,0.92, 2026-03-08T04:00:00+09:00, 2026-03-08T04:30:00+09:00
0.036,1,0.92, 2026-03-08T04:30:00+09:00, 2026-03-08T05:00:00+09:00
1.53,42.58,0.92, 2026-03-08T05:00:00+09:00, 2026-03-08T05:30:00+09:00
1.842,51.26,0.92, 2026-03-08T05:30:00+09:00, 2026-03-08T06:00:00+09:00
1.437,39.99,0.92, 2026-03-08T06:00:00+09:00, 2026-03-08T06:30:00+09:00
0.058,1.61,0.92, 2026-03-08T06:30:00+09:00, 2026-03-08T07:00:00+09:00
0.051,1.42,0.92, 2026-03-08T07:00:00+09:00, 2026-03-08T07:30:00+09:00
0.055,1.53,0.92, 2026-03-08T07:30:00+09:00, 2026-03-08T08:00:00+09:00
0.06,1.67,0.92, 2026-03-08T08:00:00+09:00, 2026-03-08T08:30:00+09:00
0.041,1.14,0.92, 2026-03-08T08:30:00+09:00, 2026-03-08T09:00:00+09:00
0.177,4.93,0.92, 2026-03-08T09:00:00+09:00, 2026-03-08T09:30:00+09:00
0.284,7.9,0.92, 2026-03-08T09:30:00+09:00, 2026-03-08T10:00:00+09:00
0.173,4.81,0.92, 2026-03-08T10:00:00+09:00, 2026-03-08T10:30:00+09:00
0.032,0.89,0.92, 2026-03-08T10:30:00+09:00, 2026-03-08T11:00:00+09:00
0.02,0.56,0.92, 2026-03-08T11:00:00+09:00, 2026-03-08T11:30:00+09:00
0.035,0.97,0.92, 2026-03-08T11:30:00+09:00, 2026-03-08T12:00:00+09:00
0.017,0.47,0.92, 2026-03-08T12:00:00+09:00, 2026-03-08T12:30:00+09:00
0.035,0.97,0.92, 2026-03-08T12:30:00+09:00, 2026-03-08T13:00:00+09:00
0.017,0.47,0.92, 2026-03-08T13:00:00+09:00, 2026-03-08T13:30:00+09:00
0.035,0.97,0.92, 2026-03-08T13:30:00+09:00, 2026-03-08T14:00:00+09:00
0.023,0.64,0.92, 2026-03-08T14:00:00+09:00, 2026-03-08T14:30:00+09:00
0.029,0.81,0.92, 2026-03-08T14:30:00+09:00, 2026-03-08T15:00:00+09:00
0.027,0.75,0.92, 2026-03-08T15:00:00+09:00, 2026-03-08T15:30:00+09:00
0.024,0.67,0.92, 2026-03-08T15:30:00+09:00, 2026-03-08T16:00:00+09:00
1.041,28.97,0.92, 2026-03-08T16:00:00+09:00, 2026-03-08T16:30:00+09:00
0.053,1.47,0.92, 2026-03-08T16:30:00+09:00, 2026-03-08T17:00:00+09:00
0.057,1.59,0.92, 2026-03-08T17:00:00+09:00, 2026-03-08T17:30:00+09:00
0.123,3.42,0.92, 2026-03-08T17:30:00+09:00, 2026-03-08T18:00:00+09:00
1.07,29.77,0.92, 2026-03-08T18:00:00+09:00, 2026-03-08T18:30:00+09:00
0.043,1.2,0.92, 2026-03-08T18:30:00+09:00, 2026-03-08T19:00:00+09:00
0.042,1.17,0.92, 2026-03-08T19:00:00+09:00, 2026-03-08T19:30:00+09:00
0.032,0.89,0.92, 2026-03-08T19:30:00+09:00, 2026-03-08T20:00:00+09:00
0.25,6.96,0.92, 2026-03-08T20:00:00+09:00, 2026-03-08T20:30:00+09:00
0.308,8.57,0.92, 2026-03-08T20:30:00+09:00, 2026-03-08T21:00:00+09:00
0.268,7.46,0.92, 2026-03-08T21:00:00+09:00, 2026-03-08T21:30:00+09:00
0.093,2.59,0.92, 2026-03-08T21:30:00+09:00, 2026-03-08T22:00:00+09:00
0.29,8.07,0.92, 2026-03-08T22:00:00+09:00, 2026-03-08T22:30:00+09:00
0.308,8.57,0.92, 2026-03-08T22:30:00+09:00, 2026-03-08T23:00:00+09:00
0.296,8.24,0.92, 2026-03-08T23:00:00+09:00, 2026-03-08T23:30:00+09:00
0.044,1.22,0.92, 2026-03-08T23:30:00+09:00, 2026-03-09T00:00:00+09:00
0.036,1,0.92, 2026-03-09T00:00:00+09:00, 2026-03-09T00:30:00+09:00
0.033,0.92,0.92, 2026-03-09T00:30:00+09:00, 2026-03-09T01:00:00+09:00
0.238,6.62,0.92, 2026-03-09T01:00:00+09:00, 2026-03-09T01:30:00+09:00
0.045,1.25,0.92, 2026-03-09T01:30:00+09:00, 2026-03-09T02:00:00+09:00
0.059,1.64,0.92, 2026-03-09T02:00:00+09:00, 2026-03-09T02:30:00+09:00
0.025,0.7,0.92, 2026-03-09T02:30:00+09:00, 2026-03-09T03:00:00+09:00
0.044,1.22,0.92, 2026-03-09T03:00:00+09:00, 2026-03-09T03:30:00+09:00
0.025,0.7,0.92, 2026-03-09T03:30:00+09:00, 2026-03-09T04:00:00+09:00
0.044,1.22,0.92, 2026-03-09T04:00:00+09:00, 2026-03-09T04:30:00+09:00
0.028,0.78,0.92, 2026-03-09T04:30:00+09:00, 2026-03-09T05:00:00+09:00
1.506,41.91,0.92, 2026-03-09T05:00:00+09:00, 2026-03-09T05:30:00+09:00
1.456,40.52,0.92, 2026-03-09T05:30:00+09:00, 2026-03-09T06:00:00+09:00
0.038,1.06,0.92, 2026-03-09T06:00:00+09:00, 2026-03-09T06:30:00+09:00
0.034,0.95,0.92, 2026-03-09T06:30:00+09:00, 2026-03-09T07:00:00+09:00
0.044,1.22,0.92, 2026-03-09T07:00:00+09:00, 2026-03-09T07:30:00+09:00
0.056,1.56,0.92, 2026-03-09T07:30:00+09:00, 2026-03-09T08:00:00+09:00
0.05,1.39,0.92, 2026-03-09T08:00:00+09:00, 2026-03-09T08:30:00+09:00
0.058,1.61,0.92, 2026-03-09T08:30:00+09:00, 2026-03-09T09:00:00+09:00
0.046,1.28,0.92, 2026-03-09T09:00:00+09:00, 2026-03-09T09:30:00+09:00
0.147,4.09,0.92, 2026-03-09T09:30:00+09:00, 2026-03-09T10:00:00+09:00
0.285,7.93,0.92, 2026-03-09T10:00:00+09:00, 2026-03-09T10:30:00+09:00
0.293,8.15,0.92, 2026-03-09T10:30:00+09:00, 2026-03-09T11:00:00+09:00
0.274,7.62,0.92, 2026-03-09T11:00:00+09:00, 2026-03-09T11:30:00+09:00
0.226,6.29,0.92, 2026-03-09T11:30:00+09:00, 2026-03-09T12:00:00+09:00
0.017,0.47,0.92, 2026-03-09T12:00:00+09:00, 2026-03-09T12:30:00+09:00
0.036,1,0.92, 2026-03-09T12:30:00+09:00, 2026-03-09T13:00:00+09:00
0.018,0.5,0.92, 2026-03-09T13:00:00+09:00, 2026-03-09T13:30:00+09:00
0.035,0.97,0.92, 2026-03-09T13:30:00+09:00, 2026-03-09T14:00:00+09:00
0.019,0.53,0.92, 2026-03-09T14:00:00+09:00, 2026-03-09T14:30:00+09:00
0.034,0.95,0.92, 2026-03-09T14:30:00+09:00, 2026-03-09T15:00:00+09:00
0.02,0.56,0.92, 2026-03-09T15:00:00+09:00, 2026-03-09T15:30:00+09:00
0.032,0.89,0.92, 2026-03-09T15:30:00+09:00, 2026-03-09T16:00:00+09:00
0.027,0.75,0.92, 2026-03-09T16:00:00+09:00, 2026-03-09T16:30:00+09:00
0.028,0.78,0.92, 2026-03-09T16:30:00+09:00, 2026-03-09T17:00:00+09:00
0.044,1.22,0.92, 2026-03-09T17:00:00+09:00, 2026-03-09T17:30:00+09:00
0.045,1.25,0.92, 2026-03-09T17:30:00+09:00, 2026-03-09T18:00:00+09:00
0.047,1.31,0.92, 2026-03-09T18:00:00+09:00, 2026-03-09T18:30:00+09:00
0.038,1.06,0.92, 2026-03-09T18:30:00+09:00, 2026-03-09T19:00:00+09:00
0.04,1.11,0.92, 2026-03-09T19:00:00+09:00, 2026-03-09T19:30:00+09:00
0.051,1.42,0.92, 2026-03-09T19:30:00+09:00, 2026-03-09T20:00:00+09:00
0.141,3.92,0.92, 2026-03-09T20:00:00+09:00, 2026-03-09T20:30:00+09:00
0.171,4.76,0.92, 2026-03-09T20:30:00+09:00, 2026-03-09T21:00:00+09:00
0.312,8.68,0.92, 2026-03-09T21:00:00+09:00, 2026-03-09T21:30:00+09:00
0.179,4.98,0.92, 2026-03-09T21:30:00+09:00, 2026-03-09T22:00:00+09:00
0.047,1.31,0.92, 2026-03-09T22:00:00+09:00, 2026-03-09T22:30:00+09:00
0.028,0.78,0.92, 2026-03-09T22:30:00+09:00, 2026-03-09T23:00:00+09:00
0.041,1.14,0.92, 2026-03-09T23:00:00+09:00, 2026-03-09T23:30:00+09:00
0.03,0.83,0.92, 2026-03-09T23:30:00+09:00, 2026-03-10T00:00:00+09:00
0.038,1.06,0.92, 2026-03-10T00:00:00+09:00, 2026-03-10T00:30:00+09:00
0.032,0.89,0.92, 2026-03-10T00:30:00+09:00, 2026-03-10T01:00:00+09:00
0.036,1,0.92, 2026-03-10T01:00:00+09:00, 2026-03-10T01:30:00+09:00
0.035,0.97,0.92, 2026-03-10T01:30:00+09:00, 2026-03-10T02:00:00+09:00
0.033,0.92,0.92, 2026-03-10T02:00:00+09:00, 2026-03-10T02:30:00+09:00
0.037,1.03,0.92, 2026-03-10T02:30:00+09:00, 2026-03-10T03:00:00+09:00
0.031,0.86,0.92, 2026-03-10T03:00:00+09:00, 2026-03-10T03:30:00+09:00
0.038,1.06,0.92, 2026-03-10T03:30:00+09:00, 2026-03-10T04:00:00+09:00
0.03,0.83,0.92, 2026-03-10T04:00:00+09:00, 2026-03-10T04:30:00+09:00
0.046,1.28,0.92, 2026-03-10T04:30:00+09:00, 2026-03-10T05:00:00+09:00
1.516,42.19,0.92, 2026-03-10T05:00:00+09:00, 2026-03-10T05:30:00+09:00
1.51,42.02,0.92, 2026-03-10T05:30:00+09:00, 2026-03-10T06:00:00+09:00
0.212,5.9,0.92, 2026-03-10T06:00:00+09:00, 2026-03-10T06:30:00+09:00
0.044,1.22,0.92, 2026-03-10T06:30:00+09:00, 2026-03-10T07:00:00+09:00
0.025,0.7,0.92, 2026-03-10T07:00:00+09:00, 2026-03-10T07:30:00+09:00
0.043,1.2,0.92, 2026-03-10T07:30:00+09:00, 2026-03-10T08:00:00+09:00
0.036,1,0.92, 2026-03-10T08:00:00+09:00, 2026-03-10T08:30:00+09:00
0.061,1.7,0.92, 2026-03-10T08:30:00+09:00, 2026-03-10T09:00:00+09:00
0.033,0.92,0.92, 2026-03-10T09:00:00+09:00, 2026-03-10T09:30:00+09:00
0.143,3.98,0.92, 2026-03-10T09:30:00+09:00, 2026-03-10T10:00:00+09:00
0.275,7.65,0.92, 2026-03-10T10:00:00+09:00, 2026-03-10T10:30:00+09:00
0.294,8.18,0.92, 2026-03-10T10:30:00+09:00, 2026-03-10T11:00:00+09:00
0.281,7.82,0.92, 2026-03-10T11:00:00+09:00, 2026-03-10T11:30:00+09:00
0.219,6.09,0.92, 2026-03-10T11:30:00+09:00, 2026-03-10T12:00:00+09:00
0.025,0.7,0.92, 2026-03-10T12:00:00+09:00, 2026-03-10T12:30:00+09:00
0.027,0.75,0.92, 2026-03-10T12:30:00+09:00, 2026-03-10T13:00:00+09:00
0.03,0.83,0.92, 2026-03-10T13:00:00+09:00, 2026-03-10T13:30:00+09:00
0.022,0.61,0.92, 2026-03-10T13:30:00+09:00, 2026-03-10T14:00:00+09:00
0.034,0.95,0.92, 2026-03-10T14:00:00+09:00, 2026-03-10T14:30:00+09:00
0.018,0.5,0.92, 2026-03-10T14:30:00+09:00, 2026-03-10T15:00:00+09:00
0.036,1,0.92, 2026-03-10T15:00:00+09:00, 2026-03-10T15:30:00+09:00
0.017,0.47,0.92, 2026-03-10T15:30:00+09:00, 2026-03-10T16:00:00+09:00
0.037,1.03,0.92, 2026-03-10T16:00:00+09:00, 2026-03-10T16:30:00+09:00
0.018,0.5,0.92, 2026-03-10T16:30:00+09:00, 2026-03-10T17:00:00+09:00
0.044,1.22,0.92, 2026-03-10T17:00:00+09:00, 2026-03-10T17:30:00+09:00
0.031,0.86,0.92, 2026-03-10T17:30:00+09:00, 2026-03-10T18:00:00+09:00
0.044,1.22,0.92, 2026-03-10T18:00:00+09:00, 2026-03-10T18:30:00+09:00
0.025,0.7,0.92, 2026-03-10T18:30:00+09:00, 2026-03-10T19:00:00+09:00
0.05,1.39,0.92, 2026-03-10T19:00:00+09:00, 2026-03-10T19:30:00+09:00
0.105,2.92,0.92, 2026-03-10T19:30:00+09:00, 2026-03-10T20:00:00+09:00
0.307,8.54,0.92, 2026-03-10T20:00:00+09:00, 2026-03-10T20:30:00+09:00
0.246,6.85,0.92, 2026-03-10T20:30:00+09:00, 2026-03-10T21:00:00+09:00
0.042,1.17,0.92, 2026-03-10T21:00:00+09:00, 2026-03-10T21:30:00+09:00
0.034,0.95,0.92, 2026-03-10T21:30:00+09:00, 2026-03-10T22:00:00+09:00
0.038,1.06,0.92, 2026-03-10T22:00:00+09:00, 2026-03-10T22:30:00+09:00
0.033,0.92,0.92, 2026-03-10T22:30:00+09:00, 2026-03-10T23:00:00+09:00
0.039,1.09,0.92, 2026-03-10T23:00:00+09:00, 2026-03-10T23:30:00+09:00
0.032,0.89,0.92, 2026-03-10T23:30:00+09:00, 2026-03-11T00:00:00+09:00
0.039,1.09,0.92, 2026-03-11T00:00:00+09:00, 2026-03-11T00:30:00+09:00
0.031,0.86,0.92, 2026-03-11T00:30:00+09:00, 2026-03-11T01:00:00+09:00
0.041,1.14,0.92, 2026-03-11T01:00:00+09:00, 2026-03-11T01:30:00+09:00
0.03,0.83,0.92, 2026-03-11T01:30:00+09:00, 2026-03-11T02:00:00+09:00
0.04,1.11,0.92, 2026-03-11T02:00:00+09:00, 2026-03-11T02:30:00+09:00
0.029,0.81,0.92, 2026-03-11T02:30:00+09:00, 2026-03-11T03:00:00+09:00
0.042,1.17,0.92, 2026-03-11T03:00:00+09:00, 2026-03-11T03:30:00+09:00
0.027,0.75,0.92, 2026-03-11T03:30:00+09:00, 2026-03-11T04:00:00+09:00
0.043,1.2,0.92, 2026-03-11T04:00:00+09:00, 2026-03-11T04:30:00+09:00
0.027,0.75,0.92, 2026-03-11T04:30:00+09:00, 2026-03-11T05:00:00+09:00
1.474,41.02,0.92, 2026-03-11T05:00:00+09:00, 2026-03-11T05:30:00+09:00
1.48,41.18,0.92, 2026-03-11T05:30:00+09:00, 2026-03-11T06:00:00+09:00
1.353,37.65,0.92, 2026-03-11T06:00:00+09:00, 2026-03-11T06:30:00+09:00
0.042,1.17,0.92, 2026-03-11T06:30:00+09:00, 2026-03-11T07:00:00+09:00
0.05,1.39,0.92, 2026-03-11T07:00:00+09:00, 2026-03-11T07:30:00+09:00
0.025,0.7,0.92, 2026-03-11T07:30:00+09:00, 2026-03-11T08:00:00+09:00
0.072,2,0.92, 2026-03-11T08:00:00+09:00, 2026-03-11T08:30:00+09:00
0.056,1.56,0.92, 2026-03-11T08:30:00+09:00, 2026-03-11T09:00:00+09:00
0.092,2.56,0.92, 2026-03-11T09:00:00+09:00, 2026-03-11T09:30:00+09:00
0.072,2,0.92, 2026-03-11T09:30:00+09:00, 2026-03-11T10:00:00+09:00
0.3,8.35,0.92, 2026-03-11T10:00:00+09:00, 2026-03-11T10:30:00+09:00
0.254,7.07,0.92, 2026-03-11T10:30:00+09:00, 2026-03-11T11:00:00+09:00
0.034,0.95,0.92, 2026-03-11T11:00:00+09:00, 2026-03-11T11:30:00+09:00
0.023,0.64,0.92, 2026-03-11T11:30:00+09:00, 2026-03-11T12:00:00+09:00
0.031,0.86,0.92, 2026-03-11T12:00:00+09:00, 2026-03-11T12:30:00+09:00
0.025,0.7,0.92, 2026-03-11T12:30:00+09:00, 2026-03-11T13:00:00+09:00
0.028,0.78,0.92, 2026-03-11T13:00:00+09:00, 2026-03-11T13:30:00+09:00
0.026,0.72,0.92, 2026-03-11T13:30:00+09:00, 2026-03-11T14:00:00+09:00
0.027,0.75,0.92, 2026-03-11T14:00:00+09:00, 2026-03-11T14:30:00+09:00
0.027,0.75,0.92, 2026-03-11T14:30:00+09:00, 2026-03-11T15:00:00+09:00
0.025,0.7,0.92, 2026-03-11T15:00:00+09:00, 2026-03-11T15:30:00+09:00
0.028,0.78,0.92, 2026-03-11T15:30:00+09:00, 2026-03-11T16:00:00+09:00
0.025,0.7,0.92, 2026-03-11T16:00:00+09:00, 2026-03-11T16:30:00+09:00
0.03,0.83,0.92, 2026-03-11T16:30:00+09:00, 2026-03-11T17:00:00+09:00
0.038,1.06,0.92, 2026-03-11T17:00:00+09:00, 2026-03-11T17:30:00+09:00
0.05,1.39,0.92, 2026-03-11T17:30:00+09:00, 2026-03-11T18:00:00+09:00
0.05,1.39,0.92, 2026-03-11T18:00:00+09:00, 2026-03-11T18:30:00+09:00
0.051,1.42,0.92, 2026-03-11T18:30:00+09:00, 2026-03-11T19:00:00+09:00
0.033,0.92,0.92, 2026-03-11T19:00:00+09:00, 2026-03-11T19:30:00+09:00
0.055,1.53,0.92, 2026-03-11T19:30:00+09:00, 2026-03-11T20:00:00+09:00
0.054,1.5,0.92, 2026-03-11T20:00:00+09:00, 2026-03-11T20:30:00+09:00
0.318,8.85,0.92, 2026-03-11T20:30:00+09:00, 2026-03-11T21:00:00+09:00
0.295,8.21,0.92, 2026-03-11T21:00:00+09:00, 2026-03-11T21:30:00+09:00
0.31,8.63,0.92, 2026-03-11T21:30:00+09:00, 2026-03-11T22:00:00+09:00
0.295,8.21,0.92, 2026-03-11T22:00:00+09:00, 2026-03-11T22:30:00+09:00
0.068,1.89,0.92, 2026-03-11T22:30:00+09:00, 2026-03-11T23:00:00+09:00
0.032,0.89,0.92, 2026-03-11T23:00:00+09:00, 2026-03-11T23:30:00+09:00
0.053,1.47,0.92, 2026-03-11T23:30:00+09:00, 2026-03-12T00:00:00+09:00
0.025,0.7,0.92, 2026-03-12T00:00:00+09:00, 2026-03-12T00:30:00+09:00
0.044,1.22,0.92, 2026-03-12T00:30:00+09:00, 2026-03-12T01:00:00+09:00
0.025,0.7,0.92, 2026-03-12T01:00:00+09:00, 2026-03-12T01:30:00+09:00
0.045,1.25,0.92, 2026-03-12T01:30:00+09:00, 2026-03-12T02:00:00+09:00
0.025,0.7,0.92, 2026-03-12T02:00:00+09:00, 2026-03-12T02:30:00+09:00
0.044,1.22,0.92, 2026-03-12T02:30:00+09:00, 2026-03-12T03:00:00+09:00
0.027,0.75,0.92, 2026-03-12T03:00:00+09:00, 2026-03-12T03:30:00+09:00
0.045,1.25,0.92, 2026-03-12T03:30:00+09:00, 2026-03-12T04:00:00+09:00
0.025,0.7,0.92, 2026-03-12T04:00:00+09:00, 2026-03-12T04:30:00+09:00
0.044,1.22,0.92, 2026-03-12T04:30:00+09:00, 2026-03-12T05:00:00+09:00
1.479,41.16,0.92, 2026-03-12T05:00:00+09:00, 2026-03-12T05:30:00+09:00
1.515,42.16,0.92, 2026-03-12T05:30:00+09:00, 2026-03-12T06:00:00+09:00
1.519,42.27,0.92, 2026-03-12T06:00:00+09:00, 2026-03-12T06:30:00+09:00
0.094,2.62,0.92, 2026-03-12T06:30:00+09:00, 2026-03-12T07:00:00+09:00
0.025,0.7,0.92, 2026-03-12T07:00:00+09:00, 2026-03-12T07:30:00+09:00
0.044,1.22,0.92, 2026-03-12T07:30:00+09:00, 2026-03-12T08:00:00+09:00
0.026,0.72,0.92, 2026-03-12T08:00:00+09:00, 2026-03-12T08:30:00+09:00
0.05,1.39,0.92, 2026-03-12T08:30:00+09:00, 2026-03-12T09:00:00+09:00
0.037,1.03,0.92, 2026-03-12T09:00:00+09:00, 2026-03-12T09:30:00+09:00
0.049,1.36,0.92, 2026-03-12T09:30:00+09:00, 2026-03-12T10:00:00+09:00
0.302,8.4,0.92, 2026-03-12T10:00:00+09:00, 2026-03-12T10:30:00+09:00
0.291,8.1,0.92, 2026-03-12T10:30:00+09:00, 2026-03-12T11:00:00+09:00
0.291,8.1,0.92, 2026-03-12T11:00:00+09:00, 2026-03-12T11:30:00+09:00
0.283,7.88,0.92, 2026-03-12T11:30:00+09:00, 2026-03-12T12:00:00+09:00
0.063,1.75,0.92, 2026-03-12T12:00:00+09:00, 2026-03-12T12:30:00+09:00
0.02,0.56,0.92, 2026-03-12T12:30:00+09:00, 2026-03-12T13:00:00+09:00
0.034,0.95,0.92, 2026-03-12T13:00:00+09:00, 2026-03-12T13:30:00+09:00
0.019,0.53,0.92, 2026-03-12T13:30:00+09:00, 2026-03-12T14:00:00+09:00
0.035,0.97,0.92, 2026-03-12T14:00:00+09:00, 2026-03-12T14:30:00+09:00
0.025,0.7,0.92, 2026-03-12T14:30:00+09:00, 2026-03-12T15:00:00+09:00
0.04,1.11,0.92, 2026-03-12T15:00:00+09:00, 2026-03-12T15:30:00+09:00
0.018,0.5,0.92, 2026-03-12T15:30:00+09:00, 2026-03-12T16:00:00+09:00
0.409,11.38,0.92, 2026-03-12T16:00:00+09:00, 2026-03-12T16:30:00+09:00
0.634,17.64,0.92, 2026-03-12T16:30:00+09:00, 2026-03-12T17:00:00+09:00
0.058,1.61,0.92, 2026-03-12T17:00:00+09:00, 2026-03-12T17:30:00+09:00
0.049,1.36,0.92, 2026-03-12T17:30:00+09:00, 2026-03-12T18:00:00+09:00
0.055,1.53,0.92, 2026-03-12T18:00:00+09:00, 2026-03-12T18:30:00+09:00
0.037,1.03,0.92, 2026-03-12T18:30:00+09:00, 2026-03-12T19:00:00+09:00
0.062,1.73,0.92, 2026-03-12T19:00:00+09:00, 2026-03-12T19:30:00+09:00
0.033,0.92,0.92, 2026-03-12T19:30:00+09:00, 2026-03-12T20:00:00+09:00
0.058,1.61,0.92, 2026-03-12T20:00:00+09:00, 2026-03-12T20:30:00+09:00
0.068,1.89,0.92, 2026-03-12T20:30:00+09:00, 2026-03-12T21:00:00+09:00
0.3,8.35,0.92, 2026-03-12T21:00:00+09:00, 2026-03-12T21:30:00+09:00
0.29,8.07,0.92, 2026-03-12T21:30:00+09:00, 2026-03-12T22:00:00+09:00
0.118,3.28,0.92, 2026-03-12T22:00:00+09:00, 2026-03-12T22:30:00+09:00
0.033,0.92,0.92, 2026-03-12T22:30:00+09:00, 2026-03-12T23:00:00+09:00
0.036,1,0.92, 2026-03-12T23:00:00+09:00, 2026-03-12T23:30:00+09:00
0.036,1,0.92, 2026-03-12T23:30:00+09:00, 2026-03-13T00:00:00+09:00
0.033,0.92,0.92, 2026-03-13T00:00:00+09:00, 2026-03-13T00:30:00+09:00
0.056,1.56,0.92, 2026-03-13T00:30:00+09:00, 2026-03-13T01:00:00+09:00
0.591,16.45,0.92, 2026-03-13T01:00:00+09:00, 2026-03-13T01:30:00+09:00
0.4,11.13,0.92, 2026-03-13T01:30:00+09:00, 2026-03-13T02:00:00+09:00
0.039,1.09,0.92, 2026-03-13T02:00:00+09:00, 2026-03-13T02:30:00+09:00
0.043,1.2,0.92, 2026-03-13T02:30:00+09:00, 2026-03-13T03:00:00+09:00
0.028,0.78,0.92, 2026-03-13T03:00:00+09:00, 2026-03-13T03:30:00+09:00
0.041,1.14,0.92, 2026-03-13T03:30:00+09:00, 2026-03-13T04:00:00+09:00
0.031,0.86,0.92, 2026-03-13T04:00:00+09:00, 2026-03-13T04:30:00+09:00
0.037,1.03,0.92, 2026-03-13T04:30:00+09:00, 2026-03-13T05:00:00+09:00
1.473,40.99,0.92, 2026-03-13T05:00:00+09:00, 2026-03-13T05:30:00+09:00
1.498,41.68,0.92, 2026-03-13T05:30:00+09:00, 2026-03-13T06:00:00+09:00
0.328,9.13,0.92, 2026-03-13T06:00:00+09:00, 2026-03-13T06:30:00+09:00
0.033,0.92,0.92, 2026-03-13T06:30:00+09:00, 2026-03-13T07:00:00+09:00
0.041,1.14,0.92, 2026-03-13T07:00:00+09:00, 2026-03-13T07:30:00+09:00
0.04,1.11,0.92, 2026-03-13T07:30:00+09:00, 2026-03-13T08:00:00+09:00
0.162,4.51,0.92, 2026-03-13T08:00:00+09:00, 2026-03-13T08:30:00+09:00
0.166,4.62,0.92, 2026-03-13T08:30:00+09:00, 2026-03-13T09:00:00+09:00
0.312,8.68,0.92, 2026-03-13T09:00:00+09:00, 2026-03-13T09:30:00+09:00
0.171,4.76,0.92, 2026-03-13T09:30:00+09:00, 2026-03-13T10:00:00+09:00
0.036,1,0.92, 2026-03-13T10:00:00+09:00, 2026-03-13T10:30:00+09:00
0.019,0.53,0.92, 2026-03-13T10:30:00+09:00, 2026-03-13T11:00:00+09:00
0.033,0.92,0.92, 2026-03-13T11:00:00+09:00, 2026-03-13T11:30:00+09:00
0.022,0.61,0.92, 2026-03-13T11:30:00+09:00, 2026-03-13T12:00:00+09:00
0.031,0.86,0.92, 2026-03-13T12:00:00+09:00, 2026-03-13T12:30:00+09:00
0.023,0.64,0.92, 2026-03-13T12:30:00+09:00, 2026-03-13T13:00:00+09:00
0.029,0.81,0.92, 2026-03-13T13:00:00+09:00, 2026-03-13T13:30:00+09:00
0.025,0.7,0.92, 2026-03-13T13:30:00+09:00, 2026-03-13T14:00:00+09:00
0.028,0.78,0.92, 2026-03-13T14:00:00+09:00, 2026-03-13T14:30:00+09:00
0.025,0.7,0.92, 2026-03-13T14:30:00+09:00, 2026-03-13T15:00:00+09:00
0.027,0.75,0.92, 2026-03-13T15:00:00+09:00, 2026-03-13T15:30:00+09:00
0.026,0.72,0.92, 2026-03-13T15:30:00+09:00, 2026-03-13T16:00:00+09:00
1.009,28.08,0.92, 2026-03-13T16:00:00+09:00, 2026-03-13T16:30:00+09:00
0.036,1,0.92, 2026-03-13T16:30:00+09:00, 2026-03-13T17:00:00+09:00
0.056,1.56,0.92, 2026-03-13T17:00:00+09:00, 2026-03-13T17:30:00+09:00
0.053,1.47,0.92, 2026-03-13T17:30:00+09:00, 2026-03-13T18:00:00+09:00
0.042,1.17,0.92, 2026-03-13T18:00:00+09:00, 2026-03-13T18:30:00+09:00
0.098,2.73,0.92, 2026-03-13T18:30:00+09:00, 2026-03-13T19:00:00+09:00
0.034,0.95,0.92, 2026-03-13T19:00:00+09:00, 2026-03-13T19:30:00+09:00
0.042,1.17,0.92, 2026-03-13T19:30:00+09:00, 2026-03-13T20:00:00+09:00
0.026,0.72,0.92, 2026-03-13T20:00:00+09:00, 2026-03-13T20:30:00+09:00
0.043,1.2,0.92, 2026-03-13T20:30:00+09:00, 2026-03-13T21:00:00+09:00
0.026,0.72,0.92, 2026-03-13T21:00:00+09:00, 2026-03-13T21:30:00+09:00
0.042,1.17,0.92, 2026-03-13T21:30:00+09:00, 2026-03-13T22:00:00+09:00
0.027,0.75,0.92, 2026-03-13T22:00:00+09:00, 2026-03-13T22:30:00+09:00
0.042,1.17,0.92, 2026-03-13T22:30:00+09:00, 2026-03-13T23:00:00+09:00
0.027,0.75,0.92, 2026-03-13T23:00:00+09:00, 2026-03-13T23:30:00+09:00
0.041,1.14,0.92, 2026-03-13T23:30:00+09:00, 2026-03-14T00:00:00+09:00
0.028,0.78,0.92, 2026-03-14T00:00:00+09:00, 2026-03-14T00:30:00+09:00
0.04,1.11,0.92, 2026-03-14T00:30:00+09:00, 2026-03-14T01:00:00+09:00
0.028,0.78,0.92, 2026-03-14T01:00:00+09:00, 2026-03-14T01:30:00+09:00
0.039,1.09,0.92, 2026-03-14T01:30:00+09:00, 2026-03-14T02:00:00+09:00
0.03,0.83,0.92, 2026-03-14T02:00:00+09:00, 2026-03-14T02:30:00+09:00
0.037,1.03,0.92, 2026-03-14T02:30:00+09:00, 2026-03-14T03:00:00+09:00
0.031,0.86,0.92, 2026-03-14T03:00:00+09:00, 2026-03-14T03:30:00+09:00
0.036,1,0.92, 2026-03-14T03:30:00+09:00, 2026-03-14T04:00:00+09:00
0.033,0.92,0.92, 2026-03-14T04:00:00+09:00, 2026-03-14T04:30:00+09:00
0.04,1.11,0.92, 2026-03-14T04:30:00+09:00, 2026-03-14T05:00:00+09:00
1.496,41.63,0.92, 2026-03-14T05:00:00+09:00, 2026-03-14T05:30:00+09:00
1.524,42.41,0.92, 2026-03-14T05:30:00+09:00, 2026-03-14T06:00:00+09:00
0.95,26.44,0.92, 2026-03-14T06:00:00+09:00, 2026-03-14T06:30:00+09:00
0.053,1.47,0.92, 2026-03-14T06:30:00+09:00, 2026-03-14T07:00:00+09:00
0.059,1.64,0.92, 2026-03-14T07:00:00+09:00, 2026-03-14T07:30:00+09:00
0.053,1.47,0.92, 2026-03-14T07:30:00+09:00, 2026-03-14T08:00:00+09:00
0.055,1.53,0.92, 2026-03-14T08:00:00+09:00, 2026-03-14T08:30:00+09:00
0.047,1.31,0.92, 2026-03-14T08:30:00+09:00, 2026-03-14T09:00:00+09:00
0.034,0.95,0.92, 2026-03-14T09:00:00+09:00, 2026-03-14T09:30:00+09:00
0.289,8.04,0.92, 2026-03-14T09:30:00+09:00, 2026-03-14T10:00:00+09:00
0.268,7.46,0.92, 2026-03-14T10:00:00+09:00, 2026-03-14T10:30:00+09:00
0.035,0.97,0.92, 2026-03-14T10:30:00+09:00, 2026-03-14T11:00:00+09:00
0.016,0.45,0.92, 2026-03-14T11:00:00+09:00, 2026-03-14T11:30:00+09:00
0.037,1.03,0.92, 2026-03-14T11:30:00+09:00, 2026-03-14T12:00:00+09:00
0.016,0.45,0.92, 2026-03-14T12:00:00+09:00, 2026-03-14T12:30:00+09:00
0.036,1,0.92, 2026-03-14T12:30:00+09:00, 2026-03-14T13:00:00+09:00
0.015,0.42,0.92, 2026-03-14T13:00:00+09:00, 2026-03-14T13:30:00+09:00
0.036,1,0.92, 2026-03-14T13:30:00+09:00, 2026-03-14T14:00:00+09:00
0.015,0.42,0.92, 2026-03-14T14:00:00+09:00, 2026-03-14T14:30:00+09:00
0.035,0.97,0.92, 2026-03-14T14:30:00+09:00, 2026-03-14T15:00:00+09:00
0.016,0.45,0.92, 2026-03-14T15:00:00+09:00, 2026-03-14T15:30:00+09:00
0.034,0.95,0.92, 2026-03-14T15:30:00+09:00, 2026-03-14T16:00:00+09:00
0.015,0.42,0.92, 2026-03-14T16:00:00+09:00, 2026-03-14T16:30:00+09:00
0.036,1,0.92, 2026-03-14T16:30:00+09:00, 2026-03-14T17:00:00+09:00
0.024,0.67,0.92, 2026-03-14T17:00:00+09:00, 2026-03-14T17:30:00+09:00
0.043,1.2,0.92, 2026-03-14T17:30:00+09:00, 2026-03-14T18:00:00+09:00
0.033,0.92,0.92, 2026-03-14T18:00:00+09:00, 2026-03-14T18:30:00+09:00
0.041,1.14,0.92, 2026-03-14T18:30:00+09:00, 2026-03-14T19:00:00+09:00
0.034,0.95,0.92, 2026-03-14T19:00:00+09:00, 2026-03-14T19:30:00+09:00
0.039,1.09,0.92, 2026-03-14T19:30:00+09:00, 2026-03-14T20:00:00+09:00
0.046,1.28,0.92, 2026-03-14T20:00:00+09:00, 2026-03-14T20:30:00+09:00
0.274,7.62,0.92, 2026-03-14T20:30:00+09:00, 2026-03-14T21:00:00+09:00
0.309,8.6,0.92, 2026-03-14T21:00:00+09:00, 2026-03-14T21:30:00+09:00
0.072,2,0.92, 2026-03-14T21:30:00+09:00, 2026-03-14T22:00:00+09:00
0.039,1.09,0.92, 2026-03-14T22:00:00+09:00, 2026-03-14T22:30:00+09:00
0.051,1.42,0.92, 2026-03-14T22:30:00+09:00, 2026-03-14T23:00:00+09:00
0.043,1.2,0.92, 2026-03-14T23:00:00+09:00, 2026-03-14T23:30:00+09:00
0.051,1.42,0.92, 2026-03-14T23:30:00+09:00, 2026-03-15T00:00:00+09:00
0.493,13.72,0.92, 2026-03-15T00:00:00+09:00, 2026-03-15T00:30:00+09:00
0.495,13.77,0.92, 2026-03-15T00:30:00+09:00, 2026-03-15T01:00:00+09:00
0.133,3.7,0.92, 2026-03-15T01:00:00+09:00, 2026-03-15T01:30:00+09:00
0.067,1.86,0.92, 2026-03-15T01:30:00+09:00, 2026-03-15T02:00:00+09:00
0.041,1.14,0.92, 2026-03-15T02:00:00+09:00, 2026-03-15T02:30:00+09:00
0.034,0.95,0.92, 2026-03-15T02:30:00+09:00, 2026-03-15T03:00:00+09:00
0.042,1.17,0.92, 2026-03-15T03:00:00+09:00, 2026-03-15T03:30:00+09:00
0.029,0.81,0.92, 2026-03-15T03:30:00+09:00, 2026-03-15T04:00:00+09:00
0.045,1.25,0.92, 2026-03-15T04:00:00+09:00, 2026-03-15T04:30:00+09:00
0.024,0.67,0.92, 2026-03-15T04:30:00+09:00, 2026-03-15T05:00:00+09:00
1.503,41.82,0.92, 2026-03-15T05:00:00+09:00, 2026-03-15T05:30:00+09:00
1.514,42.13,0.92, 2026-03-15T05:30:00+09:00, 2026-03-15T06:00:00+09:00
1.553,43.22,0.92, 2026-03-15T06:00:00+09:00, 2026-03-15T06:30:00+09:00
0.246,6.85,0.92, 2026-03-15T06:30:00+09:00, 2026-03-15T07:00:00+09:00
0.139,3.87,0.92, 2026-03-15T07:00:00+09:00, 2026-03-15T07:30:00+09:00
0.054,1.5,0.92, 2026-03-15T07:30:00+09:00, 2026-03-15T08:00:00+09:00
0.074,2.06,0.92, 2026-03-15T08:00:00+09:00, 2026-03-15T08:30:00+09:00
0.057,1.59,0.92, 2026-03-15T08:30:00+09:00, 2026-03-15T09:00:00+09:00
0.058,1.61,0.92, 2026-03-15T09:00:00+09:00, 2026-03-15T09:30:00+09:00
0.047,1.31,0.92, 2026-03-15T09:30:00+09:00, 2026-03-15T10:00:00+09:00
0.265,7.37,0.92, 2026-03-15T10:00:00+09:00, 2026-03-15T10:30:00+09:00
0.284,7.9,0.92, 2026-03-15T10:30:00+09:00, 2026-03-15T11:00:00+09:00
0.062,1.73,0.92, 2026-03-15T11:00:00+09:00, 2026-03-15T11:30:00+09:00
0.028,0.78,0.92, 2026-03-15T11:30:00+09:00, 2026-03-15T12:00:00+09:00
0.023,0.64,0.92, 2026-03-15T12:00:00+09:00, 2026-03-15T12:30:00+09:00
0.03,0.83,0.92, 2026-03-15T12:30:00+09:00, 2026-03-15T13:00:00+09:00
0.021,0.58,0.92, 2026-03-15T13:00:00+09:00, 2026-03-15T13:30:00+09:00
0.03,0.83,0.92, 2026-03-15T13:30:00+09:00, 2026-03-15T14:00:00+09:00
0.021,0.58,0.92, 2026-03-15T14:00:00+09:00, 2026-03-15T14:30:00+09:00
0.034,0.95,0.92, 2026-03-15T14:30:00+09:00, 2026-03-15T15:00:00+09:00
0.016,0.45,0.92, 2026-03-15T15:00:00+09:00, 2026-03-15T15:30:00+09:00
0.035,0.97,0.92, 2026-03-15T15:30:00+09:00, 2026-03-15T16:00:00+09:00
0.016,0.45,0.92, 2026-03-15T16:00:00+09:00, 2026-03-15T16:30:00+09:00
0.036,1,0.92, 2026-03-15T16:30:00+09:00, 2026-03-15T17:00:00+09:00
0.024,0.67,0.92, 2026-03-15T17:00:00+09:00, 2026-03-15T17:30:00+09:00
0.044,1.22,0.92, 2026-03-15T17:30:00+09:00, 2026-03-15T18:00:00+09:00
0.026,0.72,0.92, 2026-03-15T18:00:00+09:00, 2026-03-15T18:30:00+09:00
0.047,1.31,0.92, 2026-03-15T18:30:00+09:00, 2026-03-15T19:00:00+09:00
0.027,0.75,0.92, 2026-03-15T19:00:00+09:00, 2026-03-15T19:30:00+09:00
0.06,1.67,0.92, 2026-03-15T19:30:00+09:00, 2026-03-15T20:00:00+09:00
0.038,1.06,0.92, 2026-03-15T20:00:00+09:00, 2026-03-15T20:30:00+09:00
0.05,1.39,0.92, 2026-03-15T20:30:00+09:00, 2026-03-15T21:00:00+09:00
0.297,8.26,0.92, 2026-03-15T21:00:00+09:00, 2026-03-15T21:30:00+09:00
0.312,8.68,0.92, 2026-03-15T21:30:00+09:00, 2026-03-15T22:00:00+09:00
0.287,7.99,0.92, 2026-03-15T22:00:00+09:00, 2026-03-15T22:30:00+09:00
0.304,8.46,0.92, 2026-03-15T22:30:00+09:00, 2026-03-15T23:00:00+09:00
0.056,1.56,0.92, 2026-03-15T23:00:00+09:00, 2026-03-15T23:30:00+09:00
0.049,1.36,0.92, 2026-03-15T23:30:00+09:00, 2026-03-16T00:00:00+09:00
0.049,1.36,0.92, 2026-03-16T00:00:00+09:00, 2026-03-16T00:30:00+09:00
0.064,1.78,0.92, 2026-03-16T00:30:00+09:00, 2026-03-16T01:00:00+09:00
0.523,14.55,0.92, 2026-03-16T01:00:00+09:00, 2026-03-16T01:30:00+09:00
1.046,29.11,0.92, 2026-03-16T01:30:00+09:00, 2026-03-16T02:00:00+09:00
0.059,1.64,0.92, 2026-03-16T02:00:00+09:00, 2026-03-16T02:30:00+09:00
0.125,3.48,0.92, 2026-03-16T02:30:00+09:00, 2026-03-16T03:00:00+09:00
0.042,1.17,0.92, 2026-03-16T03:00:00+09:00, 2026-03-16T03:30:00+09:00
0.491,13.66,0.92, 2026-03-16T03:30:00+09:00, 2026-03-16T04:00:00+09:00
0.034,0.95,0.92, 2026-03-16T04:00:00+09:00, 2026-03-16T04:30:00+09:00
0.065,1.81,0.92, 2026-03-16T04:30:00+09:00, 2026-03-16T05:00:00+09:00
1.488,41.41,0.92, 2026-03-16T05:00:00+09:00, 2026-03-16T05:30:00+09:00
1.505,41.88,0.92, 2026-03-16T05:30:00+09:00, 2026-03-16T06:00:00+09:00
1.536,42.74,0.92, 2026-03-16T06:00:00+09:00, 2026-03-16T06:30:00+09:00
1.342,37.34,0.92, 2026-03-16T06:30:00+09:00, 2026-03-16T07:00:00+09:00
0.055,1.53,0.92, 2026-03-16T07:00:00+09:00, 2026-03-16T07:30:00+09:00
0.051,1.42,0.92, 2026-03-16T07:30:00+09:00, 2026-03-16T08:00:00+09:00
0.065,1.81,0.92, 2026-03-16T08:00:00+09:00, 2026-03-16T08:30:00+09:00
0.038,1.06,0.92, 2026-03-16T08:30:00+09:00, 2026-03-16T09:00:00+09:00
0.291,8.1,0.92, 2026-03-16T09:00:00+09:00, 2026-03-16T09:30:00+09:00
0.283,7.88,0.92, 2026-03-16T09:30:00+09:00, 2026-03-16T10:00:00+09:00
0.29,8.07,0.92, 2026-03-16T10:00:00+09:00, 2026-03-16T10:30:00+09:00
0.287,7.99,0.92, 2026-03-16T10:30:00+09:00, 2026-03-16T11:00:00+09:00
0.057,1.59,0.92, 2026-03-16T11:00:00+09:00, 2026-03-16T11:30:00+09:00
0.027,0.75,0.92, 2026-03-16T11:30:00+09:00, 2026-03-16T12:00:00+09:00
0.025,0.7,0.92, 2026-03-16T12:00:00+09:00, 2026-03-16T12:30:00+09:00
0.031,0.86,0.92, 2026-03-16T12:30:00+09:00, 2026-03-16T13:00:00+09:00
0.02,0.56,0.92, 2026-03-16T13:00:00+09:00, 2026-03-16T13:30:00+09:00
0.032,0.89,0.92, 2026-03-16T13:30:00+09:00, 2026-03-16T14:00:00+09:00
0.019,0.53,0.92, 2026-03-16T14:00:00+09:00, 2026-03-16T14:30:00+09:00
0.032,0.89,0.92, 2026-03-16T14:30:00+09:00, 2026-03-16T15:00:00+09:00
0.02,0.56,0.92, 2026-03-16T15:00:00+09:00, 2026-03-16T15:30:00+09:00
0.034,0.95,0.92, 2026-03-16T15:30:00+09:00, 2026-03-16T16:00:00+09:00
0.017,0.47,0.92, 2026-03-16T16:00:00+09:00, 2026-03-16T16:30:00+09:00
0.035,0.97,0.92, 2026-03-16T16:30:00+09:00, 2026-03-16T17:00:00+09:00
0.025,0.7,0.92, 2026-03-16T17:00:00+09:00, 2026-03-16T17:30:00+09:00
0.044,1.22,0.92, 2026-03-16T17:30:00+09:00, 2026-03-16T18:00:00+09:00
0.025,0.7,0.92, 2026-03-16T18:00:00+09:00, 2026-03-16T18:30:00+09:00
0.164,4.56,0.92, 2026-03-16T18:30:00+09:00, 2026-03-16T19:00:00+09:00
0.279,7.76,0.92, 2026-03-16T19:00:00+09:00, 2026-03-16T19:30:00+09:00
0.301,8.38,0.92, 2026-03-16T19:30:00+09:00, 2026-03-16T20:00:00+09:00
0.284,7.9,0.92, 2026-03-16T20:00:00+09:00, 2026-03-16T20:30:00+09:00
0.213,5.93,0.92, 2026-03-16T20:30:00+09:00, 2026-03-16T21:00:00+09:00
0.304,8.46,0.92, 2026-03-16T21:00:00+09:00, 2026-03-16T21:30:00+09:00
0.332,9.24,0.92, 2026-03-16T21:30:00+09:00, 2026-03-16T22:00:00+09:00
0.042,1.17,0.92, 2026-03-16T22:00:00+09:00, 2026-03-16T22:30:00+09:00
0.043,1.2,0.92, 2026-03-16T22:30:00+09:00, 2026-03-16T23:00:00+09:00
0.028,0.78,0.92, 2026-03-16T23:00:00+09:00, 2026-03-16T23:30:00+09:00
0.047,1.31,0.92, 2026-03-16T23:30:00+09:00, 2026-03-17T00:00:00+09:00
0.03,0.83,0.92, 2026-03-17T00:00:00+09:00, 2026-03-17T00:30:00+09:00
0.039,1.09,0.92, 2026-03-17T00:30:00+09:00, 2026-03-17T01:00:00+09:00
0.03,0.83,0.92, 2026-03-17T01:00:00+09:00, 2026-03-17T01:30:00+09:00
0.038,1.06,0.92, 2026-03-17T01:30:00+09:00, 2026-03-17T02:00:00+09:00
0.032,0.89,0.92, 2026-03-17T02:00:00+09:00, 2026-03-17T02:30:00+09:00
0.036,1,0.92, 2026-03-17T02:30:00+09:00, 2026-03-17T03:00:00+09:00
0.034,0.95,0.92, 2026-03-17T03:00:00+09:00, 2026-03-17T03:30:00+09:00
0.034,0.95,0.92, 2026-03-17T03:30:00+09:00, 2026-03-17T04:00:00+09:00
0.035,0.97,0.92, 2026-03-17T04:00:00+09:00, 2026-03-17T04:30:00+09:00
0.033,0.92,0.92, 2026-03-17T04:30:00+09:00, 2026-03-17T05:00:00+09:00
1.485,41.32,0.92, 2026-03-17T05:00:00+09:00, 2026-03-17T05:30:00+09:00
0.399,11.1,0.92, 2026-03-17T05:30:00+09:00, 2026-03-17T06:00:00+09:00
0.039,1.09,0.92, 2026-03-17T06:00:00+09:00, 2026-03-17T06:30:00+09:00
0.053,1.47,0.92, 2026-03-17T06:30:00+09:00, 2026-03-17T07:00:00+09:00
0.171,4.76,0.92, 2026-03-17T07:00:00+09:00, 2026-03-17T07:30:00+09:00
0.05,1.39,0.92, 2026-03-17T07:30:00+09:00, 2026-03-17T08:00:00+09:00
0.065,1.81,0.92, 2026-03-17T08:00:00+09:00, 2026-03-17T08:30:00+09:00
0.049,1.36,0.92, 2026-03-17T08:30:00+09:00, 2026-03-17T09:00:00+09:00
0.059,1.64,0.92, 2026-03-17T09:00:00+09:00, 2026-03-17T09:30:00+09:00
0.252,7.01,0.92, 2026-03-17T09:30:00+09:00, 2026-03-17T10:00:00+09:00
0.298,8.29,0.92, 2026-03-17T10:00:00+09:00, 2026-03-17T10:30:00+09:00
0.288,8.01,0.92, 2026-03-17T10:30:00+09:00, 2026-03-17T11:00:00+09:00
0.3,8.35,0.92, 2026-03-17T11:00:00+09:00, 2026-03-17T11:30:00+09:00
0.08,2.23,0.92, 2026-03-17T11:30:00+09:00, 2026-03-17T12:00:00+09:00
0.037,1.03,0.92, 2026-03-17T12:00:00+09:00, 2026-03-17T12:30:00+09:00
0.036,1,0.92, 2026-03-17T12:30:00+09:00, 2026-03-17T13:00:00+09:00
0.029,0.81,0.92, 2026-03-17T13:00:00+09:00, 2026-03-17T13:30:00+09:00
0.029,0.81,0.92, 2026-03-17T13:30:00+09:00, 2026-03-17T14:00:00+09:00
0.022,0.61,0.92, 2026-03-17T14:00:00+09:00, 2026-03-17T14:30:00+09:00
0.031,0.86,0.92, 2026-03-17T14:30:00+09:00, 2026-03-17T15:00:00+09:00
0.021,0.58,0.92, 2026-03-17T15:00:00+09:00, 2026-03-17T15:30:00+09:00
0.036,1,0.92, 2026-03-17T15:30:00+09:00, 2026-03-17T16:00:00+09:00
0.016,0.45,0.92, 2026-03-17T16:00:00+09:00, 2026-03-17T16:30:00+09:00
0.039,1.09,0.92, 2026-03-17T16:30:00+09:00, 2026-03-17T17:00:00+09:00
0.035,0.97,0.92, 2026-03-17T17:00:00+09:00, 2026-03-17T17:30:00+09:00
0.06,1.67,0.92, 2026-03-17T17:30:00+09:00, 2026-03-17T18:00:00+09:00
0.038,1.06,0.92, 2026-03-17T18:00:00+09:00, 2026-03-17T18:30:00+09:00
0.048,1.34,0.92, 2026-03-17T18:30:00+09:00, 2026-03-17T19:00:00+09:00
0.052,1.45,0.92, 2026-03-17T19:00:00+09:00, 2026-03-17T19:30:00+09:00
0.179,4.98,0.92, 2026-03-17T19:30:00+09:00, 2026-03-17T20:00:00+09:00
0.287,7.99,0.92, 2026-03-17T20:00:00+09:00, 2026-03-17T20:30:00+09:00
0.303,8.43,0.92, 2026-03-17T20:30:00+09:00, 2026-03-17T21:00:00+09:00
0.231,6.43,0.92, 2026-03-17T21:00:00+09:00, 2026-03-17T21:30:00+09:00
0.042,1.17,0.92, 2026-03-17T21:30:00+09:00, 2026-03-17T22:00:00+09:00
0.035,0.97,0.92, 2026-03-17T22:00:00+09:00, 2026-03-17T22:30:00+09:00
0.033,0.92,0.92, 2026-03-17T22:30:00+09:00, 2026-03-17T23:00:00+09:00
0.037,1.03,0.92, 2026-03-17T23:00:00+09:00, 2026-03-17T23:30:00+09:00
0.031,0.86,0.92, 2026-03-17T23:30:00+09:00, 2026-03-18T00:00:00+09:00
0.039,1.09,0.92, 2026-03-18T00:00:00+09:00, 2026-03-18T00:30:00+09:00
0.03,0.83,0.92, 2026-03-18T00:30:00+09:00, 2026-03-18T01:00:00+09:00
0.039,1.09,0.92, 2026-03-18T01:00:00+09:00, 2026-03-18T01:30:00+09:00
0.029,0.81,0.92, 2026-03-18T01:30:00+09:00, 2026-03-18T02:00:00+09:00
0.041,1.14,0.92, 2026-03-18T02:00:00+09:00, 2026-03-18T02:30:00+09:00
0.027,0.75,0.92, 2026-03-18T02:30:00+09:00, 2026-03-18T03:00:00+09:00
0.042,1.17,0.92, 2026-03-18T03:00:00+09:00, 2026-03-18T03:30:00+09:00
0.026,0.72,0.92, 2026-03-18T03:30:00+09:00, 2026-03-18T04:00:00+09:00
0.043,1.2,0.92, 2026-03-18T04:00:00+09:00, 2026-03-18T04:30:00+09:00
0.025,0.7,0.92, 2026-03-18T04:30:00+09:00, 2026-03-18T05:00:00+09:00
1.471,40.93,0.92, 2026-03-18T05:00:00+09:00, 2026-03-18T05:30:00+09:00
1.48,41.18,0.92, 2026-03-18T05:30:00+09:00, 2026-03-18T06:00:00+09:00
1.488,41.41,0.92, 2026-03-18T06:00:00+09:00, 2026-03-18T06:30:00+09:00
0.132,3.67,0.92, 2026-03-18T06:30:00+09:00, 2026-03-18T07:00:00+09:00
0.066,1.84,0.92, 2026-03-18T07:00:00+09:00, 2026-03-18T07:30:00+09:00
0.043,1.2,0.92, 2026-03-18T07:30:00+09:00, 2026-03-18T08:00:00+09:00
0.07,1.95,0.92, 2026-03-18T08:00:00+09:00, 2026-03-18T08:30:00+09:00
0.042,1.17,0.92, 2026-03-18T08:30:00+09:00, 2026-03-18T09:00:00+09:00
0.195,5.43,0.92, 2026-03-18T09:00:00+09:00, 2026-03-18T09:30:00+09:00
0.275,7.65,0.92, 2026-03-18T09:30:00+09:00, 2026-03-18T10:00:00+09:00
0.292,8.13,0.92, 2026-03-18T10:00:00+09:00, 2026-03-18T10:30:00+09:00
0.282,7.85,0.92, 2026-03-18T10:30:00+09:00, 2026-03-18T11:00:00+09:00
0.165,4.59,0.92, 2026-03-18T11:00:00+09:00, 2026-03-18T11:30:00+09:00
0.027,0.75,0.92, 2026-03-18T11:30:00+09:00, 2026-03-18T12:00:00+09:00
0.025,0.7,0.92, 2026-03-18T12:00:00+09:00, 2026-03-18T12:30:00+09:00
0.028,0.78,0.92, 2026-03-18T12:30:00+09:00, 2026-03-18T13:00:00+09:00
0.023,0.64,0.92, 2026-03-18T13:00:00+09:00, 2026-03-18T13:30:00+09:00
0.031,0.86,0.92, 2026-03-18T13:30:00+09:00, 2026-03-18T14:00:00+09:00
0.021,0.58,0.92, 2026-03-18T14:00:00+09:00, 2026-03-18T14:30:00+09:00
0.035,0.97,0.92, 2026-03-18T14:30:00+09:00, 2026-03-18T15:00:00+09:00
0.016,0.45,0.92, 2026-03-18T15:00:00+09:00, 2026-03-18T15:30:00+09:00
0.035,0.97,0.92, 2026-03-18T15:30:00+09:00, 2026-03-18T16:00:00+09:00
0.016,0.45,0.92, 2026-03-18T16:00:00+09:00, 2026-03-18T16:30:00+09:00
0.037,1.03,0.92, 2026-03-18T16:30:00+09:00, 2026-03-18T17:00:00+09:00
0.024,0.67,0.92, 2026-03-18T17:00:00+09:00, 2026-03-18T17:30:00+09:00
0.044,1.22,0.92, 2026-03-18T17:30:00+09:00, 2026-03-18T18:00:00+09:00
0.026,0.72,0.92, 2026-03-18T18:00:00+09:00, 2026-03-18T18:30:00+09:00
0.143,3.98,0.92, 2026-03-18T18:30:00+09:00, 2026-03-18T19:00:00+09:00
0.078,2.17,0.92, 2026-03-18T19:00:00+09:00, 2026-03-18T19:30:00+09:00
0.068,1.89,0.92, 2026-03-18T19:30:00+09:00, 2026-03-18T20:00:00+09:00
0.299,8.32,0.92, 2026-03-18T20:00:00+09:00, 2026-03-18T20:30:00+09:00
0.121,3.37,0.92, 2026-03-18T20:30:00+09:00, 2026-03-18T21:00:00+09:00
0.027,0.75,0.92, 2026-03-18T21:00:00+09:00, 2026-03-18T21:30:00+09:00
0.042,1.17,0.92, 2026-03-18T21:30:00+09:00, 2026-03-18T22:00:00+09:00
0.028,0.78,0.92, 2026-03-18T22:00:00+09:00, 2026-03-18T22:30:00+09:00
0.043,1.2,0.92, 2026-03-18T22:30:00+09:00, 2026-03-18T23:00:00+09:00
0.03,0.83,0.92, 2026-03-18T23:00:00+09:00, 2026-03-18T23:30:00+09:00
0.042,1.17,0.92, 2026-03-18T23:30:00+09:00, 2026-03-19T00:00:00+09:00
0.029,0.81,0.92, 2026-03-19T00:00:00+09:00, 2026-03-19T00:30:00+09:00
0.044,1.22,0.92, 2026-03-19T00:30:00+09:00, 2026-03-19T01:00:00+09:00
0.026,0.72,0.92, 2026-03-19T01:00:00+09:00, 2026-03-19T01:30:00+09:00
0.046,1.28,0.92, 2026-03-19T01:30:00+09:00, 2026-03-19T02:00:00+09:00
0.026,0.72,0.92, 2026-03-19T02:00:00+09:00, 2026-03-19T02:30:00+09:00
0.046,1.28,0.92, 2026-03-19T02:30:00+09:00, 2026-03-19T03:00:00+09:00
0.024,0.67,0.92, 2026-03-19T03:00:00+09:00, 2026-03-19T03:30:00+09:00
0.045,1.25,0.92, 2026-03-19T03:30:00+09:00, 2026-03-19T04:00:00+09:00
0.024,0.67,0.92, 2026-03-19T04:00:00+09:00, 2026-03-19T04:30:00+09:00
0.045,1.25,0.92, 2026-03-19T04:30:00+09:00, 2026-03-19T05:00:00+09:00
1.491,41.49,0.92, 2026-03-19T05:00:00+09:00, 2026-03-19T05:30:00+09:00
1.518,42.24,0.92, 2026-03-19T05:30:00+09:00, 2026-03-19T06:00:00+09:00
1.199,33.36,0.92, 2026-03-19T06:00:00+09:00, 2026-03-19T06:30:00+09:00
0.045,1.25,0.92, 2026-03-19T06:30:00+09:00, 2026-03-19T07:00:00+09:00
0.024,0.67,0.92, 2026-03-19T07:00:00+09:00, 2026-03-19T07:30:00+09:00
0.044,1.22,0.92, 2026-03-19T07:30:00+09:00, 2026-03-19T08:00:00+09:00
0.038,1.06,0.92, 2026-03-19T08:00:00+09:00, 2026-03-19T08:30:00+09:00
0.069,1.92,0.92, 2026-03-19T08:30:00+09:00, 2026-03-19T09:00:00+09:00
0.039,1.09,0.92, 2026-03-19T09:00:00+09:00, 2026-03-19T09:30:00+09:00
0.059,1.64,0.92, 2026-03-19T09:30:00+09:00, 2026-03-19T10:00:00+09:00
0.041,1.14,0.92, 2026-03-19T10:00:00+09:00, 2026-03-19T10:30:00+09:00
0.217,6.04,0.92, 2026-03-19T10:30:00+09:00, 2026-03-19T11:00:00+09:00
0.28,7.79,0.92, 2026-03-19T11:00:00+09:00, 2026-03-19T11:30:00+09:00
0.299,8.32,0.92, 2026-03-19T11:30:00+09:00, 2026-03-19T12:00:00+09:00
0.28,7.79,0.92, 2026-03-19T12:00:00+09:00, 2026-03-19T12:30:00+09:00
0.155,4.31,0.92, 2026-03-19T12:30:00+09:00, 2026-03-19T13:00:00+09:00
0.018,0.5,0.92, 2026-03-19T13:00:00+09:00, 2026-03-19T13:30:00+09:00
0.037,1.03,0.92, 2026-03-19T13:30:00+09:00, 2026-03-19T14:00:00+09:00
0.018,0.5,0.92, 2026-03-19T14:00:00+09:00, 2026-03-19T14:30:00+09:00
0.036,1,0.92, 2026-03-19T14:30:00+09:00, 2026-03-19T15:00:00+09:00
0.018,0.5,0.92, 2026-03-19T15:00:00+09:00, 2026-03-19T15:30:00+09:00
0.038,1.06,0.92, 2026-03-19T15:30:00+09:00, 2026-03-19T16:00:00+09:00
0.017,0.47,0.92, 2026-03-19T16:00:00+09:00, 2026-03-19T16:30:00+09:00
0.038,1.06,0.92, 2026-03-19T16:30:00+09:00, 2026-03-19T17:00:00+09:00
0.026,0.72,0.92, 2026-03-19T17:00:00+09:00, 2026-03-19T17:30:00+09:00
0.055,1.53,0.92, 2026-03-19T17:30:00+09:00, 2026-03-19T18:00:00+09:00
0.033,0.92,0.92, 2026-03-19T18:00:00+09:00, 2026-03-19T18:30:00+09:00
0.059,1.64,0.92, 2026-03-19T18:30:00+09:00, 2026-03-19T19:00:00+09:00
0.044,1.22,0.92, 2026-03-19T19:00:00+09:00, 2026-03-19T19:30:00+09:00
0.057,1.59,0.92, 2026-03-19T19:30:00+09:00, 2026-03-19T20:00:00+09:00
0.033,0.92,0.92, 2026-03-19T20:00:00+09:00, 2026-03-19T20:30:00+09:00
0.045,1.25,0.92, 2026-03-19T20:30:00+09:00, 2026-03-19T21:00:00+09:00
0.042,1.17,0.92, 2026-03-19T21:00:00+09:00, 2026-03-19T21:30:00+09:00
1.063,29.58,0.92, 2026-03-19T21:30:00+09:00, 2026-03-19T22:00:00+09:00
1.514,42.13,0.92, 2026-03-19T22:00:00+09:00, 2026-03-19T22:30:00+09:00
0.521,14.5,0.92, 2026-03-19T22:30:00+09:00, 2026-03-19T23:00:00+09:00
0.06,1.67,0.92, 2026-03-19T23:00:00+09:00, 2026-03-19T23:30:00+09:00
0.052,1.45,0.92, 2026-03-19T23:30:00+09:00, 2026-03-20T00:00:00+09:00
0.266,7.4,0.92, 2026-03-20T00:00:00+09:00, 2026-03-20T00:30:00+09:00
0.079,2.2,0.92, 2026-03-20T00:30:00+09:00, 2026-03-20T01:00:00+09:00
0.067,1.86,0.92, 2026-03-20T01:00:00+09:00, 2026-03-20T01:30:00+09:00
0.041,1.14,0.92, 2026-03-20T01:30:00+09:00, 2026-03-20T02:00:00+09:00
0.055,1.53,0.92, 2026-03-20T02:00:00+09:00, 2026-03-20T02:30:00+09:00
0.04,1.11,0.92, 2026-03-20T02:30:00+09:00, 2026-03-20T03:00:00+09:00
0.055,1.53,0.92, 2026-03-20T03:00:00+09:00, 2026-03-20T03:30:00+09:00
0.055,1.53,0.92, 2026-03-20T03:30:00+09:00, 2026-03-20T04:00:00+09:00
0.063,1.75,0.92, 2026-03-20T04:00:00+09:00, 2026-03-20T04:30:00+09:00
0.054,1.5,0.92, 2026-03-20T04:30:00+09:00, 2026-03-20T05:00:00+09:00
1.488,41.41,0.92, 2026-03-20T05:00:00+09:00, 2026-03-20T05:30:00+09:00
1.51,42.02,0.92, 2026-03-20T05:30:00+09:00, 2026-03-20T06:00:00+09:00
1.445,40.21,0.92, 2026-03-20T06:00:00+09:00, 2026-03-20T06:30:00+09:00
0.059,1.64,0.92, 2026-03-20T06:30:00+09:00, 2026-03-20T07:00:00+09:00
0.05,1.39,0.92, 2026-03-20T07:00:00+09:00, 2026-03-20T07:30:00+09:00
0.062,1.73,0.92, 2026-03-20T07:30:00+09:00, 2026-03-20T08:00:00+09:00
0.038,1.06,0.92, 2026-03-20T08:00:00+09:00, 2026-03-20T08:30:00+09:00
0.21,5.84,0.92, 2026-03-20T08:30:00+09:00, 2026-03-20T09:00:00+09:00
0.277,7.71,0.92, 2026-03-20T09:00:00+09:00, 2026-03-20T09:30:00+09:00
0.151,4.2,0.92, 2026-03-20T09:30:00+09:00, 2026-03-20T10:00:00+09:00
0.019,0.53,0.92, 2026-03-20T10:00:00+09:00, 2026-03-20T10:30:00+09:00
0.033,0.92,0.92, 2026-03-20T10:30:00+09:00, 2026-03-20T11:00:00+09:00
0.023,0.64,0.92, 2026-03-20T11:00:00+09:00, 2026-03-20T11:30:00+09:00
0.029,0.81,0.92, 2026-03-20T11:30:00+09:00, 2026-03-20T12:00:00+09:00
0.025,0.7,0.92, 2026-03-20T12:00:00+09:00, 2026-03-20T12:30:00+09:00
0.026,0.72,0.92, 2026-03-20T12:30:00+09:00, 2026-03-20T13:00:00+09:00
0.027,0.75,0.92, 2026-03-20T13:00:00+09:00, 2026-03-20T13:30:00+09:00
0.025,0.7,0.92, 2026-03-20T13:30:00+09:00, 2026-03-20T14:00:00+09:00
0.032,0.89,0.92, 2026-03-20T14:00:00+09:00, 2026-03-20T14:30:00+09:00
0.019,0.53,0.92, 2026-03-20T14:30:00+09:00, 2026-03-20T15:00:00+09:00
0.034,0.95,0.92, 2026-03-20T15:00:00+09:00, 2026-03-20T15:30:00+09:00
0.017,0.47,0.92, 2026-03-20T15:30:00+09:00, 2026-03-20T16:00:00+09:00
0.035,0.97,0.92, 2026-03-20T16:00:00+09:00, 2026-03-20T16:30:00+09:00
0.017,0.47,0.92, 2026-03-20T16:30:00+09:00, 2026-03-20T17:00:00+09:00
0.044,1.22,0.92, 2026-03-20T17:00:00+09:00, 2026-03-20T17:30:00+09:00
0.028,0.78,0.92, 2026-03-20T17:30:00+09:00, 2026-03-20T18:00:00+09:00
0.055,1.53,0.92, 2026-03-20T18:00:00+09:00, 2026-03-20T18:30:00+09:00
0.046,1.28,0.92, 2026-03-20T18:30:00+09:00, 2026-03-20T19:00:00+09:00
0.057,1.59,0.92, 2026-03-20T19:00:00+09:00, 2026-03-20T19:30:00+09:00
0.031,0.86,0.92, 2026-03-20T19:30:00+09:00, 2026-03-20T20:00:00+09:00
0.043,1.2,0.92, 2026-03-20T20:00:00+09:00, 2026-03-20T20:30:00+09:00
0.024,0.67,0.92, 2026-03-20T20:30:00+09:00, 2026-03-20T21:00:00+09:00
0.043,1.2,0.92, 2026-03-20T21:00:00+09:00, 2026-03-20T21:30:00+09:00
0.025,0.7,0.92, 2026-03-20T21:30:00+09:00, 2026-03-20T22:00:00+09:00
0.043,1.2,0.92, 2026-03-20T22:00:00+09:00, 2026-03-20T22:30:00+09:00
0.024,0.67,0.92, 2026-03-20T22:30:00+09:00, 2026-03-20T23:00:00+09:00
0.043,1.2,0.92, 2026-03-20T23:00:00+09:00, 2026-03-20T23:30:00+09:00
0.024,0.67,0.92, 2026-03-20T23:30:00+09:00, 2026-03-21T00:00:00+09:00
0.043,1.2,0.92, 2026-03-21T00:00:00+09:00, 2026-03-21T00:30:00+09:00
0.024,0.67,0.92, 2026-03-21T00:30:00+09:00, 2026-03-21T01:00:00+09:00
0.043,1.2,0.92, 2026-03-21T01:00:00+09:00, 2026-03-21T01:30:00+09:00
0.024,0.67,0.92, 2026-03-21T01:30:00+09:00, 2026-03-21T02:00:00+09:00
0.044,1.22,0.92, 2026-03-21T02:00:00+09:00, 2026-03-21T02:30:00+09:00
0.024,0.67,0.92, 2026-03-21T02:30:00+09:00, 2026-03-21T03:00:00+09:00
0.043,1.2,0.92, 2026-03-21T03:00:00+09:00, 2026-03-21T03:30:00+09:00
0.024,0.67,0.92, 2026-03-21T03:30:00+09:00, 2026-03-21T04:00:00+09:00
0.043,1.2,0.92, 2026-03-21T04:00:00+09:00, 2026-03-21T04:30:00+09:00
0.024,0.67,0.92, 2026-03-21T04:30:00+09:00, 2026-03-21T05:00:00+09:00
1.499,41.71,0.92, 2026-03-21T05:00:00+09:00, 2026-03-21T05:30:00+09:00
0.362,10.07,0.92, 2026-03-21T05:30:00+09:00, 2026-03-21T06:00:00+09:00
0.08,2.23,0.92, 2026-03-21T06:00:00+09:00, 2026-03-21T06:30:00+09:00
0.052,1.45,0.92, 2026-03-21T06:30:00+09:00, 2026-03-21T07:00:00+09:00
0.067,1.86,0.92, 2026-03-21T07:00:00+09:00, 2026-03-21T07:30:00+09:00
0.052,1.45,0.92, 2026-03-21T07:30:00+09:00, 2026-03-21T08:00:00+09:00
0.068,1.89,0.92, 2026-03-21T08:00:00+09:00, 2026-03-21T08:30:00+09:00
0.038,1.06,0.92, 2026-03-21T08:30:00+09:00, 2026-03-21T09:00:00+09:00
0.176,4.9,0.92, 2026-03-21T09:00:00+09:00, 2026-03-21T09:30:00+09:00
0.288,8.01,0.92, 2026-03-21T09:30:00+09:00, 2026-03-21T10:00:00+09:00
0.296,8.24,0.92, 2026-03-21T10:00:00+09:00, 2026-03-21T10:30:00+09:00
0.284,7.9,0.92, 2026-03-21T10:30:00+09:00, 2026-03-21T11:00:00+09:00
0.194,5.4,0.92, 2026-03-21T11:00:00+09:00, 2026-03-21T11:30:00+09:00
0.023,0.64,0.92, 2026-03-21T11:30:00+09:00, 2026-03-21T12:00:00+09:00
0.028,0.78,0.92, 2026-03-21T12:00:00+09:00, 2026-03-21T12:30:00+09:00
0.025,0.7,0.92, 2026-03-21T12:30:00+09:00, 2026-03-21T13:00:00+09:00
0.027,0.75,0.92, 2026-03-21T13:00:00+09:00, 2026-03-21T13:30:00+09:00
0.026,0.72,0.92, 2026-03-21T13:30:00+09:00, 2026-03-21T14:00:00+09:00
0.024,0.67,0.92, 2026-03-21T14:00:00+09:00, 2026-03-21T14:30:00+09:00
0.028,0.78,0.92, 2026-03-21T14:30:00+09:00, 2026-03-21T15:00:00+09:00
0.024,0.67,0.92, 2026-03-21T15:00:00+09:00, 2026-03-21T15:30:00+09:00
0.032,0.89,0.92, 2026-03-21T15:30:00+09:00, 2026-03-21T16:00:00+09:00
0.018,0.5,0.92, 2026-03-21T16:00:00+09:00, 2026-03-21T16:30:00+09:00
0.036,1,0.92, 2026-03-21T16:30:00+09:00, 2026-03-21T17:00:00+09:00
0.026,0.72,0.92, 2026-03-21T17:00:00+09:00, 2026-03-21T17:30:00+09:00
0.049,1.36,0.92, 2026-03-21T17:30:00+09:00, 2026-03-21T18:00:00+09:00
0.043,1.2,0.92, 2026-03-21T18:00:00+09:00, 2026-03-21T18:30:00+09:00
0.064,1.78,0.92, 2026-03-21T18:30:00+09:00, 2026-03-21T19:00:00+09:00
0.037,1.03,0.92, 2026-03-21T19:00:00+09:00, 2026-03-21T19:30:00+09:00
0.056,1.56,0.92, 2026-03-21T19:30:00+09:00, 2026-03-21T20:00:00+09:00
0.038,1.06,0.92, 2026-03-21T20:00:00+09:00, 2026-03-21T20:30:00+09:00
0.057,1.59,0.92, 2026-03-21T20:30:00+09:00, 2026-03-21T21:00:00+09:00
0.029,0.81,0.92, 2026-03-21T21:00:00+09:00, 2026-03-21T21:30:00+09:00
0.211,5.87,0.92, 2026-03-21T21:30:00+09:00, 2026-03-21T22:00:00+09:00
0.306,8.52,0.92, 2026-03-21T22:00:00+09:00, 2026-03-21T22:30:00+09:00
0.312,8.68,0.92, 2026-03-21T22:30:00+09:00, 2026-03-21T23:00:00+09:00
0.296,8.24,0.92, 2026-03-21T23:00:00+09:00, 2026-03-21T23:30:00+09:00
0.187,5.2,0.92, 2026-03-21T23:30:00+09:00, 2026-03-22T00:00:00+09:00
0.037,1.03,0.92, 2026-03-22T00:00:00+09:00, 2026-03-22T00:30:00+09:00
0.056,1.56,0.92, 2026-03-22T00:30:00+09:00, 2026-03-22T01:00:00+09:00
0.04,1.11,0.92, 2026-03-22T01:00:00+09:00, 2026-03-22T01:30:00+09:00
0.056,1.56,0.92, 2026-03-22T01:30:00+09:00, 2026-03-22T02:00:00+09:00
0.04,1.11,0.92, 2026-03-22T02:00:00+09:00, 2026-03-22T02:30:00+09:00
0.036,1,0.92, 2026-03-22T02:30:00+09:00, 2026-03-22T03:00:00+09:00
0.044,1.22,0.92, 2026-03-22T03:00:00+09:00, 2026-03-22T03:30:00+09:00
0.026,0.72,0.92, 2026-03-22T03:30:00+09:00, 2026-03-22T04:00:00+09:00
0.045,1.25,0.92, 2026-03-22T04:00:00+09:00, 2026-03-22T04:30:00+09:00
0.028,0.78,0.92, 2026-03-22T04:30:00+09:00, 2026-03-22T05:00:00+09:00
0.244,6.79,0.92, 2026-03-22T05:00:00+09:00, 2026-03-22T05:30:00+09:00
2.111,58.74,0.92, 2026-03-22T05:30:00+09:00, 2026-03-22T06:00:00+09:00
0.349,9.71,0.92, 2026-03-22T06:00:00+09:00, 2026-03-22T06:30:00+09:00
0.361,10.05,0.92, 2026-03-22T06:30:00+09:00, 2026-03-22T07:00:00+09:00
1.254,34.89,0.92, 2026-03-22T07:00:00+09:00, 2026-03-22T07:30:00+09:00
0.062,1.73,0.92, 2026-03-22T07:30:00+09:00, 2026-03-22T08:00:00+09:00
0.054,1.5,0.92, 2026-03-22T08:00:00+09:00, 2026-03-22T08:30:00+09:00
0.058,1.61,0.92, 2026-03-22T08:30:00+09:00, 2026-03-22T09:00:00+09:00
0.171,4.76,0.92, 2026-03-22T09:00:00+09:00, 2026-03-22T09:30:00+09:00
0.279,7.76,0.92, 2026-03-22T09:30:00+09:00, 2026-03-22T10:00:00+09:00
0.294,8.18,0.92, 2026-03-22T10:00:00+09:00, 2026-03-22T10:30:00+09:00
0.275,7.65,0.92, 2026-03-22T10:30:00+09:00, 2026-03-22T11:00:00+09:00
0.197,5.48,0.92, 2026-03-22T11:00:00+09:00, 2026-03-22T11:30:00+09:00
0.022,0.61,0.92, 2026-03-22T11:30:00+09:00, 2026-03-22T12:00:00+09:00
0.031,0.86,0.92, 2026-03-22T12:00:00+09:00, 2026-03-22T12:30:00+09:00
0.027,0.75,0.92, 2026-03-22T12:30:00+09:00, 2026-03-22T13:00:00+09:00
0.025,0.7,0.92, 2026-03-22T13:00:00+09:00, 2026-03-22T13:30:00+09:00
0.031,0.86,0.92, 2026-03-22T13:30:00+09:00, 2026-03-22T14:00:00+09:00
0.021,0.58,0.92, 2026-03-22T14:00:00+09:00, 2026-03-22T14:30:00+09:00
0.035,0.97,0.92, 2026-03-22T14:30:00+09:00, 2026-03-22T15:00:00+09:00
0.02,0.56,0.92, 2026-03-22T15:00:00+09:00, 2026-03-22T15:30:00+09:00
0.047,1.31,0.92, 2026-03-22T15:30:00+09:00, 2026-03-22T16:00:00+09:00
0.026,0.72,0.92, 2026-03-22T16:00:00+09:00, 2026-03-22T16:30:00+09:00
0.047,1.31,0.92, 2026-03-22T16:30:00+09:00, 2026-03-22T17:00:00+09:00
0.032,0.89,0.92, 2026-03-22T17:00:00+09:00, 2026-03-22T17:30:00+09:00
0.047,1.31,0.92, 2026-03-22T17:30:00+09:00, 2026-03-22T18:00:00+09:00
0.03,0.83,0.92, 2026-03-22T18:00:00+09:00, 2026-03-22T18:30:00+09:00
0.048,1.34,0.92, 2026-03-22T18:30:00+09:00, 2026-03-22T19:00:00+09:00
0.03,0.83,0.92, 2026-03-22T19:00:00+09:00, 2026-03-22T19:30:00+09:00
0.063,1.75,0.92, 2026-03-22T19:30:00+09:00, 2026-03-22T20:00:00+09:00
0.033,0.92,0.92, 2026-03-22T20:00:00+09:00, 2026-03-22T20:30:00+09:00
0.049,1.36,0.92, 2026-03-22T20:30:00+09:00, 2026-03-22T21:00:00+09:00
0.259,7.21,0.92, 2026-03-22T21:00:00+09:00, 2026-03-22T21:30:00+09:00
0.305,8.49,0.92, 2026-03-22T21:30:00+09:00, 2026-03-22T22:00:00+09:00
0.299,8.32,0.92, 2026-03-22T22:00:00+09:00, 2026-03-22T22:30:00+09:00
0.035,0.97,0.92, 2026-03-22T22:30:00+09:00, 2026-03-22T23:00:00+09:00
0.034,0.95,0.92, 2026-03-22T23:00:00+09:00, 2026-03-22T23:30:00+09:00
0.033,0.92,0.92, 2026-03-22T23:30:00+09:00, 2026-03-23T00:00:00+09:00
0.037,1.03,0.92, 2026-03-23T00:00:00+09:00, 2026-03-23T00:30:00+09:00
0.029,0.81,0.92, 2026-03-23T00:30:00+09:00, 2026-03-23T01:00:00+09:00
0.039,1.09,0.92, 2026-03-23T01:00:00+09:00, 2026-03-23T01:30:00+09:00
0.028,0.78,0.92, 2026-03-23T01:30:00+09:00, 2026-03-23T02:00:00+09:00
0.04,1.11,0.92, 2026-03-23T02:00:00+09:00, 2026-03-23T02:30:00+09:00
0.027,0.75,0.92, 2026-03-23T02:30:00+09:00, 2026-03-23T03:00:00+09:00
0.04,1.11,0.92, 2026-03-23T03:00:00+09:00, 2026-03-23T03:30:00+09:00
0.027,0.75,0.92, 2026-03-23T03:30:00+09:00, 2026-03-23T04:00:00+09:00
0.04,1.11,0.92, 2026-03-23T04:00:00+09:00, 2026-03-23T04:30:00+09:00
0.027,0.75,0.92, 2026-03-23T04:30:00+09:00, 2026-03-23T05:00:00+09:00
0.093,2.59,0.92, 2026-03-23T05:00:00+09:00, 2026-03-23T05:30:00+09:00
1.228,34.17,0.92, 2026-03-23T05:30:00+09:00, 2026-03-23T06:00:00+09:00
0.358,9.96,0.92, 2026-03-23T06:00:00+09:00, 2026-03-23T06:30:00+09:00
0.048,1.34,0.92, 2026-03-23T06:30:00+09:00, 2026-03-23T07:00:00+09:00
1.263,35.15,0.92, 2026-03-23T07:00:00+09:00, 2026-03-23T07:30:00+09:00
0.327,9.1,0.92, 2026-03-23T07:30:00+09:00, 2026-03-23T08:00:00+09:00
0.064,1.78,0.92, 2026-03-23T08:00:00+09:00, 2026-03-23T08:30:00+09:00
0.042,1.17,0.92, 2026-03-23T08:30:00+09:00, 2026-03-23T09:00:00+09:00
0.121,3.37,0.92, 2026-03-23T09:00:00+09:00, 2026-03-23T09:30:00+09:00
0.282,7.85,0.92, 2026-03-23T09:30:00+09:00, 2026-03-23T10:00:00+09:00
0.294,8.18,0.92, 2026-03-23T10:00:00+09:00, 2026-03-23T10:30:00+09:00
0.278,7.74,0.92, 2026-03-23T10:30:00+09:00, 2026-03-23T11:00:00+09:00
0.248,6.9,0.92, 2026-03-23T11:00:00+09:00, 2026-03-23T11:30:00+09:00
0.016,0.45,0.92, 2026-03-23T11:30:00+09:00, 2026-03-23T12:00:00+09:00
0.035,0.97,0.92, 2026-03-23T12:00:00+09:00, 2026-03-23T12:30:00+09:00
0.016,0.45,0.92, 2026-03-23T12:30:00+09:00, 2026-03-23T13:00:00+09:00
0.035,0.97,0.92, 2026-03-23T13:00:00+09:00, 2026-03-23T13:30:00+09:00
0.016,0.45,0.92, 2026-03-23T13:30:00+09:00, 2026-03-23T14:00:00+09:00
0.035,0.97,0.92, 2026-03-23T14:00:00+09:00, 2026-03-23T14:30:00+09:00
0.016,0.45,0.92, 2026-03-23T14:30:00+09:00, 2026-03-23T15:00:00+09:00
0.035,0.97,0.92, 2026-03-23T15:00:00+09:00, 2026-03-23T15:30:00+09:00
0.016,0.45,0.92, 2026-03-23T15:30:00+09:00, 2026-03-23T16:00:00+09:00
0.034,0.95,0.92, 2026-03-23T16:00:00+09:00, 2026-03-23T16:30:00+09:00
0.02,0.56,0.92, 2026-03-23T16:30:00+09:00, 2026-03-23T17:00:00+09:00
0.049,1.36,0.92, 2026-03-23T17:00:00+09:00, 2026-03-23T17:30:00+09:00
0.045,1.25,0.92, 2026-03-23T17:30:00+09:00, 2026-03-23T18:00:00+09:00
0.053,1.47,0.92, 2026-03-23T18:00:00+09:00, 2026-03-23T18:30:00+09:00
0.042,1.17,0.92, 2026-03-23T18:30:00+09:00, 2026-03-23T19:00:00+09:00
0.061,1.7,0.92, 2026-03-23T19:00:00+09:00, 2026-03-23T19:30:00+09:00
0.218,6.07,0.92, 2026-03-23T19:30:00+09:00, 2026-03-23T20:00:00+09:00
0.313,8.71,0.92, 2026-03-23T20:00:00+09:00, 2026-03-23T20:30:00+09:00
0.273,7.6,0.92, 2026-03-23T20:30:00+09:00, 2026-03-23T21:00:00+09:00
0.33,9.18,0.92, 2026-03-23T21:00:00+09:00, 2026-03-23T21:30:00+09:00
0.249,6.93,0.92, 2026-03-23T21:30:00+09:00, 2026-03-23T22:00:00+09:00
0.044,1.22,0.92, 2026-03-23T22:00:00+09:00, 2026-03-23T22:30:00+09:00
0.026,0.72,0.92, 2026-03-23T22:30:00+09:00, 2026-03-23T23:00:00+09:00
0.043,1.2,0.92, 2026-03-23T23:00:00+09:00, 2026-03-23T23:30:00+09:00
0.027,0.75,0.92, 2026-03-23T23:30:00+09:00, 2026-03-24T00:00:00+09:00
0.043,1.2,0.92, 2026-03-24T00:00:00+09:00, 2026-03-24T00:30:00+09:00
0.035,0.97,0.92, 2026-03-24T00:30:00+09:00, 2026-03-24T01:00:00+09:00
0.304,8.46,0.92, 2026-03-24T01:00:00+09:00, 2026-03-24T01:30:00+09:00
0.333,9.27,0.92, 2026-03-24T01:30:00+09:00, 2026-03-24T02:00:00+09:00
0.048,1.34,0.92, 2026-03-24T02:00:00+09:00, 2026-03-24T02:30:00+09:00
0.061,1.7,0.92, 2026-03-24T02:30:00+09:00, 2026-03-24T03:00:00+09:00
0.051,1.42,0.92, 2026-03-24T03:00:00+09:00, 2026-03-24T03:30:00+09:00
0.062,1.73,0.92, 2026-03-24T03:30:00+09:00, 2026-03-24T04:00:00+09:00
0.044,1.22,0.92, 2026-03-24T04:00:00+09:00, 2026-03-24T04:30:00+09:00
0.059,1.64,0.92, 2026-03-24T04:30:00+09:00, 2026-03-24T05:00:00+09:00
0.092,2.56,0.92, 2026-03-24T05:00:00+09:00, 2026-03-24T05:30:00+09:00
0.037,1.03,0.92, 2026-03-24T05:30:00+09:00, 2026-03-24T06:00:00+09:00
0.033,0.92,0.92, 2026-03-24T06:00:00+09:00, 2026-03-24T06:30:00+09:00
0.036,1,0.92, 2026-03-24T06:30:00+09:00, 2026-03-24T07:00:00+09:00
0.034,0.95,0.92, 2026-03-24T07:00:00+09:00, 2026-03-24T07:30:00+09:00
0.24,6.68,0.92, 2026-03-24T07:30:00+09:00, 2026-03-24T08:00:00+09:00
1.348,37.51,0.92, 2026-03-24T08:00:00+09:00, 2026-03-24T08:30:00+09:00
0.042,1.17,0.92, 2026-03-24T08:30:00+09:00, 2026-03-24T09:00:00+09:00
1.51,42.02,0.92, 2026-03-24T09:00:00+09:00, 2026-03-24T09:30:00+09:00
0.172,4.79,0.92, 2026-03-24T09:30:00+09:00, 2026-03-24T10:00:00+09:00
0.296,8.24,0.92, 2026-03-24T10:00:00+09:00, 2026-03-24T10:30:00+09:00
0.28,7.79,0.92, 2026-03-24T10:30:00+09:00, 2026-03-24T11:00:00+09:00
0.298,8.29,0.92, 2026-03-24T11:00:00+09:00, 2026-03-24T11:30:00+09:00
0.228,6.34,0.92, 2026-03-24T11:30:00+09:00, 2026-03-24T12:00:00+09:00
0.036,1,0.92, 2026-03-24T12:00:00+09:00, 2026-03-24T12:30:00+09:00
0.017,0.47,0.92, 2026-03-24T12:30:00+09:00, 2026-03-24T13:00:00+09:00
0.036,1,0.92, 2026-03-24T13:00:00+09:00, 2026-03-24T13:30:00+09:00
0.017,0.47,0.92, 2026-03-24T13:30:00+09:00, 2026-03-24T14:00:00+09:00
0.036,1,0.92, 2026-03-24T14:00:00+09:00, 2026-03-24T14:30:00+09:00
0.017,0.47,0.92, 2026-03-24T14:30:00+09:00, 2026-03-24T15:00:00+09:00
0.036,1,0.92, 2026-03-24T15:00:00+09:00, 2026-03-24T15:30:00+09:00
0.017,0.47,0.92, 2026-03-24T15:30:00+09:00, 2026-03-24T16:00:00+09:00
0.036,1,0.92, 2026-03-24T16:00:00+09:00, 2026-03-24T16:30:00+09:00
0.018,0.5,0.92, 2026-03-24T16:30:00+09:00, 2026-03-24T17:00:00+09:00
0.044,1.22,0.92, 2026-03-24T17:00:00+09:00, 2026-03-24T17:30:00+09:00
0.032,0.89,0.92, 2026-03-24T17:30:00+09:00, 2026-03-24T18:00:00+09:00
0.056,1.56,0.92, 2026-03-24T18:00:00+09:00, 2026-03-24T18:30:00+09:00
0.041,1.14,0.92, 2026-03-24T18:30:00+09:00, 2026-03-24T19:00:00+09:00
0.052,1.45,0.92, 2026-03-24T19:00:00+09:00, 2026-03-24T19:30:00+09:00
0.036,1,0.92, 2026-03-24T19:30:00+09:00, 2026-03-24T20:00:00+09:00
0.058,1.61,0.92, 2026-03-24T20:00:00+09:00, 2026-03-24T20:30:00+09:00
0.036,1,0.92, 2026-03-24T20:30:00+09:00, 2026-03-24T21:00:00+09:00
0.049,1.36,0.92, 2026-03-24T21:00:00+09:00, 2026-03-24T21:30:00+09:00
0.268,7.46,0.92, 2026-03-24T21:30:00+09:00, 2026-03-24T22:00:00+09:00
0.296,8.24,0.92, 2026-03-24T22:00:00+09:00, 2026-03-24T22:30:00+09:00
0.309,8.6,0.92, 2026-03-24T22:30:00+09:00, 2026-03-24T23:00:00+09:00
0.294,8.18,0.92, 2026-03-24T23:00:00+09:00, 2026-03-24T23:30:00+09:00
0.119,3.31,0.92, 2026-03-24T23:30:00+09:00, 2026-03-25T00:00:00+09:00
0.025,0.7,0.92, 2026-03-25T00:00:00+09:00, 2026-03-25T00:30:00+09:00
0.05,1.39,0.92, 2026-03-25T00:30:00+09:00, 2026-03-25T01:00:00+09:00
0.025,0.7,0.92, 2026-03-25T01:00:00+09:00, 2026-03-25T01:30:00+09:00
0.043,1.2,0.92, 2026-03-25T01:30:00+09:00, 2026-03-25T02:00:00+09:00
0.03,0.83,0.92, 2026-03-25T02:00:00+09:00, 2026-03-25T02:30:00+09:00
0.041,1.14,0.92, 2026-03-25T02:30:00+09:00, 2026-03-25T03:00:00+09:00
0.035,0.97,0.92, 2026-03-25T03:00:00+09:00, 2026-03-25T03:30:00+09:00
0.034,0.95,0.92, 2026-03-25T03:30:00+09:00, 2026-03-25T04:00:00+09:00
0.039,1.09,0.92, 2026-03-25T04:00:00+09:00, 2026-03-25T04:30:00+09:00
0.029,0.81,0.92, 2026-03-25T04:30:00+09:00, 2026-03-25T05:00:00+09:00
0.092,2.56,0.92, 2026-03-25T05:00:00+09:00, 2026-03-25T05:30:00+09:00
0.026,0.72,0.92, 2026-03-25T05:30:00+09:00, 2026-03-25T06:00:00+09:00
0.931,25.91,0.92, 2026-03-25T06:00:00+09:00, 2026-03-25T06:30:00+09:00
1.499,41.71,0.92, 2026-03-25T06:30:00+09:00, 2026-03-25T07:00:00+09:00
0.764,21.26,0.92, 2026-03-25T07:00:00+09:00, 2026-03-25T07:30:00+09:00
0.037,1.03,0.92, 2026-03-25T07:30:00+09:00, 2026-03-25T08:00:00+09:00
0.06,1.67,0.92, 2026-03-25T08:00:00+09:00, 2026-03-25T08:30:00+09:00
0.154,4.29,0.92, 2026-03-25T08:30:00+09:00, 2026-03-25T09:00:00+09:00
0.35,9.74,0.92, 2026-03-25T09:00:00+09:00, 2026-03-25T09:30:00+09:00
0.238,6.62,0.92, 2026-03-25T09:30:00+09:00, 2026-03-25T10:00:00+09:00
0.069,1.92,0.92, 2026-03-25T10:00:00+09:00, 2026-03-25T10:30:00+09:00
0.279,7.76,0.92, 2026-03-25T10:30:00+09:00, 2026-03-25T11:00:00+09:00
0.293,8.15,0.92, 2026-03-25T11:00:00+09:00, 2026-03-25T11:30:00+09:00
0.284,7.9,0.92, 2026-03-25T11:30:00+09:00, 2026-03-25T12:00:00+09:00
0.291,8.1,0.92, 2026-03-25T12:00:00+09:00, 2026-03-25T12:30:00+09:00
0.047,1.31,0.92, 2026-03-25T12:30:00+09:00, 2026-03-25T13:00:00+09:00
0.027,0.75,0.92, 2026-03-25T13:00:00+09:00, 2026-03-25T13:30:00+09:00
0.029,0.81,0.92, 2026-03-25T13:30:00+09:00, 2026-03-25T14:00:00+09:00
0.023,0.64,0.92, 2026-03-25T14:00:00+09:00, 2026-03-25T14:30:00+09:00
0.032,0.89,0.92, 2026-03-25T14:30:00+09:00, 2026-03-25T15:00:00+09:00
0.021,0.58,0.92, 2026-03-25T15:00:00+09:00, 2026-03-25T15:30:00+09:00
0.033,0.92,0.92, 2026-03-25T15:30:00+09:00, 2026-03-25T16:00:00+09:00
0.02,0.56,0.92, 2026-03-25T16:00:00+09:00, 2026-03-25T16:30:00+09:00
0.036,1,0.92, 2026-03-25T16:30:00+09:00, 2026-03-25T17:00:00+09:00
0.027,0.75,0.92, 2026-03-25T17:00:00+09:00, 2026-03-25T17:30:00+09:00
0.046,1.28,0.92, 2026-03-25T17:30:00+09:00, 2026-03-25T18:00:00+09:00
0.037,1.03,0.92, 2026-03-25T18:00:00+09:00, 2026-03-25T18:30:00+09:00
0.283,7.88,0.92, 2026-03-25T18:30:00+09:00, 2026-03-25T19:00:00+09:00
0.3,8.35,0.92, 2026-03-25T19:00:00+09:00, 2026-03-25T19:30:00+09:00
0.094,2.62,0.92, 2026-03-25T19:30:00+09:00, 2026-03-25T20:00:00+09:00
0.024,0.67,0.92, 2026-03-25T20:00:00+09:00, 2026-03-25T20:30:00+09:00
0.042,1.17,0.92, 2026-03-25T20:30:00+09:00, 2026-03-25T21:00:00+09:00
0.025,0.7,0.92, 2026-03-25T21:00:00+09:00, 2026-03-25T21:30:00+09:00
0.042,1.17,0.92, 2026-03-25T21:30:00+09:00, 2026-03-25T22:00:00+09:00
0.027,0.75,0.92, 2026-03-25T22:00:00+09:00, 2026-03-25T22:30:00+09:00
0.039,1.09,0.92, 2026-03-25T22:30:00+09:00, 2026-03-25T23:00:00+09:00
0.028,0.78,0.92, 2026-03-25T23:00:00+09:00, 2026-03-25T23:30:00+09:00
0.039,1.09,0.92, 2026-03-25T23:30:00+09:00, 2026-03-26T00:00:00+09:00
0.029,0.81,0.92, 2026-03-26T00:00:00+09:00, 2026-03-26T00:30:00+09:00
0.038,1.06,0.92, 2026-03-26T00:30:00+09:00, 2026-03-26T01:00:00+09:00
0.029,0.81,0.92, 2026-03-26T01:00:00+09:00, 2026-03-26T01:30:00+09:00
0.038,1.06,0.92, 2026-03-26T01:30:00+09:00, 2026-03-26T02:00:00+09:00
0.029,0.81,0.92, 2026-03-26T02:00:00+09:00, 2026-03-26T02:30:00+09:00
0.037,1.03,0.92, 2026-03-26T02:30:00+09:00, 2026-03-26T03:00:00+09:00
0.03,0.83,0.92, 2026-03-26T03:00:00+09:00, 2026-03-26T03:30:00+09:00
0.037,1.03,0.92, 2026-03-26T03:30:00+09:00, 2026-03-26T04:00:00+09:00
0.03,0.83,0.92, 2026-03-26T04:00:00+09:00, 2026-03-26T04:30:00+09:00
0.036,1,0.92, 2026-03-26T04:30:00+09:00, 2026-03-26T05:00:00+09:00
0.08,2.23,0.92, 2026-03-26T05:00:00+09:00, 2026-03-26T05:30:00+09:00
0.037,1.03,0.92, 2026-03-26T05:30:00+09:00, 2026-03-26T06:00:00+09:00
0.029,0.81,0.92, 2026-03-26T06:00:00+09:00, 2026-03-26T06:30:00+09:00
0.037,1.03,0.92, 2026-03-26T06:30:00+09:00, 2026-03-26T07:00:00+09:00
1.05,29.22,0.92, 2026-03-26T07:00:00+09:00, 2026-03-26T07:30:00+09:00
1.532,42.63,0.92, 2026-03-26T07:30:00+09:00, 2026-03-26T08:00:00+09:00
0.53,14.75,0.92, 2026-03-26T08:00:00+09:00, 2026-03-26T08:30:00+09:00
0.103,2.87,0.92, 2026-03-26T08:30:00+09:00, 2026-03-26T09:00:00+09:00
0.04,1.11,0.92, 2026-03-26T09:00:00+09:00, 2026-03-26T09:30:00+09:00
0.178,4.95,0.92, 2026-03-26T09:30:00+09:00, 2026-03-26T10:00:00+09:00
0.263,7.32,0.92, 2026-03-26T10:00:00+09:00, 2026-03-26T10:30:00+09:00
0.28,7.79,0.92, 2026-03-26T10:30:00+09:00, 2026-03-26T11:00:00+09:00
0.292,8.13,0.92, 2026-03-26T11:00:00+09:00, 2026-03-26T11:30:00+09:00
0.279,7.76,0.92, 2026-03-26T11:30:00+09:00, 2026-03-26T12:00:00+09:00
0.099,2.75,0.92, 2026-03-26T12:00:00+09:00, 2026-03-26T12:30:00+09:00
0.016,0.45,0.92, 2026-03-26T12:30:00+09:00, 2026-03-26T13:00:00+09:00
0.035,0.97,0.92, 2026-03-26T13:00:00+09:00, 2026-03-26T13:30:00+09:00
0.02,0.56,0.92, 2026-03-26T13:30:00+09:00, 2026-03-26T14:00:00+09:00
0.035,0.97,0.92, 2026-03-26T14:00:00+09:00, 2026-03-26T14:30:00+09:00
0.017,0.47,0.92, 2026-03-26T14:30:00+09:00, 2026-03-26T15:00:00+09:00
0.035,0.97,0.92, 2026-03-26T15:00:00+09:00, 2026-03-26T15:30:00+09:00
0.017,0.47,0.92, 2026-03-26T15:30:00+09:00, 2026-03-26T16:00:00+09:00
0.035,0.97,0.92, 2026-03-26T16:00:00+09:00, 2026-03-26T16:30:00+09:00
0.019,0.53,0.92, 2026-03-26T16:30:00+09:00, 2026-03-26T17:00:00+09:00
0.043,1.2,0.92, 2026-03-26T17:00:00+09:00, 2026-03-26T17:30:00+09:00
0.026,0.72,0.92, 2026-03-26T17:30:00+09:00, 2026-03-26T18:00:00+09:00
0.049,1.36,0.92, 2026-03-26T18:00:00+09:00, 2026-03-26T18:30:00+09:00
0.025,0.7,0.92, 2026-03-26T18:30:00+09:00, 2026-03-26T19:00:00+09:00
0.052,1.45,0.92, 2026-03-26T19:00:00+09:00, 2026-03-26T19:30:00+09:00
0.034,0.95,0.92, 2026-03-26T19:30:00+09:00, 2026-03-26T20:00:00+09:00
0.046,1.28,0.92, 2026-03-26T20:00:00+09:00, 2026-03-26T20:30:00+09:00
0.024,0.67,0.92, 2026-03-26T20:30:00+09:00, 2026-03-26T21:00:00+09:00
0.045,1.25,0.92, 2026-03-26T21:00:00+09:00, 2026-03-26T21:30:00+09:00
0.024,0.67,0.92, 2026-03-26T21:30:00+09:00, 2026-03-26T22:00:00+09:00
0.045,1.25,0.92, 2026-03-26T22:00:00+09:00, 2026-03-26T22:30:00+09:00
0.025,0.7,0.92, 2026-03-26T22:30:00+09:00, 2026-03-26T23:00:00+09:00
0.044,1.22,0.92, 2026-03-26T23:00:00+09:00, 2026-03-26T23:30:00+09:00
0.025,0.7,0.92, 2026-03-26T23:30:00+09:00, 2026-03-27T00:00:00+09:00
0.041,1.14,0.92, 2026-03-27T00:00:00+09:00, 2026-03-27T00:30:00+09:00
0.028,0.78,0.92, 2026-03-27T00:30:00+09:00, 2026-03-27T01:00:00+09:00
0.038,1.06,0.92, 2026-03-27T01:00:00+09:00, 2026-03-27T01:30:00+09:00
0.031,0.86,0.92, 2026-03-27T01:30:00+09:00, 2026-03-27T02:00:00+09:00
0.034,0.95,0.92, 2026-03-27T02:00:00+09:00, 2026-03-27T02:30:00+09:00
0.035,0.97,0.92, 2026-03-27T02:30:00+09:00, 2026-03-27T03:00:00+09:00
0.031,0.86,0.92, 2026-03-27T03:00:00+09:00, 2026-03-27T03:30:00+09:00
0.037,1.03,0.92, 2026-03-27T03:30:00+09:00, 2026-03-27T04:00:00+09:00
0.029,0.81,0.92, 2026-03-27T04:00:00+09:00, 2026-03-27T04:30:00+09:00
0.039,1.09,0.92, 2026-03-27T04:30:00+09:00, 2026-03-27T05:00:00+09:00
0.076,2.11,0.92, 2026-03-27T05:00:00+09:00, 2026-03-27T05:30:00+09:00
0.043,1.2,0.92, 2026-03-27T05:30:00+09:00, 2026-03-27T06:00:00+09:00
0.024,0.67,0.92, 2026-03-27T06:00:00+09:00, 2026-03-27T06:30:00+09:00
0.044,1.22,0.92, 2026-03-27T06:30:00+09:00, 2026-03-27T07:00:00+09:00
0.025,0.7,0.92, 2026-03-27T07:00:00+09:00, 2026-03-27T07:30:00+09:00
1.116,31.05,0.92, 2026-03-27T07:30:00+09:00, 2026-03-27T08:00:00+09:00
1.642,45.69,0.92, 2026-03-27T08:00:00+09:00, 2026-03-27T08:30:00+09:00
0.455,12.66,0.92, 2026-03-27T08:30:00+09:00, 2026-03-27T09:00:00+09:00
0.038,1.06,0.92, 2026-03-27T09:00:00+09:00, 2026-03-27T09:30:00+09:00
0.057,1.59,0.92, 2026-03-27T09:30:00+09:00, 2026-03-27T10:00:00+09:00
0.045,1.25,0.92, 2026-03-27T10:00:00+09:00, 2026-03-27T10:30:00+09:00
0.099,2.75,0.92, 2026-03-27T10:30:00+09:00, 2026-03-27T11:00:00+09:00
0.291,8.1,0.92, 2026-03-27T11:00:00+09:00, 2026-03-27T11:30:00+09:00
0.308,8.57,0.92, 2026-03-27T11:30:00+09:00, 2026-03-27T12:00:00+09:00
0.29,8.07,0.92, 2026-03-27T12:00:00+09:00, 2026-03-27T12:30:00+09:00
0.308,8.57,0.92, 2026-03-27T12:30:00+09:00, 2026-03-27T13:00:00+09:00
0.026,0.72,0.92, 2026-03-27T13:00:00+09:00, 2026-03-27T13:30:00+09:00
0.044,1.22,0.92, 2026-03-27T13:30:00+09:00, 2026-03-27T14:00:00+09:00
0.022,0.61,0.92, 2026-03-27T14:00:00+09:00, 2026-03-27T14:30:00+09:00
0.034,0.95,0.92, 2026-03-27T14:30:00+09:00, 2026-03-27T15:00:00+09:00
0.018,0.5,0.92, 2026-03-27T15:00:00+09:00, 2026-03-27T15:30:00+09:00
0.033,0.92,0.92, 2026-03-27T15:30:00+09:00, 2026-03-27T16:00:00+09:00
0.02,0.56,0.92, 2026-03-27T16:00:00+09:00, 2026-03-27T16:30:00+09:00
0.033,0.92,0.92, 2026-03-27T16:30:00+09:00, 2026-03-27T17:00:00+09:00
0.029,0.81,0.92, 2026-03-27T17:00:00+09:00, 2026-03-27T17:30:00+09:00
0.043,1.2,0.92, 2026-03-27T17:30:00+09:00, 2026-03-27T18:00:00+09:00
0.032,0.89,0.92, 2026-03-27T18:00:00+09:00, 2026-03-27T18:30:00+09:00
0.047,1.31,0.92, 2026-03-27T18:30:00+09:00, 2026-03-27T19:00:00+09:00
0.044,1.22,0.92, 2026-03-27T19:00:00+09:00, 2026-03-27T19:30:00+09:00
0.046,1.28,0.92, 2026-03-27T19:30:00+09:00, 2026-03-27T20:00:00+09:00
0.024,0.67,0.92, 2026-03-27T20:00:00+09:00, 2026-03-27T20:30:00+09:00
0.044,1.22,0.92, 2026-03-27T20:30:00+09:00, 2026-03-27T21:00:00+09:00
0.024,0.67,0.92, 2026-03-27T21:00:00+09:00, 2026-03-27T21:30:00+09:00
0.044,1.22,0.92, 2026-03-27T21:30:00+09:00, 2026-03-27T22:00:00+09:00
0.024,0.67,0.92, 2026-03-27T22:00:00+09:00, 2026-03-27T22:30:00+09:00
0.044,1.22,0.92, 2026-03-27T22:30:00+09:00, 2026-03-27T23:00:00+09:00
0.024,0.67,0.92, 2026-03-27T23:00:00+09:00, 2026-03-27T23:30:00+09:00
0.043,1.2,0.92, 2026-03-27T23:30:00+09:00, 2026-03-28T00:00:00+09:00
0.025,0.7,0.92, 2026-03-28T00:00:00+09:00, 2026-03-28T00:30:00+09:00
0.044,1.22,0.92, 2026-03-28T00:30:00+09:00, 2026-03-28T01:00:00+09:00
0.024,0.67,0.92, 2026-03-28T01:00:00+09:00, 2026-03-28T01:30:00+09:00
0.043,1.2,0.92, 2026-03-28T01:30:00+09:00, 2026-03-28T02:00:00+09:00
0.025,0.7,0.92, 2026-03-28T02:00:00+09:00, 2026-03-28T02:30:00+09:00
0.043,1.2,0.92, 2026-03-28T02:30:00+09:00, 2026-03-28T03:00:00+09:00
0.024,0.67,0.92, 2026-03-28T03:00:00+09:00, 2026-03-28T03:30:00+09:00
0.044,1.22,0.92, 2026-03-28T03:30:00+09:00, 2026-03-28T04:00:00+09:00
0.024,0.67,0.92, 2026-03-28T04:00:00+09:00, 2026-03-28T04:30:00+09:00
0.044,1.22,0.92, 2026-03-28T04:30:00+09:00, 2026-03-28T05:00:00+09:00
0.074,2.06,0.92, 2026-03-28T05:00:00+09:00, 2026-03-28T05:30:00+09:00
0.043,1.2,0.92, 2026-03-28T05:30:00+09:00, 2026-03-28T06:00:00+09:00
0.025,0.7,0.92, 2026-03-28T06:00:00+09:00, 2026-03-28T06:30:00+09:00
0.043,1.2,0.92, 2026-03-28T06:30:00+09:00, 2026-03-28T07:00:00+09:00
1.029,28.63,0.92, 2026-03-28T07:00:00+09:00, 2026-03-28T07:30:00+09:00
1.544,42.96,0.92, 2026-03-28T07:30:00+09:00, 2026-03-28T08:00:00+09:00
0.514,14.3,0.92, 2026-03-28T08:00:00+09:00, 2026-03-28T08:30:00+09:00
0.081,2.25,0.92, 2026-03-28T08:30:00+09:00, 2026-03-28T09:00:00+09:00
0.204,5.68,0.92, 2026-03-28T09:00:00+09:00, 2026-03-28T09:30:00+09:00
0.108,3.01,0.92, 2026-03-28T09:30:00+09:00, 2026-03-28T10:00:00+09:00
0.287,7.99,0.92, 2026-03-28T10:00:00+09:00, 2026-03-28T10:30:00+09:00
0.288,8.01,0.92, 2026-03-28T10:30:00+09:00, 2026-03-28T11:00:00+09:00
0.289,8.04,0.92, 2026-03-28T11:00:00+09:00, 2026-03-28T11:30:00+09:00
0.265,7.37,0.92, 2026-03-28T11:30:00+09:00, 2026-03-28T12:00:00+09:00
0.028,0.78,0.92, 2026-03-28T12:00:00+09:00, 2026-03-28T12:30:00+09:00
0.023,0.64,0.92, 2026-03-28T12:30:00+09:00, 2026-03-28T13:00:00+09:00
0.028,0.78,0.92, 2026-03-28T13:00:00+09:00, 2026-03-28T13:30:00+09:00
0.024,0.67,0.92, 2026-03-28T13:30:00+09:00, 2026-03-28T14:00:00+09:00
0.027,0.75,0.92, 2026-03-28T14:00:00+09:00, 2026-03-28T14:30:00+09:00
0.025,0.7,0.92, 2026-03-28T14:30:00+09:00, 2026-03-28T15:00:00+09:00
0.029,0.81,0.92, 2026-03-28T15:00:00+09:00, 2026-03-28T15:30:00+09:00
0.022,0.61,0.92, 2026-03-28T15:30:00+09:00, 2026-03-28T16:00:00+09:00
0.029,0.81,0.92, 2026-03-28T16:00:00+09:00, 2026-03-28T16:30:00+09:00
0.023,0.64,0.92, 2026-03-28T16:30:00+09:00, 2026-03-28T17:00:00+09:00
0.038,1.06,0.92, 2026-03-28T17:00:00+09:00, 2026-03-28T17:30:00+09:00
0.034,0.95,0.92, 2026-03-28T17:30:00+09:00, 2026-03-28T18:00:00+09:00
0.045,1.25,0.92, 2026-03-28T18:00:00+09:00, 2026-03-28T18:30:00+09:00
0.13,3.62,0.92, 2026-03-28T18:30:00+09:00, 2026-03-28T19:00:00+09:00
0.105,2.92,0.92, 2026-03-28T19:00:00+09:00, 2026-03-28T19:30:00+09:00
0.048,1.34,0.92, 2026-03-28T19:30:00+09:00, 2026-03-28T20:00:00+09:00
0.044,1.22,0.92, 2026-03-28T20:00:00+09:00, 2026-03-28T20:30:00+09:00
0.045,1.25,0.92, 2026-03-28T20:30:00+09:00, 2026-03-28T21:00:00+09:00
0.054,1.5,0.92, 2026-03-28T21:00:00+09:00, 2026-03-28T21:30:00+09:00
0.193,5.37,0.92, 2026-03-28T21:30:00+09:00, 2026-03-28T22:00:00+09:00
0.293,8.15,0.92, 2026-03-28T22:00:00+09:00, 2026-03-28T22:30:00+09:00
0.292,8.13,0.92, 2026-03-28T22:30:00+09:00, 2026-03-28T23:00:00+09:00
0.137,3.81,0.92, 2026-03-28T23:00:00+09:00, 2026-03-28T23:30:00+09:00
0.429,11.94,0.92, 2026-03-28T23:30:00+09:00, 2026-03-29T00:00:00+09:00
1.496,41.63,0.92, 2026-03-29T00:00:00+09:00, 2026-03-29T00:30:00+09:00
1.108,30.83,0.92, 2026-03-29T00:30:00+09:00, 2026-03-29T01:00:00+09:00
0.074,2.06,0.92, 2026-03-29T01:00:00+09:00, 2026-03-29T01:30:00+09:00
0.149,4.15,0.92, 2026-03-29T01:30:00+09:00, 2026-03-29T02:00:00+09:00
0.056,1.56,0.92, 2026-03-29T02:00:00+09:00, 2026-03-29T02:30:00+09:00
0.042,1.17,0.92, 2026-03-29T02:30:00+09:00, 2026-03-29T03:00:00+09:00
0.066,1.84,0.92, 2026-03-29T03:00:00+09:00, 2026-03-29T03:30:00+09:00
0.042,1.17,0.92, 2026-03-29T03:30:00+09:00, 2026-03-29T04:00:00+09:00
0.058,1.61,0.92, 2026-03-29T04:00:00+09:00, 2026-03-29T04:30:00+09:00
0.04,1.11,0.92, 2026-03-29T04:30:00+09:00, 2026-03-29T05:00:00+09:00
0.425,11.83,0.92, 2026-03-29T05:00:00+09:00, 2026-03-29T05:30:00+09:00
0.604,16.81,0.92, 2026-03-29T05:30:00+09:00, 2026-03-29T06:00:00+09:00
0.131,3.65,0.92, 2026-03-29T06:00:00+09:00, 2026-03-29T06:30:00+09:00
0.059,1.64,0.92, 2026-03-29T06:30:00+09:00, 2026-03-29T07:00:00+09:00
0.06,1.67,0.92, 2026-03-29T07:00:00+09:00, 2026-03-29T07:30:00+09:00
0.05,1.39,0.92, 2026-03-29T07:30:00+09:00, 2026-03-29T08:00:00+09:00
0.062,1.73,0.92, 2026-03-29T08:00:00+09:00, 2026-03-29T08:30:00+09:00
0.257,7.15,0.92, 2026-03-29T08:30:00+09:00, 2026-03-29T09:00:00+09:00
0.281,7.82,0.92, 2026-03-29T09:00:00+09:00, 2026-03-29T09:30:00+09:00
0.291,8.1,0.92, 2026-03-29T09:30:00+09:00, 2026-03-29T10:00:00+09:00
0.276,7.68,0.92, 2026-03-29T10:00:00+09:00, 2026-03-29T10:30:00+09:00
0.119,3.31,0.92, 2026-03-29T10:30:00+09:00, 2026-03-29T11:00:00+09:00
0.018,0.5,0.92, 2026-03-29T11:00:00+09:00, 2026-03-29T11:30:00+09:00
0.034,0.95,0.92, 2026-03-29T11:30:00+09:00, 2026-03-29T12:00:00+09:00
0.017,0.47,0.92, 2026-03-29T12:00:00+09:00, 2026-03-29T12:30:00+09:00
0.034,0.95,0.92, 2026-03-29T12:30:00+09:00, 2026-03-29T13:00:00+09:00
0.021,0.58,0.92, 2026-03-29T13:00:00+09:00, 2026-03-29T13:30:00+09:00
0.03,0.83,0.92, 2026-03-29T13:30:00+09:00, 2026-03-29T14:00:00+09:00
0.023,0.64,0.92, 2026-03-29T14:00:00+09:00, 2026-03-29T14:30:00+09:00
0.028,0.78,0.92, 2026-03-29T14:30:00+09:00, 2026-03-29T15:00:00+09:00
0.024,0.67,0.92, 2026-03-29T15:00:00+09:00, 2026-03-29T15:30:00+09:00
0.027,0.75,0.92, 2026-03-29T15:30:00+09:00, 2026-03-29T16:00:00+09:00
0.035,0.97,0.92, 2026-03-29T16:00:00+09:00, 2026-03-29T16:30:00+09:00
0.046,1.28,0.92, 2026-03-29T16:30:00+09:00, 2026-03-29T17:00:00+09:00
0.052,1.45,0.92, 2026-03-29T17:00:00+09:00, 2026-03-29T17:30:00+09:00
0.048,1.34,0.92, 2026-03-29T17:30:00+09:00, 2026-03-29T18:00:00+09:00
0.045,1.25,0.92, 2026-03-29T18:00:00+09:00, 2026-03-29T18:30:00+09:00
0.049,1.36,0.92, 2026-03-29T18:30:00+09:00, 2026-03-29T19:00:00+09:00
0.043,1.2,0.92, 2026-03-29T19:00:00+09:00, 2026-03-29T19:30:00+09:00
0.051,1.42,0.92, 2026-03-29T19:30:00+09:00, 2026-03-29T20:00:00+09:00
0.159,4.42,0.92, 2026-03-29T20:00:00+09:00, 2026-03-29T20:30:00+09:00
0.297,8.26,0.92, 2026-03-29T20:30:00+09:00, 2026-03-29T21:00:00+09:00
0.294,8.18,0.92, 2026-03-29T21:00:00+09:00, 2026-03-29T21:30:00+09:00
0.299,8.32,0.92, 2026-03-29T21:30:00+09:00, 2026-03-29T22:00:00+09:00
0.204,5.68,0.92, 2026-03-29T22:00:00+09:00, 2026-03-29T22:30:00+09:00
0.043,1.2,0.92, 2026-03-29T22:30:00+09:00, 2026-03-29T23:00:00+09:00
0.034,0.95,0.92, 2026-03-29T23:00:00+09:00, 2026-03-29T23:30:00+09:00
0.042,1.17,0.92, 2026-03-29T23:30:00+09:00, 2026-03-30T00:00:00+09:00
0.045,1.25,0.92, 2026-03-30T00:00:00+09:00, 2026-03-30T00:30:00+09:00
0.028,0.78,0.92, 2026-03-30T00:30:00+09:00, 2026-03-30T01:00:00+09:00
0.041,1.14,0.92, 2026-03-30T01:00:00+09:00, 2026-03-30T01:30:00+09:00
0.04,1.11,0.92, 2026-03-30T01:30:00+09:00, 2026-03-30T02:00:00+09:00
0.035,0.97,0.92, 2026-03-30T02:00:00+09:00, 2026-03-30T02:30:00+09:00
0.052,1.45,0.92, 2026-03-30T02:30:00+09:00, 2026-03-30T03:00:00+09:00
0.04,1.11,0.92, 2026-03-30T03:00:00+09:00, 2026-03-30T03:30:00+09:00
0.059,1.64,0.92, 2026-03-30T03:30:00+09:00, 2026-03-30T04:00:00+09:00
0.045,1.25,0.92, 2026-03-30T04:00:00+09:00, 2026-03-30T04:30:00+09:00
0.052,1.45,0.92, 2026-03-30T04:30:00+09:00, 2026-03-30T05:00:00+09:00
0.677,18.84,0.92, 2026-03-30T05:00:00+09:00, 2026-03-30T05:30:00+09:00
1.552,43.19,0.92, 2026-03-30T05:30:00+09:00, 2026-03-30T06:00:00+09:00
0.989,27.52,0.92, 2026-03-30T06:00:00+09:00, 2026-03-30T06:30:00+09:00
0.049,1.36,0.92, 2026-03-30T06:30:00+09:00, 2026-03-30T07:00:00+09:00
0.061,1.7,0.92, 2026-03-30T07:00:00+09:00, 2026-03-30T07:30:00+09:00
0.042,1.17,0.92, 2026-03-30T07:30:00+09:00, 2026-03-30T08:00:00+09:00
0.052,1.45,0.92, 2026-03-30T08:00:00+09:00, 2026-03-30T08:30:00+09:00
0.041,1.14,0.92, 2026-03-30T08:30:00+09:00, 2026-03-30T09:00:00+09:00
0.043,1.2,0.92, 2026-03-30T09:00:00+09:00, 2026-03-30T09:30:00+09:00
0.046,1.28,0.92, 2026-03-30T09:30:00+09:00, 2026-03-30T10:00:00+09:00
0.184,5.12,0.92, 2026-03-30T10:00:00+09:00, 2026-03-30T10:30:00+09:00
0.295,8.21,0.92, 2026-03-30T10:30:00+09:00, 2026-03-30T11:00:00+09:00
0.281,7.82,0.92, 2026-03-30T11:00:00+09:00, 2026-03-30T11:30:00+09:00
0.3,8.35,0.92, 2026-03-30T11:30:00+09:00, 2026-03-30T12:00:00+09:00
0.156,4.34,0.92, 2026-03-30T12:00:00+09:00, 2026-03-30T12:30:00+09:00
0.036,1,0.92, 2026-03-30T12:30:00+09:00, 2026-03-30T13:00:00+09:00
0.016,0.45,0.92, 2026-03-30T13:00:00+09:00, 2026-03-30T13:30:00+09:00
0.036,1,0.92, 2026-03-30T13:30:00+09:00, 2026-03-30T14:00:00+09:00
0.016,0.45,0.92, 2026-03-30T14:00:00+09:00, 2026-03-30T14:30:00+09:00
0.036,1,0.92, 2026-03-30T14:30:00+09:00, 2026-03-30T15:00:00+09:00
0.017,0.47,0.92, 2026-03-30T15:00:00+09:00, 2026-03-30T15:30:00+09:00
0.036,1,0.92, 2026-03-30T15:30:00+09:00, 2026-03-30T16:00:00+09:00
0.025,0.7,0.92, 2026-03-30T16:00:00+09:00, 2026-03-30T16:30:00+09:00
0.044,1.22,0.92, 2026-03-30T16:30:00+09:00, 2026-03-30T17:00:00+09:00
0.029,0.81,0.92, 2026-03-30T17:00:00+09:00, 2026-03-30T17:30:00+09:00
0.05,1.39,0.92, 2026-03-30T17:30:00+09:00, 2026-03-30T18:00:00+09:00
0.046,1.28,0.92, 2026-03-30T18:00:00+09:00, 2026-03-30T18:30:00+09:00
0.053,1.47,0.92, 2026-03-30T18:30:00+09:00, 2026-03-30T19:00:00+09:00
0.032,0.89,0.92, 2026-03-30T19:00:00+09:00, 2026-03-30T19:30:00+09:00
0.053,1.47,0.92, 2026-03-30T19:30:00+09:00, 2026-03-30T20:00:00+09:00
0.077,2.14,0.92, 2026-03-30T20:00:00+09:00, 2026-03-30T20:30:00+09:00
0.305,8.49,0.92, 2026-03-30T20:30:00+09:00, 2026-03-30T21:00:00+09:00
0.292,8.13,0.92, 2026-03-30T21:00:00+09:00, 2026-03-30T21:30:00+09:00
0.078,2.17,0.92, 2026-03-30T21:30:00+09:00, 2026-03-30T22:00:00+09:00
0.03,0.83,0.92, 2026-03-30T22:00:00+09:00, 2026-03-30T22:30:00+09:00
0.038,1.06,0.92, 2026-03-30T22:30:00+09:00, 2026-03-30T23:00:00+09:00
0.029,0.81,0.92, 2026-03-30T23:00:00+09:00, 2026-03-30T23:30:00+09:00
0.038,1.06,0.92, 2026-03-30T23:30:00+09:00, 2026-03-31T00:00:00+09:00
0.029,0.81,0.92, 2026-03-31T00:00:00+09:00, 2026-03-31T00:30:00+09:00
0.039,1.09,0.92, 2026-03-31T00:30:00+09:00, 2026-03-31T01:00:00+09:00
0.027,0.75,0.92, 2026-03-31T01:00:00+09:00, 2026-03-31T01:30:00+09:00
0.04,1.11,0.92, 2026-03-31T01:30:00+09:00, 2026-03-31T02:00:00+09:00
0.026,0.72,0.92, 2026-03-31T02:00:00+09:00, 2026-03-31T02:30:00+09:00
0.042,1.17,0.92, 2026-03-31T02:30:00+09:00, 2026-03-31T03:00:00+09:00
0.024,0.67,0.92, 2026-03-31T03:00:00+09:00, 2026-03-31T03:30:00+09:00
0.043,1.2,0.92, 2026-03-31T03:30:00+09:00, 2026-03-31T04:00:00+09:00
0.025,0.7,0.92, 2026-03-31T04:00:00+09:00, 2026-03-31T04:30:00+09:00
0.042,1.17,0.92, 2026-03-31T04:30:00+09:00, 2026-03-31T05:00:00+09:00
0.074,2.06,0.92, 2026-03-31T05:00:00+09:00, 2026-03-31T05:30:00+09:00
0.044,1.22,0.92, 2026-03-31T05:30:00+09:00, 2026-03-31T06:00:00+09:00
0.024,0.67,0.92, 2026-03-31T06:00:00+09:00, 2026-03-31T06:30:00+09:00
0.043,1.2,0.92, 2026-03-31T06:30:00+09:00, 2026-03-31T07:00:00+09:00
1.224,34.06,0.92, 2026-03-31T07:00:00+09:00, 2026-03-31T07:30:00+09:00
1.548,43.08,0.92, 2026-03-31T07:30:00+09:00, 2026-03-31T08:00:00+09:00
0.441,12.27,0.92, 2026-03-31T08:00:00+09:00, 2026-03-31T08:30:00+09:00
0.059,1.64,0.92, 2026-03-31T08:30:00+09:00, 2026-03-31T09:00:00+09:00
0.049,1.36,0.92, 2026-03-31T09:00:00+09:00, 2026-03-31T09:30:00+09:00
0.243,6.76,0.92, 2026-03-31T09:30:00+09:00, 2026-03-31T10:00:00+09:00
0.285,7.93,0.92, 2026-03-31T10:00:00+09:00, 2026-03-31T10:30:00+09:00
0.307,8.54,0.92, 2026-03-31T10:30:00+09:00, 2026-03-31T11:00:00+09:00
0.291,8.1,0.92, 2026-03-31T11:00:00+09:00, 2026-03-31T11:30:00+09:00
0.14,3.9,0.92, 2026-03-31T11:30:00+09:00, 2026-03-31T12:00:00+09:00
0.029,0.81,0.92, 2026-03-31T12:00:00+09:00, 2026-03-31T12:30:00+09:00
0.048,1.34,0.92, 2026-03-31T12:30:00+09:00, 2026-03-31T13:00:00+09:00
0.029,0.81,0.92, 2026-03-31T13:00:00+09:00, 2026-03-31T13:30:00+09:00
0.047,1.31,0.92, 2026-03-31T13:30:00+09:00, 2026-03-31T14:00:00+09:00
0.029,0.81,0.92, 2026-03-31T14:00:00+09:00, 2026-03-31T14:30:00+09:00
0.048,1.34,0.92, 2026-03-31T14:30:00+09:00, 2026-03-31T15:00:00+09:00
0.028,0.78,0.92, 2026-03-31T15:00:00+09:00, 2026-03-31T15:30:00+09:00
0.049,1.36,0.92, 2026-03-31T15:30:00+09:00, 2026-03-31T16:00:00+09:00
0.04,1.11,0.92, 2026-03-31T16:00:00+09:00, 2026-03-31T16:30:00+09:00
0.049,1.36,0.92, 2026-03-31T16:30:00+09:00, 2026-03-31T17:00:00+09:00
0.036,1,0.92, 2026-03-31T17:00:00+09:00, 2026-03-31T17:30:00+09:00
0.058,1.61,0.92, 2026-03-31T17:30:00+09:00, 2026-03-31T18:00:00+09:00
0.036,1,0.92, 2026-03-31T18:00:00+09:00, 2026-03-31T18:30:00+09:00
0.06,1.67,0.92, 2026-03-31T18:30:00+09:00, 2026-03-31T19:00:00+09:00
0.036,1,0.92, 2026-03-31T19:00:00+09:00, 2026-03-31T19:30:00+09:00
0.285,7.93,0.92, 2026-03-31T19:30:00+09:00, 2026-03-31T20:00:00+09:00
0.302,8.4,0.92, 2026-03-31T20:00:00+09:00, 2026-03-31T20:30:00+09:00
0.296,8.24,0.92, 2026-03-31T20:30:00+09:00, 2026-03-31T21:00:00+09:00
0.302,8.4,0.92, 2026-03-31T21:00:00+09:00, 2026-03-31T21:30:00+09:00
0.076,2.11,0.92, 2026-03-31T21:30:00+09:00, 2026-03-31T22:00:00+09:00
0.058,1.61,0.92, 2026-03-31T22:00:00+09:00, 2026-03-31T22:30:00+09:00
0.043,1.2,0.92, 2026-03-31T22:30:00+09:00, 2026-03-31T23:00:00+09:00
0.129,3.59,0.92, 2026-03-31T23:00:00+09:00, 2026-03-31T23:30:00+09:00
0.074,2.06,0.92, 2026-03-31T23:30:00+09:00, 2026-04-01T00:00:00+09:00
0.076,2.11,0.92, 2026-04-01T00:00:00+09:00, 2026-04-01T00:30:00+09:00
0.038,1.06,0.92, 2026-04-01T00:30:00+09:00, 2026-04-01T01:00:00+09:00
0.057,1.59,0.92, 2026-04-01T01:00:00+09:00, 2026-04-01T01:30:00+09:00
0.57,15.86,0.92, 2026-04-01T01:30:00+09:00, 2026-04-01T02:00:00+09:00
1.56,43.41,0.92, 2026-04-01T02:00:00+09:00, 2026-04-01T02:30:00+09:00
0.985,27.41,0.92, 2026-04-01T02:30:00+09:00, 2026-04-01T03:00:00+09:00
0.052,1.45,0.92, 2026-04-01T03:00:00+09:00, 2026-04-01T03:30:00+09:00
0.182,5.06,0.92, 2026-04-01T03:30:00+09:00, 2026-04-01T04:00:00+09:00
0.384,10.69,0.92, 2026-04-01T04:00:00+09:00, 2026-04-01T04:30:00+09:00
0.047,1.31,0.92, 2026-04-01T04:30:00+09:00, 2026-04-01T05:00:00+09:00
0.103,2.87,0.92, 2026-04-01T05:00:00+09:00, 2026-04-01T05:30:00+09:00
0.06,1.67,0.92, 2026-04-01T05:30:00+09:00, 2026-04-01T06:00:00+09:00
0.058,1.61,0.92, 2026-04-01T06:00:00+09:00, 2026-04-01T06:30:00+09:00
0.056,1.56,0.92, 2026-04-01T06:30:00+09:00, 2026-04-01T07:00:00+09:00
0.047,1.31,0.92, 2026-04-01T07:00:00+09:00, 2026-04-01T07:30:00+09:00
0.062,1.73,0.92, 2026-04-01T07:30:00+09:00, 2026-04-01T08:00:00+09:00
0.033,0.82,0.92, 2026-04-01T08:00:00+09:00, 2026-04-01T08:30:00+09:00
0.052,1.3,0.92, 2026-04-01T08:30:00+09:00, 2026-04-01T09:00:00+09:00
0.034,0.85,0.92, 2026-04-01T09:00:00+09:00, 2026-04-01T09:30:00+09:00
0.169,4.22,0.92, 2026-04-01T09:30:00+09:00, 2026-04-01T10:00:00+09:00
0.273,6.82,0.92, 2026-04-01T10:00:00+09:00, 2026-04-01T10:30:00+09:00
0.182,4.55,0.92, 2026-04-01T10:30:00+09:00, 2026-04-01T11:00:00+09:00
0.017,0.42,0.92, 2026-04-01T11:00:00+09:00, 2026-04-01T11:30:00+09:00
0.035,0.87,0.92, 2026-04-01T11:30:00+09:00, 2026-04-01T12:00:00+09:00
0.018,0.45,0.92, 2026-04-01T12:00:00+09:00, 2026-04-01T12:30:00+09:00
0.035,0.87,0.92, 2026-04-01T12:30:00+09:00, 2026-04-01T13:00:00+09:00
0.018,0.45,0.92, 2026-04-01T13:00:00+09:00, 2026-04-01T13:30:00+09:00
0.034,0.85,0.92, 2026-04-01T13:30:00+09:00, 2026-04-01T14:00:00+09:00
0.02,0.5,0.92, 2026-04-01T14:00:00+09:00, 2026-04-01T14:30:00+09:00
0.032,0.8,0.92, 2026-04-01T14:30:00+09:00, 2026-04-01T15:00:00+09:00
0.021,0.52,0.92, 2026-04-01T15:00:00+09:00, 2026-04-01T15:30:00+09:00
0.034,0.85,0.92, 2026-04-01T15:30:00+09:00, 2026-04-01T16:00:00+09:00
0.029,0.72,0.92, 2026-04-01T16:00:00+09:00, 2026-04-01T16:30:00+09:00
0.045,1.12,0.92, 2026-04-01T16:30:00+09:00, 2026-04-01T17:00:00+09:00
0.048,1.2,0.92, 2026-04-01T17:00:00+09:00, 2026-04-01T17:30:00+09:00
0.051,1.27,0.92, 2026-04-01T17:30:00+09:00, 2026-04-01T18:00:00+09:00
0.053,1.32,0.92, 2026-04-01T18:00:00+09:00, 2026-04-01T18:30:00+09:00
0.04,1,0.92, 2026-04-01T18:30:00+09:00, 2026-04-01T19:00:00+09:00
0.056,1.4,0.92, 2026-04-01T19:00:00+09:00, 2026-04-01T19:30:00+09:00
0.055,1.37,0.92, 2026-04-01T19:30:00+09:00, 2026-04-01T20:00:00+09:00
0.11,2.75,0.92, 2026-04-01T20:00:00+09:00, 2026-04-01T20:30:00+09:00
0.128,3.2,0.92, 2026-04-01T20:30:00+09:00, 2026-04-01T21:00:00+09:00
0.319,7.97,0.92, 2026-04-01T21:00:00+09:00, 2026-04-01T21:30:00+09:00
0.301,7.52,0.92, 2026-04-01T21:30:00+09:00, 2026-04-01T22:00:00+09:00
0.314,7.84,0.92, 2026-04-01T22:00:00+09:00, 2026-04-01T22:30:00+09:00
0.24,6,0.92, 2026-04-01T22:30:00+09:00, 2026-04-01T23:00:00+09:00
0.056,1.4,0.92, 2026-04-01T23:00:00+09:00, 2026-04-01T23:30:00+09:00
0.025,0.62,0.92, 2026-04-01T23:30:00+09:00, 2026-04-02T00:00:00+09:00
0.043,1.07,0.92, 2026-04-02T00:00:00+09:00, 2026-04-02T00:30:00+09:00
0.119,2.97,0.92, 2026-04-02T00:30:00+09:00, 2026-04-02T01:00:00+09:00
0.085,2.12,0.92, 2026-04-02T01:00:00+09:00, 2026-04-02T01:30:00+09:00
0.084,2.1,0.92, 2026-04-02T01:30:00+09:00, 2026-04-02T02:00:00+09:00
0.071,1.77,0.92, 2026-04-02T02:00:00+09:00, 2026-04-02T02:30:00+09:00
0.233,5.82,0.92, 2026-04-02T02:30:00+09:00, 2026-04-02T03:00:00+09:00
0.065,1.62,0.92, 2026-04-02T03:00:00+09:00, 2026-04-02T03:30:00+09:00
0.064,1.6,0.92, 2026-04-02T03:30:00+09:00, 2026-04-02T04:00:00+09:00
0.047,1.17,0.92, 2026-04-02T04:00:00+09:00, 2026-04-02T04:30:00+09:00
0.073,1.82,0.92, 2026-04-02T04:30:00+09:00, 2026-04-02T05:00:00+09:00
0.105,2.62,0.92, 2026-04-02T05:00:00+09:00, 2026-04-02T05:30:00+09:00
0.062,1.55,0.92, 2026-04-02T05:30:00+09:00, 2026-04-02T06:00:00+09:00
0.048,1.2,0.92, 2026-04-02T06:00:00+09:00, 2026-04-02T06:30:00+09:00
0.063,1.57,0.92, 2026-04-02T06:30:00+09:00, 2026-04-02T07:00:00+09:00
0.657,16.41,0.92, 2026-04-02T07:00:00+09:00, 2026-04-02T07:30:00+09:00
1.552,38.77,0.92, 2026-04-02T07:30:00+09:00, 2026-04-02T08:00:00+09:00
0.915,22.86,0.92, 2026-04-02T08:00:00+09:00, 2026-04-02T08:30:00+09:00
0.053,1.32,0.92, 2026-04-02T08:30:00+09:00, 2026-04-02T09:00:00+09:00
0.272,6.79,0.92, 2026-04-02T09:00:00+09:00, 2026-04-02T09:30:00+09:00
0.279,6.97,0.92, 2026-04-02T09:30:00+09:00, 2026-04-02T10:00:00+09:00
0.294,7.34,0.92, 2026-04-02T10:00:00+09:00, 2026-04-02T10:30:00+09:00
0.276,6.89,0.92, 2026-04-02T10:30:00+09:00, 2026-04-02T11:00:00+09:00
0.095,2.37,0.92, 2026-04-02T11:00:00+09:00, 2026-04-02T11:30:00+09:00
0.017,0.42,0.92, 2026-04-02T11:30:00+09:00, 2026-04-02T12:00:00+09:00
0.036,0.9,0.92, 2026-04-02T12:00:00+09:00, 2026-04-02T12:30:00+09:00
0.017,0.42,0.92, 2026-04-02T12:30:00+09:00, 2026-04-02T13:00:00+09:00
0.038,0.95,0.92, 2026-04-02T13:00:00+09:00, 2026-04-02T13:30:00+09:00
0.016,0.4,0.92, 2026-04-02T13:30:00+09:00, 2026-04-02T14:00:00+09:00
0.036,0.9,0.92, 2026-04-02T14:00:00+09:00, 2026-04-02T14:30:00+09:00
0.017,0.42,0.92, 2026-04-02T14:30:00+09:00, 2026-04-02T15:00:00+09:00
0.036,0.9,0.92, 2026-04-02T15:00:00+09:00, 2026-04-02T15:30:00+09:00
0.017,0.42,0.92, 2026-04-02T15:30:00+09:00, 2026-04-02T16:00:00+09:00
0.044,1.1,0.92, 2026-04-02T16:00:00+09:00, 2026-04-02T16:30:00+09:00
0.025,0.62,0.92, 2026-04-02T16:30:00+09:00, 2026-04-02T17:00:00+09:00
0.049,1.22,0.92, 2026-04-02T17:00:00+09:00, 2026-04-02T17:30:00+09:00
0.038,0.95,0.92, 2026-04-02T17:30:00+09:00, 2026-04-02T18:00:00+09:00
0.058,1.45,0.92, 2026-04-02T18:00:00+09:00, 2026-04-02T18:30:00+09:00
0.032,0.8,0.92, 2026-04-02T18:30:00+09:00, 2026-04-02T19:00:00+09:00
0.044,1.1,0.92, 2026-04-02T19:00:00+09:00, 2026-04-02T19:30:00+09:00
0.026,0.65,0.92, 2026-04-02T19:30:00+09:00, 2026-04-02T20:00:00+09:00
0.042,1.05,0.92, 2026-04-02T20:00:00+09:00, 2026-04-02T20:30:00+09:00
0.028,0.7,0.92, 2026-04-02T20:30:00+09:00, 2026-04-02T21:00:00+09:00
0.04,1,0.92, 2026-04-02T21:00:00+09:00, 2026-04-02T21:30:00+09:00
0.031,0.77,0.92, 2026-04-02T21:30:00+09:00, 2026-04-02T22:00:00+09:00
0.037,0.92,0.92, 2026-04-02T22:00:00+09:00, 2026-04-02T22:30:00+09:00
0.033,0.82,0.92, 2026-04-02T22:30:00+09:00, 2026-04-02T23:00:00+09:00
0.035,0.87,0.92, 2026-04-02T23:00:00+09:00, 2026-04-02T23:30:00+09:00
0.035,0.87,0.92, 2026-04-02T23:30:00+09:00, 2026-04-03T00:00:00+09:00
0.034,0.85,0.92, 2026-04-03T00:00:00+09:00, 2026-04-03T00:30:00+09:00
0.036,0.9,0.92, 2026-04-03T00:30:00+09:00, 2026-04-03T01:00:00+09:00
0.032,0.8,0.92, 2026-04-03T01:00:00+09:00, 2026-04-03T01:30:00+09:00
0.038,0.95,0.92, 2026-04-03T01:30:00+09:00, 2026-04-03T02:00:00+09:00
0.03,0.75,0.92, 2026-04-03T02:00:00+09:00, 2026-04-03T02:30:00+09:00
0.039,0.97,0.92, 2026-04-03T02:30:00+09:00, 2026-04-03T03:00:00+09:00
0.03,0.75,0.92, 2026-04-03T03:00:00+09:00, 2026-04-03T03:30:00+09:00
0.038,0.95,0.92, 2026-04-03T03:30:00+09:00, 2026-04-03T04:00:00+09:00
0.03,0.75,0.92, 2026-04-03T04:00:00+09:00, 2026-04-03T04:30:00+09:00
0.039,0.97,0.92, 2026-04-03T04:30:00+09:00, 2026-04-03T05:00:00+09:00
0.095,2.37,0.92, 2026-04-03T05:00:00+09:00, 2026-04-03T05:30:00+09:00
0.862,21.53,0.92, 2026-04-03T05:30:00+09:00, 2026-04-03T06:00:00+09:00
1.522,38.02,0.92, 2026-04-03T06:00:00+09:00, 2026-04-03T06:30:00+09:00
0.732,18.29,0.92, 2026-04-03T06:30:00+09:00, 2026-04-03T07:00:00+09:00
0.058,1.45,0.92, 2026-04-03T07:00:00+09:00, 2026-04-03T07:30:00+09:00
0.079,1.97,0.92, 2026-04-03T07:30:00+09:00, 2026-04-03T08:00:00+09:00
0.04,1,0.92, 2026-04-03T08:00:00+09:00, 2026-04-03T08:30:00+09:00
0.103,2.57,0.92, 2026-04-03T08:30:00+09:00, 2026-04-03T09:00:00+09:00
0.287,7.17,0.92, 2026-04-03T09:00:00+09:00, 2026-04-03T09:30:00+09:00
0.298,7.44,0.92, 2026-04-03T09:30:00+09:00, 2026-04-03T10:00:00+09:00
0.279,6.97,0.92, 2026-04-03T10:00:00+09:00, 2026-04-03T10:30:00+09:00
0.273,6.82,0.92, 2026-04-03T10:30:00+09:00, 2026-04-03T11:00:00+09:00
0.016,0.4,0.92, 2026-04-03T11:00:00+09:00, 2026-04-03T11:30:00+09:00
0.036,0.9,0.92, 2026-04-03T11:30:00+09:00, 2026-04-03T12:00:00+09:00
0.017,0.42,0.92, 2026-04-03T12:00:00+09:00, 2026-04-03T12:30:00+09:00
0.036,0.9,0.92, 2026-04-03T12:30:00+09:00, 2026-04-03T13:00:00+09:00
0.016,0.4,0.92, 2026-04-03T13:00:00+09:00, 2026-04-03T13:30:00+09:00
0.036,0.9,0.92, 2026-04-03T13:30:00+09:00, 2026-04-03T14:00:00+09:00
0.017,0.42,0.92, 2026-04-03T14:00:00+09:00, 2026-04-03T14:30:00+09:00
0.036,0.9,0.92, 2026-04-03T14:30:00+09:00, 2026-04-03T15:00:00+09:00
0.016,0.4,0.92, 2026-04-03T15:00:00+09:00, 2026-04-03T15:30:00+09:00
0.039,0.97,0.92, 2026-04-03T15:30:00+09:00, 2026-04-03T16:00:00+09:00
0.025,0.62,0.92, 2026-04-03T16:00:00+09:00, 2026-04-03T16:30:00+09:00
0.044,1.1,0.92, 2026-04-03T16:30:00+09:00, 2026-04-03T17:00:00+09:00
0.029,0.72,0.92, 2026-04-03T17:00:00+09:00, 2026-04-03T17:30:00+09:00
0.062,1.55,0.92, 2026-04-03T17:30:00+09:00, 2026-04-03T18:00:00+09:00
0.043,1.07,0.92, 2026-04-03T18:00:00+09:00, 2026-04-03T18:30:00+09:00
0.048,1.2,0.92, 2026-04-03T18:30:00+09:00, 2026-04-03T19:00:00+09:00
0.035,0.87,0.92, 2026-04-03T19:00:00+09:00, 2026-04-03T19:30:00+09:00
0.036,0.9,0.92, 2026-04-03T19:30:00+09:00, 2026-04-03T20:00:00+09:00
0.185,4.62,0.92, 2026-04-03T20:00:00+09:00, 2026-04-03T20:30:00+09:00
0.295,7.37,0.92, 2026-04-03T20:30:00+09:00, 2026-04-03T21:00:00+09:00
0.167,4.17,0.92, 2026-04-03T21:00:00+09:00, 2026-04-03T21:30:00+09:00
0.035,0.87,0.92, 2026-04-03T21:30:00+09:00, 2026-04-03T22:00:00+09:00
0.035,0.87,0.92, 2026-04-03T22:00:00+09:00, 2026-04-03T22:30:00+09:00
0.038,0.95,0.92, 2026-04-03T22:30:00+09:00, 2026-04-03T23:00:00+09:00
0.043,1.07,0.92, 2026-04-03T23:00:00+09:00, 2026-04-03T23:30:00+09:00
0.044,1.1,0.92, 2026-04-03T23:30:00+09:00, 2026-04-04T00:00:00+09:00
0.033,0.82,0.92, 2026-04-04T00:00:00+09:00, 2026-04-04T00:30:00+09:00
0.036,0.9,0.92, 2026-04-04T00:30:00+09:00, 2026-04-04T01:00:00+09:00
0.032,0.8,0.92, 2026-04-04T01:00:00+09:00, 2026-04-04T01:30:00+09:00
0.038,0.95,0.92, 2026-04-04T01:30:00+09:00, 2026-04-04T02:00:00+09:00
0.03,0.75,0.92, 2026-04-04T02:00:00+09:00, 2026-04-04T02:30:00+09:00
0.039,0.97,0.92, 2026-04-04T02:30:00+09:00, 2026-04-04T03:00:00+09:00
0.028,0.7,0.92, 2026-04-04T03:00:00+09:00, 2026-04-04T03:30:00+09:00
0.049,1.22,0.92, 2026-04-04T03:30:00+09:00, 2026-04-04T04:00:00+09:00
0.064,1.6,0.92, 2026-04-04T04:00:00+09:00, 2026-04-04T04:30:00+09:00
0.039,0.97,0.92, 2026-04-04T04:30:00+09:00, 2026-04-04T05:00:00+09:00
1.493,37.3,0.92, 2026-04-04T05:00:00+09:00, 2026-04-04T05:30:00+09:00
1.508,37.67,0.92, 2026-04-04T05:30:00+09:00, 2026-04-04T06:00:00+09:00
0.141,3.52,0.92, 2026-04-04T06:00:00+09:00, 2026-04-04T06:30:00+09:00
0.176,4.4,0.92, 2026-04-04T06:30:00+09:00, 2026-04-04T07:00:00+09:00
0.068,1.7,0.92, 2026-04-04T07:00:00+09:00, 2026-04-04T07:30:00+09:00
0.043,1.07,0.92, 2026-04-04T07:30:00+09:00, 2026-04-04T08:00:00+09:00
0.2,5,0.92, 2026-04-04T08:00:00+09:00, 2026-04-04T08:30:00+09:00
0.279,6.97,0.92, 2026-04-04T08:30:00+09:00, 2026-04-04T09:00:00+09:00
0.15,3.75,0.92, 2026-04-04T09:00:00+09:00, 2026-04-04T09:30:00+09:00
0.023,0.57,0.92, 2026-04-04T09:30:00+09:00, 2026-04-04T10:00:00+09:00
0.03,0.75,0.92, 2026-04-04T10:00:00+09:00, 2026-04-04T10:30:00+09:00
0.026,0.65,0.92, 2026-04-04T10:30:00+09:00, 2026-04-04T11:00:00+09:00
0.027,0.67,0.92, 2026-04-04T11:00:00+09:00, 2026-04-04T11:30:00+09:00
0.028,0.7,0.92, 2026-04-04T11:30:00+09:00, 2026-04-04T12:00:00+09:00
0.025,0.62,0.92, 2026-04-04T12:00:00+09:00, 2026-04-04T12:30:00+09:00
0.03,0.75,0.92, 2026-04-04T12:30:00+09:00, 2026-04-04T13:00:00+09:00
0.024,0.6,0.92, 2026-04-04T13:00:00+09:00, 2026-04-04T13:30:00+09:00
0.031,0.77,0.92, 2026-04-04T13:30:00+09:00, 2026-04-04T14:00:00+09:00
0.021,0.52,0.92, 2026-04-04T14:00:00+09:00, 2026-04-04T14:30:00+09:00
0.033,0.82,0.92, 2026-04-04T14:30:00+09:00, 2026-04-04T15:00:00+09:00
0.019,0.47,0.92, 2026-04-04T15:00:00+09:00, 2026-04-04T15:30:00+09:00
0.035,0.87,0.92, 2026-04-04T15:30:00+09:00, 2026-04-04T16:00:00+09:00
0.027,0.67,0.92, 2026-04-04T16:00:00+09:00, 2026-04-04T16:30:00+09:00
0.049,1.22,0.92, 2026-04-04T16:30:00+09:00, 2026-04-04T17:00:00+09:00
0.038,0.95,0.92, 2026-04-04T17:00:00+09:00, 2026-04-04T17:30:00+09:00
0.06,1.5,0.92, 2026-04-04T17:30:00+09:00, 2026-04-04T18:00:00+09:00
0.038,0.95,0.92, 2026-04-04T18:00:00+09:00, 2026-04-04T18:30:00+09:00
0.06,1.5,0.92, 2026-04-04T18:30:00+09:00, 2026-04-04T19:00:00+09:00
0.036,0.9,0.92, 2026-04-04T19:00:00+09:00, 2026-04-04T19:30:00+09:00
0.053,1.32,0.92, 2026-04-04T19:30:00+09:00, 2026-04-04T20:00:00+09:00
0.035,0.87,0.92, 2026-04-04T20:00:00+09:00, 2026-04-04T20:30:00+09:00
0.045,1.12,0.92, 2026-04-04T20:30:00+09:00, 2026-04-04T21:00:00+09:00
0.279,6.97,0.92, 2026-04-04T21:00:00+09:00, 2026-04-04T21:30:00+09:00
0.312,7.79,0.92, 2026-04-04T21:30:00+09:00, 2026-04-04T22:00:00+09:00
0.061,1.52,0.92, 2026-04-04T22:00:00+09:00, 2026-04-04T22:30:00+09:00
0.05,1.25,0.92, 2026-04-04T22:30:00+09:00, 2026-04-04T23:00:00+09:00
0.031,0.77,0.92, 2026-04-04T23:00:00+09:00, 2026-04-04T23:30:00+09:00
0.049,1.22,0.92, 2026-04-04T23:30:00+09:00, 2026-04-05T00:00:00+09:00
0.038,0.95,0.92, 2026-04-05T00:00:00+09:00, 2026-04-05T00:30:00+09:00
0.04,1,0.92, 2026-04-05T00:30:00+09:00, 2026-04-05T01:00:00+09:00
0.038,0.95,0.92, 2026-04-05T01:00:00+09:00, 2026-04-05T01:30:00+09:00
0.03,0.75,0.92, 2026-04-05T01:30:00+09:00, 2026-04-05T02:00:00+09:00
0.044,1.1,0.92, 2026-04-05T02:00:00+09:00, 2026-04-05T02:30:00+09:00
0.024,0.6,0.92, 2026-04-05T02:30:00+09:00, 2026-04-05T03:00:00+09:00
0.044,1.1,0.92, 2026-04-05T03:00:00+09:00, 2026-04-05T03:30:00+09:00
0.024,0.6,0.92, 2026-04-05T03:30:00+09:00, 2026-04-05T04:00:00+09:00
0.044,1.1,0.92, 2026-04-05T04:00:00+09:00, 2026-04-05T04:30:00+09:00
0.026,0.65,0.92, 2026-04-05T04:30:00+09:00, 2026-04-05T05:00:00+09:00
0.091,2.27,0.92, 2026-04-05T05:00:00+09:00, 2026-04-05T05:30:00+09:00
0.032,0.8,0.92, 2026-04-05T05:30:00+09:00, 2026-04-05T06:00:00+09:00
0.036,0.9,0.92, 2026-04-05T06:00:00+09:00, 2026-04-05T06:30:00+09:00
1.465,36.6,0.92, 2026-04-05T06:30:00+09:00, 2026-04-05T07:00:00+09:00
1.531,38.25,0.92, 2026-04-05T07:00:00+09:00, 2026-04-05T07:30:00+09:00
0.267,6.67,0.92, 2026-04-05T07:30:00+09:00, 2026-04-05T08:00:00+09:00
0.041,1.02,0.92, 2026-04-05T08:00:00+09:00, 2026-04-05T08:30:00+09:00
0.074,1.85,0.92, 2026-04-05T08:30:00+09:00, 2026-04-05T09:00:00+09:00
0.074,1.85,0.92, 2026-04-05T09:00:00+09:00, 2026-04-05T09:30:00+09:00
0.301,7.52,0.92, 2026-04-05T09:30:00+09:00, 2026-04-05T10:00:00+09:00
0.269,6.72,0.92, 2026-04-05T10:00:00+09:00, 2026-04-05T10:30:00+09:00
0.041,1.02,0.92, 2026-04-05T10:30:00+09:00, 2026-04-05T11:00:00+09:00
0.035,0.87,0.92, 2026-04-05T11:00:00+09:00, 2026-04-05T11:30:00+09:00
0.028,0.7,0.92, 2026-04-05T11:30:00+09:00, 2026-04-05T12:00:00+09:00
0.029,0.72,0.92, 2026-04-05T12:00:00+09:00, 2026-04-05T12:30:00+09:00
0.024,0.6,0.92, 2026-04-05T12:30:00+09:00, 2026-04-05T13:00:00+09:00
0.032,0.8,0.92, 2026-04-05T13:00:00+09:00, 2026-04-05T13:30:00+09:00
0.021,0.52,0.92, 2026-04-05T13:30:00+09:00, 2026-04-05T14:00:00+09:00
0.035,0.87,0.92, 2026-04-05T14:00:00+09:00, 2026-04-05T14:30:00+09:00
0.019,0.47,0.92, 2026-04-05T14:30:00+09:00, 2026-04-05T15:00:00+09:00
0.035,0.87,0.92, 2026-04-05T15:00:00+09:00, 2026-04-05T15:30:00+09:00
0.019,0.47,0.92, 2026-04-05T15:30:00+09:00, 2026-04-05T16:00:00+09:00
0.044,1.1,0.92, 2026-04-05T16:00:00+09:00, 2026-04-05T16:30:00+09:00
0.025,0.62,0.92, 2026-04-05T16:30:00+09:00, 2026-04-05T17:00:00+09:00
0.123,3.07,0.92, 2026-04-05T17:00:00+09:00, 2026-04-05T17:30:00+09:00
0.068,1.7,0.92, 2026-04-05T17:30:00+09:00, 2026-04-05T18:00:00+09:00
0.098,2.45,0.92, 2026-04-05T18:00:00+09:00, 2026-04-05T18:30:00+09:00
0.041,1.02,0.92, 2026-04-05T18:30:00+09:00, 2026-04-05T19:00:00+09:00
0.059,1.47,0.92, 2026-04-05T19:00:00+09:00, 2026-04-05T19:30:00+09:00
0.044,1.1,0.92, 2026-04-05T19:30:00+09:00, 2026-04-05T20:00:00+09:00
0.061,1.52,0.92, 2026-04-05T20:00:00+09:00, 2026-04-05T20:30:00+09:00
0.257,6.42,0.92, 2026-04-05T20:30:00+09:00, 2026-04-05T21:00:00+09:00
0.309,7.72,0.92, 2026-04-05T21:00:00+09:00, 2026-04-05T21:30:00+09:00
0.289,7.22,0.92, 2026-04-05T21:30:00+09:00, 2026-04-05T22:00:00+09:00
0.308,7.69,0.92, 2026-04-05T22:00:00+09:00, 2026-04-05T22:30:00+09:00
0.084,2.1,0.92, 2026-04-05T22:30:00+09:00, 2026-04-05T23:00:00+09:00
0.045,1.12,0.92, 2026-04-05T23:00:00+09:00, 2026-04-05T23:30:00+09:00
0.033,0.82,0.92, 2026-04-05T23:30:00+09:00, 2026-04-06T00:00:00+09:00
0.048,1.2,0.92, 2026-04-06T00:00:00+09:00, 2026-04-06T00:30:00+09:00
0.026,0.65,0.92, 2026-04-06T00:30:00+09:00, 2026-04-06T01:00:00+09:00
0.088,2.2,0.92, 2026-04-06T01:00:00+09:00, 2026-04-06T01:30:00+09:00
0.041,1.02,0.92, 2026-04-06T01:30:00+09:00, 2026-04-06T02:00:00+09:00
0.044,1.1,0.92, 2026-04-06T02:00:00+09:00, 2026-04-06T02:30:00+09:00
0.024,0.6,0.92, 2026-04-06T02:30:00+09:00, 2026-04-06T03:00:00+09:00
0.044,1.1,0.92, 2026-04-06T03:00:00+09:00, 2026-04-06T03:30:00+09:00
0.024,0.6,0.92, 2026-04-06T03:30:00+09:00, 2026-04-06T04:00:00+09:00
0.044,1.1,0.92, 2026-04-06T04:00:00+09:00, 2026-04-06T04:30:00+09:00
0.025,0.62,0.92, 2026-04-06T04:30:00+09:00, 2026-04-06T05:00:00+09:00
0.093,2.32,0.92, 2026-04-06T05:00:00+09:00, 2026-04-06T05:30:00+09:00
0.898,22.43,0.92, 2026-04-06T05:30:00+09:00, 2026-04-06T06:00:00+09:00
1.535,38.35,0.92, 2026-04-06T06:00:00+09:00, 2026-04-06T06:30:00+09:00
0.659,16.46,0.92, 2026-04-06T06:30:00+09:00, 2026-04-06T07:00:00+09:00
0.073,1.82,0.92, 2026-04-06T07:00:00+09:00, 2026-04-06T07:30:00+09:00
0.059,1.47,0.92, 2026-04-06T07:30:00+09:00, 2026-04-06T08:00:00+09:00
0.104,2.6,0.92, 2026-04-06T08:00:00+09:00, 2026-04-06T08:30:00+09:00
0.285,7.12,0.92, 2026-04-06T08:30:00+09:00, 2026-04-06T09:00:00+09:00
0.245,6.12,0.92, 2026-04-06T09:00:00+09:00, 2026-04-06T09:30:00+09:00
0.024,0.6,0.92, 2026-04-06T09:30:00+09:00, 2026-04-06T10:00:00+09:00
0.03,0.75,0.92, 2026-04-06T10:00:00+09:00, 2026-04-06T10:30:00+09:00
0.024,0.6,0.92, 2026-04-06T10:30:00+09:00, 2026-04-06T11:00:00+09:00
0.029,0.72,0.92, 2026-04-06T11:00:00+09:00, 2026-04-06T11:30:00+09:00
0.024,0.6,0.92, 2026-04-06T11:30:00+09:00, 2026-04-06T12:00:00+09:00
0.029,0.72,0.92, 2026-04-06T12:00:00+09:00, 2026-04-06T12:30:00+09:00
0.025,0.62,0.92, 2026-04-06T12:30:00+09:00, 2026-04-06T13:00:00+09:00
0.028,0.7,0.92, 2026-04-06T13:00:00+09:00, 2026-04-06T13:30:00+09:00
0.026,0.65,0.92, 2026-04-06T13:30:00+09:00, 2026-04-06T14:00:00+09:00
0.028,0.7,0.92, 2026-04-06T14:00:00+09:00, 2026-04-06T14:30:00+09:00
0.024,0.6,0.92, 2026-04-06T14:30:00+09:00, 2026-04-06T15:00:00+09:00
0.029,0.72,0.92, 2026-04-06T15:00:00+09:00, 2026-04-06T15:30:00+09:00
0.024,0.6,0.92, 2026-04-06T15:30:00+09:00, 2026-04-06T16:00:00+09:00
0.038,0.95,0.92, 2026-04-06T16:00:00+09:00, 2026-04-06T16:30:00+09:00
0.031,0.77,0.92, 2026-04-06T16:30:00+09:00, 2026-04-06T17:00:00+09:00
0.044,1.1,0.92, 2026-04-06T17:00:00+09:00, 2026-04-06T17:30:00+09:00
0.042,1.05,0.92, 2026-04-06T17:30:00+09:00, 2026-04-06T18:00:00+09:00
0.051,1.27,0.92, 2026-04-06T18:00:00+09:00, 2026-04-06T18:30:00+09:00
0.14,3.5,0.92, 2026-04-06T18:30:00+09:00, 2026-04-06T19:00:00+09:00
0.296,7.39,0.92, 2026-04-06T19:00:00+09:00, 2026-04-06T19:30:00+09:00
0.214,5.35,0.92, 2026-04-06T19:30:00+09:00, 2026-04-06T20:00:00+09:00
0.031,0.77,0.92, 2026-04-06T20:00:00+09:00, 2026-04-06T20:30:00+09:00
0.043,1.07,0.92, 2026-04-06T20:30:00+09:00, 2026-04-06T21:00:00+09:00
0.024,0.6,0.92, 2026-04-06T21:00:00+09:00, 2026-04-06T21:30:00+09:00
0.044,1.1,0.92, 2026-04-06T21:30:00+09:00, 2026-04-06T22:00:00+09:00
0.024,0.6,0.92, 2026-04-06T22:00:00+09:00, 2026-04-06T22:30:00+09:00
0.044,1.1,0.92, 2026-04-06T22:30:00+09:00, 2026-04-06T23:00:00+09:00
0.024,0.6,0.92, 2026-04-06T23:00:00+09:00, 2026-04-06T23:30:00+09:00
0.044,1.1,0.92, 2026-04-06T23:30:00+09:00, 2026-04-07T00:00:00+09:00
0.024,0.6,0.92, 2026-04-07T00:00:00+09:00, 2026-04-07T00:30:00+09:00
0.044,1.1,0.92, 2026-04-07T00:30:00+09:00, 2026-04-07T01:00:00+09:00
0.024,0.6,0.92, 2026-04-07T01:00:00+09:00, 2026-04-07T01:30:00+09:00
0.044,1.1,0.92, 2026-04-07T01:30:00+09:00, 2026-04-07T02:00:00+09:00
0.024,0.6,0.92, 2026-04-07T02:00:00+09:00, 2026-04-07T02:30:00+09:00
0.044,1.1,0.92, 2026-04-07T02:30:00+09:00, 2026-04-07T03:00:00+09:00
0.024,0.6,0.92, 2026-04-07T03:00:00+09:00, 2026-04-07T03:30:00+09:00
0.044,1.1,0.92, 2026-04-07T03:30:00+09:00, 2026-04-07T04:00:00+09:00
0.024,0.6,0.92, 2026-04-07T04:00:00+09:00, 2026-04-07T04:30:00+09:00
0.044,1.1,0.92, 2026-04-07T04:30:00+09:00, 2026-04-07T05:00:00+09:00
0.074,1.85,0.92, 2026-04-07T05:00:00+09:00, 2026-04-07T05:30:00+09:00
0.866,21.63,0.92, 2026-04-07T05:30:00+09:00, 2026-04-07T06:00:00+09:00
1.503,37.55,0.92, 2026-04-07T06:00:00+09:00, 2026-04-07T06:30:00+09:00
0.795,19.86,0.92, 2026-04-07T06:30:00+09:00, 2026-04-07T07:00:00+09:00
0.054,1.35,0.92, 2026-04-07T07:00:00+09:00, 2026-04-07T07:30:00+09:00
0.073,1.82,0.92, 2026-04-07T07:30:00+09:00, 2026-04-07T08:00:00+09:00
0.045,1.12,0.92, 2026-04-07T08:00:00+09:00, 2026-04-07T08:30:00+09:00
0.079,1.97,0.92, 2026-04-07T08:30:00+09:00, 2026-04-07T09:00:00+09:00
0.282,7.04,0.92, 2026-04-07T09:00:00+09:00, 2026-04-07T09:30:00+09:00
0.281,7.02,0.92, 2026-04-07T09:30:00+09:00, 2026-04-07T10:00:00+09:00
0.288,7.19,0.92, 2026-04-07T10:00:00+09:00, 2026-04-07T10:30:00+09:00
0.284,7.09,0.92, 2026-04-07T10:30:00+09:00, 2026-04-07T11:00:00+09:00
0.033,0.82,0.92, 2026-04-07T11:00:00+09:00, 2026-04-07T11:30:00+09:00
0.023,0.57,0.92, 2026-04-07T11:30:00+09:00, 2026-04-07T12:00:00+09:00
0.034,0.85,0.92, 2026-04-07T12:00:00+09:00, 2026-04-07T12:30:00+09:00
0.019,0.47,0.92, 2026-04-07T12:30:00+09:00, 2026-04-07T13:00:00+09:00
0.036,0.9,0.92, 2026-04-07T13:00:00+09:00, 2026-04-07T13:30:00+09:00
0.017,0.42,0.92, 2026-04-07T13:30:00+09:00, 2026-04-07T14:00:00+09:00
0.036,0.9,0.92, 2026-04-07T14:00:00+09:00, 2026-04-07T14:30:00+09:00
0.016,0.4,0.92, 2026-04-07T14:30:00+09:00, 2026-04-07T15:00:00+09:00
0.036,0.9,0.92, 2026-04-07T15:00:00+09:00, 2026-04-07T15:30:00+09:00
0.018,0.45,0.92, 2026-04-07T15:30:00+09:00, 2026-04-07T16:00:00+09:00
0.044,1.1,0.92, 2026-04-07T16:00:00+09:00, 2026-04-07T16:30:00+09:00
0.098,2.45,0.92, 2026-04-07T16:30:00+09:00, 2026-04-07T17:00:00+09:00
0.087,2.17,0.92, 2026-04-07T17:00:00+09:00, 2026-04-07T17:30:00+09:00
0.074,1.85,0.92, 2026-04-07T17:30:00+09:00, 2026-04-07T18:00:00+09:00
0.127,3.17,0.92, 2026-04-07T18:00:00+09:00, 2026-04-07T18:30:00+09:00
0.037,0.92,0.92, 2026-04-07T18:30:00+09:00, 2026-04-07T19:00:00+09:00
0.062,1.55,0.92, 2026-04-07T19:00:00+09:00, 2026-04-07T19:30:00+09:00
0.026,0.65,0.92, 2026-04-07T19:30:00+09:00, 2026-04-07T20:00:00+09:00
0.044,1.1,0.92, 2026-04-07T20:00:00+09:00, 2026-04-07T20:30:00+09:00
0.025,0.62,0.92, 2026-04-07T20:30:00+09:00, 2026-04-07T21:00:00+09:00
0.044,1.1,0.92, 2026-04-07T21:00:00+09:00, 2026-04-07T21:30:00+09:00
0.025,0.62,0.92, 2026-04-07T21:30:00+09:00, 2026-04-07T22:00:00+09:00
0.044,1.1,0.92, 2026-04-07T22:00:00+09:00, 2026-04-07T22:30:00+09:00
0.025,0.62,0.92, 2026-04-07T22:30:00+09:00, 2026-04-07T23:00:00+09:00
0.044,1.1,0.92, 2026-04-07T23:00:00+09:00, 2026-04-07T23:30:00+09:00
0.024,0.6,0.92, 2026-04-07T23:30:00+09:00, 2026-04-08T00:00:00+09:00
0.044,1.1,0.92, 2026-04-08T00:00:00+09:00, 2026-04-08T00:30:00+09:00
0.025,0.62,0.92, 2026-04-08T00:30:00+09:00, 2026-04-08T01:00:00+09:00
0.044,1.1,0.92, 2026-04-08T01:00:00+09:00, 2026-04-08T01:30:00+09:00
0.024,0.6,0.92, 2026-04-08T01:30:00+09:00, 2026-04-08T02:00:00+09:00
0.044,1.1,0.92, 2026-04-08T02:00:00+09:00, 2026-04-08T02:30:00+09:00
0.026,0.65,0.92, 2026-04-08T02:30:00+09:00, 2026-04-08T03:00:00+09:00
0.042,1.05,0.92, 2026-04-08T03:00:00+09:00, 2026-04-08T03:30:00+09:00
0.028,0.7,0.92, 2026-04-08T03:30:00+09:00, 2026-04-08T04:00:00+09:00
0.04,1,0.92, 2026-04-08T04:00:00+09:00, 2026-04-08T04:30:00+09:00
0.028,0.7,0.92, 2026-04-08T04:30:00+09:00, 2026-04-08T05:00:00+09:00
0.038,0.95,0.92, 2026-04-08T05:00:00+09:00, 2026-04-08T05:30:00+09:00
0.03,0.75,0.92, 2026-04-08T05:30:00+09:00, 2026-04-08T06:00:00+09:00
0.035,0.87,0.92, 2026-04-08T06:00:00+09:00, 2026-04-08T06:30:00+09:00
0.032,0.8,0.92, 2026-04-08T06:30:00+09:00, 2026-04-08T07:00:00+09:00
0.034,0.85,0.92, 2026-04-08T07:00:00+09:00, 2026-04-08T07:30:00+09:00
0.033,0.82,0.92, 2026-04-08T07:30:00+09:00, 2026-04-08T08:00:00+09:00
0.023,0.57,0.92, 2026-04-08T08:00:00+09:00, 2026-04-08T08:30:00+09:00
0.027,0.67,0.92, 2026-04-08T08:30:00+09:00, 2026-04-08T09:00:00+09:00
0.022,0.55,0.92, 2026-04-08T09:00:00+09:00, 2026-04-08T09:30:00+09:00
0.028,0.7,0.92, 2026-04-08T09:30:00+09:00, 2026-04-08T10:00:00+09:00
0.02,0.5,0.92, 2026-04-08T10:00:00+09:00, 2026-04-08T10:30:00+09:00
0.03,0.75,0.92, 2026-04-08T10:30:00+09:00, 2026-04-08T11:00:00+09:00
0.019,0.47,0.92, 2026-04-08T11:00:00+09:00, 2026-04-08T11:30:00+09:00
0.03,0.75,0.92, 2026-04-08T11:30:00+09:00, 2026-04-08T12:00:00+09:00
0.018,0.45,0.92, 2026-04-08T12:00:00+09:00, 2026-04-08T12:30:00+09:00
0.032,0.8,0.92, 2026-04-08T12:30:00+09:00, 2026-04-08T13:00:00+09:00
0.017,0.42,0.92, 2026-04-08T13:00:00+09:00, 2026-04-08T13:30:00+09:00
0.032,0.8,0.92, 2026-04-08T13:30:00+09:00, 2026-04-08T14:00:00+09:00
0.017,0.42,0.92, 2026-04-08T14:00:00+09:00, 2026-04-08T14:30:00+09:00
0.032,0.8,0.92, 2026-04-08T14:30:00+09:00, 2026-04-08T15:00:00+09:00
0.016,0.4,0.92, 2026-04-08T15:00:00+09:00, 2026-04-08T15:30:00+09:00
0.034,0.85,0.92, 2026-04-08T15:30:00+09:00, 2026-04-08T16:00:00+09:00
0.024,0.6,0.92, 2026-04-08T16:00:00+09:00, 2026-04-08T16:30:00+09:00
0.042,1.05,0.92, 2026-04-08T16:30:00+09:00, 2026-04-08T17:00:00+09:00
0.024,0.6,0.92, 2026-04-08T17:00:00+09:00, 2026-04-08T17:30:00+09:00
0.042,1.05,0.92, 2026-04-08T17:30:00+09:00, 2026-04-08T18:00:00+09:00
0.023,0.57,0.92, 2026-04-08T18:00:00+09:00, 2026-04-08T18:30:00+09:00
0.042,1.05,0.92, 2026-04-08T18:30:00+09:00, 2026-04-08T19:00:00+09:00
0.025,0.62,0.92, 2026-04-08T19:00:00+09:00, 2026-04-08T19:30:00+09:00
0.044,1.1,0.92, 2026-04-08T19:30:00+09:00, 2026-04-08T20:00:00+09:00
0.024,0.6,0.92, 2026-04-08T20:00:00+09:00, 2026-04-08T20:30:00+09:00
0.044,1.1,0.92, 2026-04-08T20:30:00+09:00, 2026-04-08T21:00:00+09:00
0.025,0.62,0.92, 2026-04-08T21:00:00+09:00, 2026-04-08T21:30:00+09:00
0.044,1.1,0.92, 2026-04-08T21:30:00+09:00, 2026-04-08T22:00:00+09:00
0.024,0.6,0.92, 2026-04-08T22:00:00+09:00, 2026-04-08T22:30:00+09:00
0.044,1.1,0.92, 2026-04-08T22:30:00+09:00, 2026-04-08T23:00:00+09:00
0.025,0.62,0.92, 2026-04-08T23:00:00+09:00, 2026-04-08T23:30:00+09:00
0.044,1.1,0.92, 2026-04-08T23:30:00+09:00, 2026-04-09T00:00:00+09:00
0.025,0.62,0.92, 2026-04-09T00:00:00+09:00, 2026-04-09T00:30:00+09:00
0.044,1.1,0.92, 2026-04-09T00:30:00+09:00, 2026-04-09T01:00:00+09:00
0.025,0.62,0.92, 2026-04-09T01:00:00+09:00, 2026-04-09T01:30:00+09:00
0.044,1.1,0.92, 2026-04-09T01:30:00+09:00, 2026-04-09T02:00:00+09:00
0.024,0.6,0.92, 2026-04-09T02:00:00+09:00, 2026-04-09T02:30:00+09:00
0.044,1.1,0.92, 2026-04-09T02:30:00+09:00, 2026-04-09T03:00:00+09:00
0.025,0.62,0.92, 2026-04-09T03:00:00+09:00, 2026-04-09T03:30:00+09:00
0.044,1.1,0.92, 2026-04-09T03:30:00+09:00, 2026-04-09T04:00:00+09:00
0.025,0.62,0.92, 2026-04-09T04:00:00+09:00, 2026-04-09T04:30:00+09:00
0.044,1.1,0.92, 2026-04-09T04:30:00+09:00, 2026-04-09T05:00:00+09:00
0.024,0.6,0.92, 2026-04-09T05:00:00+09:00, 2026-04-09T05:30:00+09:00
0.045,1.12,0.92, 2026-04-09T05:30:00+09:00, 2026-04-09T06:00:00+09:00
0.026,0.65,0.92, 2026-04-09T06:00:00+09:00, 2026-04-09T06:30:00+09:00
0.042,1.05,0.92, 2026-04-09T06:30:00+09:00, 2026-04-09T07:00:00+09:00
0.029,0.72,0.92, 2026-04-09T07:00:00+09:00, 2026-04-09T07:30:00+09:00
0.038,0.95,0.92, 2026-04-09T07:30:00+09:00, 2026-04-09T08:00:00+09:00
0.022,0.55,0.92, 2026-04-09T08:00:00+09:00, 2026-04-09T08:30:00+09:00
0.027,0.67,0.92, 2026-04-09T08:30:00+09:00, 2026-04-09T09:00:00+09:00
0.025,0.62,0.92, 2026-04-09T09:00:00+09:00, 2026-04-09T09:30:00+09:00
0.024,0.6,0.92, 2026-04-09T09:30:00+09:00, 2026-04-09T10:00:00+09:00
0.027,0.67,0.92, 2026-04-09T10:00:00+09:00, 2026-04-09T10:30:00+09:00
0.022,0.55,0.92, 2026-04-09T10:30:00+09:00, 2026-04-09T11:00:00+09:00
0.03,0.75,0.92, 2026-04-09T11:00:00+09:00, 2026-04-09T11:30:00+09:00
0.019,0.47,0.92, 2026-04-09T11:30:00+09:00, 2026-04-09T12:00:00+09:00
0.033,0.82,0.92, 2026-04-09T12:00:00+09:00, 2026-04-09T12:30:00+09:00
0.016,0.4,0.92, 2026-04-09T12:30:00+09:00, 2026-04-09T13:00:00+09:00
0.034,0.85,0.92, 2026-04-09T13:00:00+09:00, 2026-04-09T13:30:00+09:00
0.015,0.37,0.92, 2026-04-09T13:30:00+09:00, 2026-04-09T14:00:00+09:00
0.034,0.85,0.92, 2026-04-09T14:00:00+09:00, 2026-04-09T14:30:00+09:00
0.015,0.37,0.92, 2026-04-09T14:30:00+09:00, 2026-04-09T15:00:00+09:00
0.034,0.85,0.92, 2026-04-09T15:00:00+09:00, 2026-04-09T15:30:00+09:00
0.015,0.37,0.92, 2026-04-09T15:30:00+09:00, 2026-04-09T16:00:00+09:00
0.043,1.07,0.92, 2026-04-09T16:00:00+09:00, 2026-04-09T16:30:00+09:00
0.023,0.57,0.92, 2026-04-09T16:30:00+09:00, 2026-04-09T17:00:00+09:00
0.042,1.05,0.92, 2026-04-09T17:00:00+09:00, 2026-04-09T17:30:00+09:00
0.023,0.57,0.92, 2026-04-09T17:30:00+09:00, 2026-04-09T18:00:00+09:00
0.043,1.07,0.92, 2026-04-09T18:00:00+09:00, 2026-04-09T18:30:00+09:00
0.025,0.62,0.92, 2026-04-09T18:30:00+09:00, 2026-04-09T19:00:00+09:00
0.042,1.05,0.92, 2026-04-09T19:00:00+09:00, 2026-04-09T19:30:00+09:00
0.029,0.72,0.92, 2026-04-09T19:30:00+09:00, 2026-04-09T20:00:00+09:00
0.04,1,0.92, 2026-04-09T20:00:00+09:00, 2026-04-09T20:30:00+09:00
0.031,0.77,0.92, 2026-04-09T20:30:00+09:00, 2026-04-09T21:00:00+09:00
0.037,0.92,0.92, 2026-04-09T21:00:00+09:00, 2026-04-09T21:30:00+09:00
0.034,0.85,0.92, 2026-04-09T21:30:00+09:00, 2026-04-09T22:00:00+09:00
0.035,0.87,0.92, 2026-04-09T22:00:00+09:00, 2026-04-09T22:30:00+09:00
0.036,0.9,0.92, 2026-04-09T22:30:00+09:00, 2026-04-09T23:00:00+09:00
0.03,0.75,0.92, 2026-04-09T23:00:00+09:00, 2026-04-09T23:30:00+09:00
0.039,0.97,0.92, 2026-04-09T23:30:00+09:00, 2026-04-10T00:00:00+09:00
0.027,0.67,0.92, 2026-04-10T00:00:00+09:00, 2026-04-10T00:30:00+09:00
0.042,1.05,0.92, 2026-04-10T00:30:00+09:00, 2026-04-10T01:00:00+09:00
0.023,0.57,0.92, 2026-04-10T01:00:00+09:00, 2026-04-10T01:30:00+09:00
0.043,1.07,0.92, 2026-04-10T01:30:00+09:00, 2026-04-10T02:00:00+09:00
0.023,0.57,0.92, 2026-04-10T02:00:00+09:00, 2026-04-10T02:30:00+09:00
0.042,1.05,0.92, 2026-04-10T02:30:00+09:00, 2026-04-10T03:00:00+09:00
0.023,0.57,0.92, 2026-04-10T03:00:00+09:00, 2026-04-10T03:30:00+09:00
0.042,1.05,0.92, 2026-04-10T03:30:00+09:00, 2026-04-10T04:00:00+09:00
0.023,0.57,0.92, 2026-04-10T04:00:00+09:00, 2026-04-10T04:30:00+09:00
0.042,1.05,0.92, 2026-04-10T04:30:00+09:00, 2026-04-10T05:00:00+09:00
0.025,0.62,0.92, 2026-04-10T05:00:00+09:00, 2026-04-10T05:30:00+09:00
0.041,1.02,0.92, 2026-04-10T05:30:00+09:00, 2026-04-10T06:00:00+09:00
0.028,0.7,0.92, 2026-04-10T06:00:00+09:00, 2026-04-10T06:30:00+09:00
0.037,0.92,0.92, 2026-04-10T06:30:00+09:00, 2026-04-10T07:00:00+09:00
0.032,0.8,0.92, 2026-04-10T07:00:00+09:00, 2026-04-10T07:30:00+09:00
0.032,0.8,0.92, 2026-04-10T07:30:00+09:00, 2026-04-10T08:00:00+09:00
0.027,0.67,0.92, 2026-04-10T08:00:00+09:00, 2026-04-10T08:30:00+09:00
0.022,0.55,0.92, 2026-04-10T08:30:00+09:00, 2026-04-10T09:00:00+09:00
0.03,0.75,0.92, 2026-04-10T09:00:00+09:00, 2026-04-10T09:30:00+09:00
0.018,0.45,0.92, 2026-04-10T09:30:00+09:00, 2026-04-10T10:00:00+09:00
0.034,0.85,0.92, 2026-04-10T10:00:00+09:00, 2026-04-10T10:30:00+09:00
0.014,0.35,0.92, 2026-04-10T10:30:00+09:00, 2026-04-10T11:00:00+09:00
0.034,0.85,0.92, 2026-04-10T11:00:00+09:00, 2026-04-10T11:30:00+09:00
0.015,0.37,0.92, 2026-04-10T11:30:00+09:00, 2026-04-10T12:00:00+09:00
0.033,0.82,0.92, 2026-04-10T12:00:00+09:00, 2026-04-10T12:30:00+09:00
0.015,0.37,0.92, 2026-04-10T12:30:00+09:00, 2026-04-10T13:00:00+09:00
0.033,0.82,0.92, 2026-04-10T13:00:00+09:00, 2026-04-10T13:30:00+09:00
0.015,0.37,0.92, 2026-04-10T13:30:00+09:00, 2026-04-10T14:00:00+09:00
0.033,0.82,0.92, 2026-04-10T14:00:00+09:00, 2026-04-10T14:30:00+09:00
0.015,0.37,0.92, 2026-04-10T14:30:00+09:00, 2026-04-10T15:00:00+09:00
0.033,0.82,0.92, 2026-04-10T15:00:00+09:00, 2026-04-10T15:30:00+09:00
0.016,0.4,0.92, 2026-04-10T15:30:00+09:00, 2026-04-10T16:00:00+09:00
0.041,1.02,0.92, 2026-04-10T16:00:00+09:00, 2026-04-10T16:30:00+09:00
0.027,0.67,0.92, 2026-04-10T16:30:00+09:00, 2026-04-10T17:00:00+09:00
0.039,0.97,0.92, 2026-04-10T17:00:00+09:00, 2026-04-10T17:30:00+09:00
0.028,0.7,0.92, 2026-04-10T17:30:00+09:00, 2026-04-10T18:00:00+09:00
0.037,0.92,0.92, 2026-04-10T18:00:00+09:00, 2026-04-10T18:30:00+09:00
0.03,0.75,0.92, 2026-04-10T18:30:00+09:00, 2026-04-10T19:00:00+09:00
0.036,0.9,0.92, 2026-04-10T19:00:00+09:00, 2026-04-10T19:30:00+09:00
0.032,0.8,0.92, 2026-04-10T19:30:00+09:00, 2026-04-10T20:00:00+09:00
0.033,0.82,0.92, 2026-04-10T20:00:00+09:00, 2026-04-10T20:30:00+09:00
0.035,0.87,0.92, 2026-04-10T20:30:00+09:00, 2026-04-10T21:00:00+09:00
0.03,0.75,0.92, 2026-04-10T21:00:00+09:00, 2026-04-10T21:30:00+09:00
0.038,0.95,0.92, 2026-04-10T21:30:00+09:00, 2026-04-10T22:00:00+09:00
0.027,0.67,0.92, 2026-04-10T22:00:00+09:00, 2026-04-10T22:30:00+09:00
0.041,1.02,0.92, 2026-04-10T22:30:00+09:00, 2026-04-10T23:00:00+09:00
0.024,0.6,0.92, 2026-04-10T23:00:00+09:00, 2026-04-10T23:30:00+09:00
0.042,1.05,0.92, 2026-04-10T23:30:00+09:00, 2026-04-11T00:00:00+09:00
0.023,0.57,0.92, 2026-04-11T00:00:00+09:00, 2026-04-11T00:30:00+09:00
0.042,1.05,0.92, 2026-04-11T00:30:00+09:00, 2026-04-11T01:00:00+09:00
0.023,0.57,0.92, 2026-04-11T01:00:00+09:00, 2026-04-11T01:30:00+09:00
0.042,1.05,0.92, 2026-04-11T01:30:00+09:00, 2026-04-11T02:00:00+09:00
0.023,0.57,0.92, 2026-04-11T02:00:00+09:00, 2026-04-11T02:30:00+09:00
0.042,1.05,0.92, 2026-04-11T02:30:00+09:00, 2026-04-11T03:00:00+09:00
0.023,0.57,0.92, 2026-04-11T03:00:00+09:00, 2026-04-11T03:30:00+09:00
0.042,1.05,0.92, 2026-04-11T03:30:00+09:00, 2026-04-11T04:00:00+09:00
0.024,0.6,0.92, 2026-04-11T04:00:00+09:00, 2026-04-11T04:30:00+09:00
0.042,1.05,0.92, 2026-04-11T04:30:00+09:00, 2026-04-11T05:00:00+09:00
0.026,0.65,0.92, 2026-04-11T05:00:00+09:00, 2026-04-11T05:30:00+09:00
0.039,0.97,0.92, 2026-04-11T05:30:00+09:00, 2026-04-11T06:00:00+09:00
0.029,0.72,0.92, 2026-04-11T06:00:00+09:00, 2026-04-11T06:30:00+09:00
0.036,0.9,0.92, 2026-04-11T06:30:00+09:00, 2026-04-11T07:00:00+09:00
0.031,0.77,0.92, 2026-04-11T07:00:00+09:00, 2026-04-11T07:30:00+09:00
0.033,0.82,0.92, 2026-04-11T07:30:00+09:00, 2026-04-11T08:00:00+09:00
0.025,0.62,0.92, 2026-04-11T08:00:00+09:00, 2026-04-11T08:30:00+09:00
0.023,0.57,0.92, 2026-04-11T08:30:00+09:00, 2026-04-11T09:00:00+09:00
0.028,0.7,0.92, 2026-04-11T09:00:00+09:00, 2026-04-11T09:30:00+09:00
0.02,0.5,0.92, 2026-04-11T09:30:00+09:00, 2026-04-11T10:00:00+09:00
0.03,0.75,0.92, 2026-04-11T10:00:00+09:00, 2026-04-11T10:30:00+09:00
0.019,0.47,0.92, 2026-04-11T10:30:00+09:00, 2026-04-11T11:00:00+09:00
0.032,0.8,0.92, 2026-04-11T11:00:00+09:00, 2026-04-11T11:30:00+09:00
0.016,0.4,0.92, 2026-04-11T11:30:00+09:00, 2026-04-11T12:00:00+09:00
0.033,0.82,0.92, 2026-04-11T12:00:00+09:00, 2026-04-11T12:30:00+09:00
0.015,0.37,0.92, 2026-04-11T12:30:00+09:00, 2026-04-11T13:00:00+09:00
0.033,0.82,0.92, 2026-04-11T13:00:00+09:00, 2026-04-11T13:30:00+09:00
0.014,0.35,0.92, 2026-04-11T13:30:00+09:00, 2026-04-11T14:00:00+09:00
0.034,0.85,0.92, 2026-04-11T14:00:00+09:00, 2026-04-11T14:30:00+09:00
0.014,0.35,0.92, 2026-04-11T14:30:00+09:00, 2026-04-11T15:00:00+09:00
0.034,0.85,0.92, 2026-04-11T15:00:00+09:00, 2026-04-11T15:30:00+09:00
0.015,0.37,0.92, 2026-04-11T15:30:00+09:00, 2026-04-11T16:00:00+09:00
0.042,1.05,0.92, 2026-04-11T16:00:00+09:00, 2026-04-11T16:30:00+09:00
0.023,0.57,0.92, 2026-04-11T16:30:00+09:00, 2026-04-11T17:00:00+09:00
0.042,1.05,0.92, 2026-04-11T17:00:00+09:00, 2026-04-11T17:30:00+09:00
0.024,0.6,0.92, 2026-04-11T17:30:00+09:00, 2026-04-11T18:00:00+09:00
0.04,1,0.92, 2026-04-11T18:00:00+09:00, 2026-04-11T18:30:00+09:00
0.028,0.7,0.92, 2026-04-11T18:30:00+09:00, 2026-04-11T19:00:00+09:00
0.037,0.92,0.92, 2026-04-11T19:00:00+09:00, 2026-04-11T19:30:00+09:00
0.03,0.75,0.92, 2026-04-11T19:30:00+09:00, 2026-04-11T20:00:00+09:00
0.035,0.87,0.92, 2026-04-11T20:00:00+09:00, 2026-04-11T20:30:00+09:00
0.032,0.8,0.92, 2026-04-11T20:30:00+09:00, 2026-04-11T21:00:00+09:00
0.033,0.82,0.92, 2026-04-11T21:00:00+09:00, 2026-04-11T21:30:00+09:00
0.035,0.87,0.92, 2026-04-11T21:30:00+09:00, 2026-04-11T22:00:00+09:00
0.03,0.75,0.92, 2026-04-11T22:00:00+09:00, 2026-04-11T22:30:00+09:00
0.037,0.92,0.92, 2026-04-11T22:30:00+09:00, 2026-04-11T23:00:00+09:00
0.028,0.7,0.92, 2026-04-11T23:00:00+09:00, 2026-04-11T23:30:00+09:00
0.039,0.97,0.92, 2026-04-11T23:30:00+09:00, 2026-04-12T00:00:00+09:00
0.026,0.65,0.92, 2026-04-12T00:00:00+09:00, 2026-04-12T00:30:00+09:00
0.041,1.02,0.92, 2026-04-12T00:30:00+09:00, 2026-04-12T01:00:00+09:00
0.024,0.6,0.92, 2026-04-12T01:00:00+09:00, 2026-04-12T01:30:00+09:00
0.042,1.05,0.92, 2026-04-12T01:30:00+09:00, 2026-04-12T02:00:00+09:00
0.023,0.57,0.92, 2026-04-12T02:00:00+09:00, 2026-04-12T02:30:00+09:00
0.042,1.05,0.92, 2026-04-12T02:30:00+09:00, 2026-04-12T03:00:00+09:00
0.023,0.57,0.92, 2026-04-12T03:00:00+09:00, 2026-04-12T03:30:00+09:00
0.041,1.02,0.92, 2026-04-12T03:30:00+09:00, 2026-04-12T04:00:00+09:00
0.023,0.57,0.92, 2026-04-12T04:00:00+09:00, 2026-04-12T04:30:00+09:00
0.043,1.07,0.92, 2026-04-12T04:30:00+09:00, 2026-04-12T05:00:00+09:00
0.023,0.57,0.92, 2026-04-12T05:00:00+09:00, 2026-04-12T05:30:00+09:00
0.042,1.05,0.92, 2026-04-12T05:30:00+09:00, 2026-04-12T06:00:00+09:00
0.023,0.57,0.92, 2026-04-12T06:00:00+09:00, 2026-04-12T06:30:00+09:00
0.041,1.02,0.92, 2026-04-12T06:30:00+09:00, 2026-04-12T07:00:00+09:00
0.023,0.57,0.92, 2026-04-12T07:00:00+09:00, 2026-04-12T07:30:00+09:00
1.142,28.53,0.92, 2026-04-12T07:30:00+09:00, 2026-04-12T08:00:00+09:00
1.535,38.35,0.92, 2026-04-12T08:00:00+09:00, 2026-04-12T08:30:00+09:00
0.466,11.64,0.92, 2026-04-12T08:30:00+09:00, 2026-04-12T09:00:00+09:00
0.222,5.55,0.92, 2026-04-12T09:00:00+09:00, 2026-04-12T09:30:00+09:00
0.297,7.42,0.92, 2026-04-12T09:30:00+09:00, 2026-04-12T10:00:00+09:00
0.296,7.39,0.92, 2026-04-12T10:00:00+09:00, 2026-04-12T10:30:00+09:00
0.294,7.34,0.92, 2026-04-12T10:30:00+09:00, 2026-04-12T11:00:00+09:00
0.147,3.67,0.92, 2026-04-12T11:00:00+09:00, 2026-04-12T11:30:00+09:00
0.026,0.65,0.92, 2026-04-12T11:30:00+09:00, 2026-04-12T12:00:00+09:00
0.038,0.95,0.92, 2026-04-12T12:00:00+09:00, 2026-04-12T12:30:00+09:00
0.023,0.57,0.92, 2026-04-12T12:30:00+09:00, 2026-04-12T13:00:00+09:00
0.04,1,0.92, 2026-04-12T13:00:00+09:00, 2026-04-12T13:30:00+09:00
0.021,0.52,0.92, 2026-04-12T13:30:00+09:00, 2026-04-12T14:00:00+09:00
0.04,1,0.92, 2026-04-12T14:00:00+09:00, 2026-04-12T14:30:00+09:00
0.021,0.52,0.92, 2026-04-12T14:30:00+09:00, 2026-04-12T15:00:00+09:00
0.04,1,0.92, 2026-04-12T15:00:00+09:00, 2026-04-12T15:30:00+09:00
0.022,0.55,0.92, 2026-04-12T15:30:00+09:00, 2026-04-12T16:00:00+09:00
0.05,1.25,0.92, 2026-04-12T16:00:00+09:00, 2026-04-12T16:30:00+09:00
0.044,1.1,0.92, 2026-04-12T16:30:00+09:00, 2026-04-12T17:00:00+09:00
0.143,3.57,0.92, 2026-04-12T17:00:00+09:00, 2026-04-12T17:30:00+09:00
0.072,1.8,0.92, 2026-04-12T17:30:00+09:00, 2026-04-12T18:00:00+09:00
0.051,1.27,0.92, 2026-04-12T18:00:00+09:00, 2026-04-12T18:30:00+09:00
0.035,0.87,0.92, 2026-04-12T18:30:00+09:00, 2026-04-12T19:00:00+09:00
0.052,1.3,0.92, 2026-04-12T19:00:00+09:00, 2026-04-12T19:30:00+09:00
0.032,0.8,0.92, 2026-04-12T19:30:00+09:00, 2026-04-12T20:00:00+09:00
0.052,1.3,0.92, 2026-04-12T20:00:00+09:00, 2026-04-12T20:30:00+09:00
0.059,1.47,0.92, 2026-04-12T20:30:00+09:00, 2026-04-12T21:00:00+09:00
0.041,1.02,0.92, 2026-04-12T21:00:00+09:00, 2026-04-12T21:30:00+09:00
0.228,5.7,0.92, 2026-04-12T21:30:00+09:00, 2026-04-12T22:00:00+09:00
0.298,7.44,0.92, 2026-04-12T22:00:00+09:00, 2026-04-12T22:30:00+09:00
0.133,3.32,0.92, 2026-04-12T22:30:00+09:00, 2026-04-12T23:00:00+09:00
0.045,1.12,0.92, 2026-04-12T23:00:00+09:00, 2026-04-12T23:30:00+09:00
0.025,0.62,0.92, 2026-04-12T23:30:00+09:00, 2026-04-13T00:00:00+09:00
0.045,1.12,0.92, 2026-04-13T00:00:00+09:00, 2026-04-13T00:30:00+09:00
0.035,0.87,0.92, 2026-04-13T00:30:00+09:00, 2026-04-13T01:00:00+09:00
0.034,0.85,0.92, 2026-04-13T01:00:00+09:00, 2026-04-13T01:30:00+09:00
0.042,1.05,0.92, 2026-04-13T01:30:00+09:00, 2026-04-13T02:00:00+09:00
0.039,0.97,0.92, 2026-04-13T02:00:00+09:00, 2026-04-13T02:30:00+09:00
0.054,1.35,0.92, 2026-04-13T02:30:00+09:00, 2026-04-13T03:00:00+09:00
0.256,6.4,0.92, 2026-04-13T03:00:00+09:00, 2026-04-13T03:30:00+09:00
0.327,8.17,0.92, 2026-04-13T03:30:00+09:00, 2026-04-13T04:00:00+09:00
0.049,1.22,0.92, 2026-04-13T04:00:00+09:00, 2026-04-13T04:30:00+09:00
0.031,0.77,0.92, 2026-04-13T04:30:00+09:00, 2026-04-13T05:00:00+09:00
0.043,1.07,0.92, 2026-04-13T05:00:00+09:00, 2026-04-13T05:30:00+09:00
0.315,7.87,0.92, 2026-04-13T05:30:00+09:00, 2026-04-13T06:00:00+09:00
1.549,38.7,0.92, 2026-04-13T06:00:00+09:00, 2026-04-13T06:30:00+09:00
1.456,36.37,0.92, 2026-04-13T06:30:00+09:00, 2026-04-13T07:00:00+09:00
0.063,1.57,0.92, 2026-04-13T07:00:00+09:00, 2026-04-13T07:30:00+09:00
0.064,1.6,0.92, 2026-04-13T07:30:00+09:00, 2026-04-13T08:00:00+09:00
0.116,2.9,0.92, 2026-04-13T08:00:00+09:00, 2026-04-13T08:30:00+09:00
0.063,1.57,0.92, 2026-04-13T08:30:00+09:00, 2026-04-13T09:00:00+09:00
0.218,5.45,0.92, 2026-04-13T09:00:00+09:00, 2026-04-13T09:30:00+09:00
0.285,7.12,0.92, 2026-04-13T09:30:00+09:00, 2026-04-13T10:00:00+09:00
0.121,3.02,0.92, 2026-04-13T10:00:00+09:00, 2026-04-13T10:30:00+09:00
0.019,0.47,0.92, 2026-04-13T10:30:00+09:00, 2026-04-13T11:00:00+09:00
0.035,0.87,0.92, 2026-04-13T11:00:00+09:00, 2026-04-13T11:30:00+09:00
0.016,0.4,0.92, 2026-04-13T11:30:00+09:00, 2026-04-13T12:00:00+09:00
0.036,0.9,0.92, 2026-04-13T12:00:00+09:00, 2026-04-13T12:30:00+09:00
0.016,0.4,0.92, 2026-04-13T12:30:00+09:00, 2026-04-13T13:00:00+09:00
0.035,0.87,0.92, 2026-04-13T13:00:00+09:00, 2026-04-13T13:30:00+09:00
0.02,0.5,0.92, 2026-04-13T13:30:00+09:00, 2026-04-13T14:00:00+09:00
0.031,0.77,0.92, 2026-04-13T14:00:00+09:00, 2026-04-13T14:30:00+09:00
0.025,0.62,0.92, 2026-04-13T14:30:00+09:00, 2026-04-13T15:00:00+09:00
0.026,0.65,0.92, 2026-04-13T15:00:00+09:00, 2026-04-13T15:30:00+09:00
0.039,0.97,0.92, 2026-04-13T15:30:00+09:00, 2026-04-13T16:00:00+09:00
0.053,1.32,0.92, 2026-04-13T16:00:00+09:00, 2026-04-13T16:30:00+09:00
0.056,1.4,0.92, 2026-04-13T16:30:00+09:00, 2026-04-13T17:00:00+09:00
0.038,0.95,0.92, 2026-04-13T17:00:00+09:00, 2026-04-13T17:30:00+09:00
0.053,1.32,0.92, 2026-04-13T17:30:00+09:00, 2026-04-13T18:00:00+09:00
0.036,0.9,0.92, 2026-04-13T18:00:00+09:00, 2026-04-13T18:30:00+09:00
0.057,1.42,0.92, 2026-04-13T18:30:00+09:00, 2026-04-13T19:00:00+09:00
0.039,0.97,0.92, 2026-04-13T19:00:00+09:00, 2026-04-13T19:30:00+09:00
0.244,6.1,0.92, 2026-04-13T19:30:00+09:00, 2026-04-13T20:00:00+09:00
0.305,7.62,0.92, 2026-04-13T20:00:00+09:00, 2026-04-13T20:30:00+09:00
0.309,7.72,0.92, 2026-04-13T20:30:00+09:00, 2026-04-13T21:00:00+09:00
0.302,7.54,0.92, 2026-04-13T21:00:00+09:00, 2026-04-13T21:30:00+09:00
0.13,3.25,0.92, 2026-04-13T21:30:00+09:00, 2026-04-13T22:00:00+09:00
0.045,1.12,0.92, 2026-04-13T22:00:00+09:00, 2026-04-13T22:30:00+09:00
0.102,2.55,0.92, 2026-04-13T22:30:00+09:00, 2026-04-13T23:00:00+09:00
0.046,1.15,0.92, 2026-04-13T23:00:00+09:00, 2026-04-13T23:30:00+09:00
0.035,0.87,0.92, 2026-04-13T23:30:00+09:00, 2026-04-14T00:00:00+09:00
0.076,1.9,0.92, 2026-04-14T00:00:00+09:00, 2026-04-14T00:30:00+09:00
0.048,1.2,0.92, 2026-04-14T00:30:00+09:00, 2026-04-14T01:00:00+09:00
0.057,1.42,0.92, 2026-04-14T01:00:00+09:00, 2026-04-14T01:30:00+09:00
0.038,0.95,0.92, 2026-04-14T01:30:00+09:00, 2026-04-14T02:00:00+09:00
0.05,1.25,0.92, 2026-04-14T02:00:00+09:00, 2026-04-14T02:30:00+09:00
0.029,0.72,0.92, 2026-04-14T02:30:00+09:00, 2026-04-14T03:00:00+09:00
0.102,2.55,0.92, 2026-04-14T03:00:00+09:00, 2026-04-14T03:30:00+09:00
0.048,1.2,0.92, 2026-04-14T03:30:00+09:00, 2026-04-14T04:00:00+09:00
0.049,1.22,0.92, 2026-04-14T04:00:00+09:00, 2026-04-14T04:30:00+09:00
0.038,0.95,0.92, 2026-04-14T04:30:00+09:00, 2026-04-14T05:00:00+09:00
0.044,1.1,0.92, 2026-04-14T05:00:00+09:00, 2026-04-14T05:30:00+09:00
0.089,2.22,0.92, 2026-04-14T05:30:00+09:00, 2026-04-14T06:00:00+09:00
0.043,1.07,0.92, 2026-04-14T06:00:00+09:00, 2026-04-14T06:30:00+09:00
0.04,1,0.92, 2026-04-14T06:30:00+09:00, 2026-04-14T07:00:00+09:00
0.044,1.1,0.92, 2026-04-14T07:00:00+09:00, 2026-04-14T07:30:00+09:00
0.264,6.6,0.92, 2026-04-14T07:30:00+09:00, 2026-04-14T08:00:00+09:00
1.571,39.25,0.92, 2026-04-14T08:00:00+09:00, 2026-04-14T08:30:00+09:00
1.369,34.2,0.92, 2026-04-14T08:30:00+09:00, 2026-04-14T09:00:00+09:00
0.056,1.4,0.92, 2026-04-14T09:00:00+09:00, 2026-04-14T09:30:00+09:00
0.06,1.5,0.92, 2026-04-14T09:30:00+09:00, 2026-04-14T10:00:00+09:00
0.039,0.97,0.92, 2026-04-14T10:00:00+09:00, 2026-04-14T10:30:00+09:00
0.032,0.8,0.92, 2026-04-14T10:30:00+09:00, 2026-04-14T11:00:00+09:00
0.028,0.7,0.92, 2026-04-14T11:00:00+09:00, 2026-04-14T11:30:00+09:00
0.034,0.85,0.92, 2026-04-14T11:30:00+09:00, 2026-04-14T12:00:00+09:00
0.027,0.67,0.92, 2026-04-14T12:00:00+09:00, 2026-04-14T12:30:00+09:00
0.066,1.65,0.92, 2026-04-14T12:30:00+09:00, 2026-04-14T13:00:00+09:00
0.024,0.6,0.92, 2026-04-14T13:00:00+09:00, 2026-04-14T13:30:00+09:00
0.038,0.95,0.92, 2026-04-14T13:30:00+09:00, 2026-04-14T14:00:00+09:00
0.022,0.55,0.92, 2026-04-14T14:00:00+09:00, 2026-04-14T14:30:00+09:00
0.039,0.97,0.92, 2026-04-14T14:30:00+09:00, 2026-04-14T15:00:00+09:00
0.022,0.55,0.92, 2026-04-14T15:00:00+09:00, 2026-04-14T15:30:00+09:00
0.04,1,0.92, 2026-04-14T15:30:00+09:00, 2026-04-14T16:00:00+09:00
0.031,0.77,0.92, 2026-04-14T16:00:00+09:00, 2026-04-14T16:30:00+09:00
0.099,2.47,0.92, 2026-04-14T16:30:00+09:00, 2026-04-14T17:00:00+09:00
0.03,0.75,0.92, 2026-04-14T17:00:00+09:00, 2026-04-14T17:30:00+09:00
0.047,1.17,0.92, 2026-04-14T17:30:00+09:00, 2026-04-14T18:00:00+09:00
0.032,0.8,0.92, 2026-04-14T18:00:00+09:00, 2026-04-14T18:30:00+09:00
0.05,1.25,0.92, 2026-04-14T18:30:00+09:00, 2026-04-14T19:00:00+09:00
0.036,0.9,0.92, 2026-04-14T19:00:00+09:00, 2026-04-14T19:30:00+09:00
0.057,1.42,0.92, 2026-04-14T19:30:00+09:00, 2026-04-14T20:00:00+09:00
0.038,0.95,0.92, 2026-04-14T20:00:00+09:00, 2026-04-14T20:30:00+09:00
0.056,1.4,0.92, 2026-04-14T20:30:00+09:00, 2026-04-14T21:00:00+09:00
0.03,0.75,0.92, 2026-04-14T21:00:00+09:00, 2026-04-14T21:30:00+09:00
0.053,1.32,0.92, 2026-04-14T21:30:00+09:00, 2026-04-14T22:00:00+09:00
0.206,5.15,0.92, 2026-04-14T22:00:00+09:00, 2026-04-14T22:30:00+09:00
0.311,7.77,0.92, 2026-04-14T22:30:00+09:00, 2026-04-14T23:00:00+09:00
0.296,7.39,0.92, 2026-04-14T23:00:00+09:00, 2026-04-14T23:30:00+09:00
0.303,7.57,0.92, 2026-04-14T23:30:00+09:00, 2026-04-15T00:00:00+09:00
0.166,4.15,0.92, 2026-04-15T00:00:00+09:00, 2026-04-15T00:30:00+09:00
0.049,1.22,0.92, 2026-04-15T00:30:00+09:00, 2026-04-15T01:00:00+09:00
0.046,1.15,0.92, 2026-04-15T01:00:00+09:00, 2026-04-15T01:30:00+09:00
0.047,1.17,0.92, 2026-04-15T01:30:00+09:00, 2026-04-15T02:00:00+09:00
0.052,1.3,0.92, 2026-04-15T02:00:00+09:00, 2026-04-15T02:30:00+09:00
0.059,1.47,0.92, 2026-04-15T02:30:00+09:00, 2026-04-15T03:00:00+09:00
1.092,27.28,0.92, 2026-04-15T03:00:00+09:00, 2026-04-15T03:30:00+09:00
1.529,38.2,0.92, 2026-04-15T03:30:00+09:00, 2026-04-15T04:00:00+09:00
0.494,12.34,0.92, 2026-04-15T04:00:00+09:00, 2026-04-15T04:30:00+09:00
0.047,1.17,0.92, 2026-04-15T04:30:00+09:00, 2026-04-15T05:00:00+09:00
0.065,1.62,0.92, 2026-04-15T05:00:00+09:00, 2026-04-15T05:30:00+09:00
0.096,2.4,0.92, 2026-04-15T05:30:00+09:00, 2026-04-15T06:00:00+09:00
0.065,1.62,0.92, 2026-04-15T06:00:00+09:00, 2026-04-15T06:30:00+09:00
0.047,1.17,0.92, 2026-04-15T06:30:00+09:00, 2026-04-15T07:00:00+09:00
0.062,1.55,0.92, 2026-04-15T07:00:00+09:00, 2026-04-15T07:30:00+09:00
0.047,1.17,0.92, 2026-04-15T07:30:00+09:00, 2026-04-15T08:00:00+09:00
0.047,1.17,0.92, 2026-04-15T08:00:00+09:00, 2026-04-15T08:30:00+09:00
0.042,1.05,0.92, 2026-04-15T08:30:00+09:00, 2026-04-15T09:00:00+09:00
0.057,1.42,0.92, 2026-04-15T09:00:00+09:00, 2026-04-15T09:30:00+09:00
0.044,1.1,0.92, 2026-04-15T09:30:00+09:00, 2026-04-15T10:00:00+09:00
0.04,1,0.92, 2026-04-15T10:00:00+09:00, 2026-04-15T10:30:00+09:00
0.041,1.02,0.92, 2026-04-15T10:30:00+09:00, 2026-04-15T11:00:00+09:00
0.034,0.85,0.92, 2026-04-15T11:00:00+09:00, 2026-04-15T11:30:00+09:00
0.044,1.1,0.92, 2026-04-15T11:30:00+09:00, 2026-04-15T12:00:00+09:00
0.032,0.8,0.92, 2026-04-15T12:00:00+09:00, 2026-04-15T12:30:00+09:00
0.046,1.15,0.92, 2026-04-15T12:30:00+09:00, 2026-04-15T13:00:00+09:00
0.029,0.72,0.92, 2026-04-15T13:00:00+09:00, 2026-04-15T13:30:00+09:00
0.048,1.2,0.92, 2026-04-15T13:30:00+09:00, 2026-04-15T14:00:00+09:00
0.032,0.8,0.92, 2026-04-15T14:00:00+09:00, 2026-04-15T14:30:00+09:00
0.05,1.25,0.92, 2026-04-15T14:30:00+09:00, 2026-04-15T15:00:00+09:00
0.029,0.72,0.92, 2026-04-15T15:00:00+09:00, 2026-04-15T15:30:00+09:00
0.049,1.22,0.92, 2026-04-15T15:30:00+09:00, 2026-04-15T16:00:00+09:00
0.028,0.7,0.92, 2026-04-15T16:00:00+09:00, 2026-04-15T16:30:00+09:00
0.047,1.17,0.92, 2026-04-15T16:30:00+09:00, 2026-04-15T17:00:00+09:00
0.031,0.77,0.92, 2026-04-15T17:00:00+09:00, 2026-04-15T17:30:00+09:00
0.053,1.32,0.92, 2026-04-15T17:30:00+09:00, 2026-04-15T18:00:00+09:00
0.028,0.7,0.92, 2026-04-15T18:00:00+09:00, 2026-04-15T18:30:00+09:00
0.049,1.22,0.92, 2026-04-15T18:30:00+09:00, 2026-04-15T19:00:00+09:00
0.028,0.7,0.92, 2026-04-15T19:00:00+09:00, 2026-04-15T19:30:00+09:00
0.048,1.2,0.92, 2026-04-15T19:30:00+09:00, 2026-04-15T20:00:00+09:00
0.028,0.7,0.92, 2026-04-15T20:00:00+09:00, 2026-04-15T20:30:00+09:00
0.047,1.17,0.92, 2026-04-15T20:30:00+09:00, 2026-04-15T21:00:00+09:00
1.056,26.38,0.92, 2026-04-15T21:00:00+09:00, 2026-04-15T21:30:00+09:00
1.547,38.65,0.92, 2026-04-15T21:30:00+09:00, 2026-04-15T22:00:00+09:00
0.495,12.37,0.92, 2026-04-15T22:00:00+09:00, 2026-04-15T22:30:00+09:00
0.044,1.1,0.92, 2026-04-15T22:30:00+09:00, 2026-04-15T23:00:00+09:00
0.049,1.22,0.92, 2026-04-15T23:00:00+09:00, 2026-04-15T23:30:00+09:00
0.146,3.65,0.92, 2026-04-15T23:30:00+09:00, 2026-04-16T00:00:00+09:00
0.313,7.82,0.92, 2026-04-16T00:00:00+09:00, 2026-04-16T00:30:00+09:00
0.296,7.39,0.92, 2026-04-16T00:30:00+09:00, 2026-04-16T01:00:00+09:00
0.305,7.62,0.92, 2026-04-16T01:00:00+09:00, 2026-04-16T01:30:00+09:00
0.207,5.17,0.92, 2026-04-16T01:30:00+09:00, 2026-04-16T02:00:00+09:00
0.047,1.17,0.92, 2026-04-16T02:00:00+09:00, 2026-04-16T02:30:00+09:00
0.047,1.17,0.92, 2026-04-16T02:30:00+09:00, 2026-04-16T03:00:00+09:00
0.036,0.9,0.92, 2026-04-16T03:00:00+09:00, 2026-04-16T03:30:00+09:00
0.297,7.42,0.92, 2026-04-16T03:30:00+09:00, 2026-04-16T04:00:00+09:00
0.281,7.02,0.92, 2026-04-16T04:00:00+09:00, 2026-04-16T04:30:00+09:00
0.158,3.95,0.92, 2026-04-16T04:30:00+09:00, 2026-04-16T05:00:00+09:00
0.054,1.35,0.92, 2026-04-16T05:00:00+09:00, 2026-04-16T05:30:00+09:00
0.094,2.35,0.92, 2026-04-16T05:30:00+09:00, 2026-04-16T06:00:00+09:00
0.048,1.2,0.92, 2026-04-16T06:00:00+09:00, 2026-04-16T06:30:00+09:00
0.036,0.9,0.92, 2026-04-16T06:30:00+09:00, 2026-04-16T07:00:00+09:00
0.052,1.3,0.92, 2026-04-16T07:00:00+09:00, 2026-04-16T07:30:00+09:00
0.032,0.8,0.92, 2026-04-16T07:30:00+09:00, 2026-04-16T08:00:00+09:00
0.054,1.35,0.92, 2026-04-16T08:00:00+09:00, 2026-04-16T08:30:00+09:00
0.028,0.7,0.92, 2026-04-16T08:30:00+09:00, 2026-04-16T09:00:00+09:00
0.047,1.17,0.92, 2026-04-16T09:00:00+09:00, 2026-04-16T09:30:00+09:00
0.033,0.82,0.92, 2026-04-16T09:30:00+09:00, 2026-04-16T10:00:00+09:00
0.037,0.92,0.92, 2026-04-16T10:00:00+09:00, 2026-04-16T10:30:00+09:00
0.035,0.87,0.92, 2026-04-16T10:30:00+09:00, 2026-04-16T11:00:00+09:00
0.032,0.8,0.92, 2026-04-16T11:00:00+09:00, 2026-04-16T11:30:00+09:00
0.04,1,0.92, 2026-04-16T11:30:00+09:00, 2026-04-16T12:00:00+09:00
0.026,0.65,0.92, 2026-04-16T12:00:00+09:00, 2026-04-16T12:30:00+09:00
0.043,1.07,0.92, 2026-04-16T12:30:00+09:00, 2026-04-16T13:00:00+09:00
0.024,0.6,0.92, 2026-04-16T13:00:00+09:00, 2026-04-16T13:30:00+09:00
0.043,1.07,0.92, 2026-04-16T13:30:00+09:00, 2026-04-16T14:00:00+09:00
0.023,0.57,0.92, 2026-04-16T14:00:00+09:00, 2026-04-16T14:30:00+09:00
0.035,0.87,0.92, 2026-04-16T14:30:00+09:00, 2026-04-16T15:00:00+09:00
0.027,0.67,0.92, 2026-04-16T15:00:00+09:00, 2026-04-16T15:30:00+09:00
0.025,0.62,0.92, 2026-04-16T15:30:00+09:00, 2026-04-16T16:00:00+09:00
0.047,1.17,0.92, 2026-04-16T16:00:00+09:00, 2026-04-16T16:30:00+09:00
0.028,0.7,0.92, 2026-04-16T16:30:00+09:00, 2026-04-16T17:00:00+09:00
0.043,1.07,0.92, 2026-04-16T17:00:00+09:00, 2026-04-16T17:30:00+09:00
0.026,0.65,0.92, 2026-04-16T17:30:00+09:00, 2026-04-16T18:00:00+09:00
0.046,1.15,0.92, 2026-04-16T18:00:00+09:00, 2026-04-16T18:30:00+09:00
0.03,0.75,0.92, 2026-04-16T18:30:00+09:00, 2026-04-16T19:00:00+09:00
0.04,1,0.92, 2026-04-16T19:00:00+09:00, 2026-04-16T19:30:00+09:00
0.035,0.87,0.92, 2026-04-16T19:30:00+09:00, 2026-04-16T20:00:00+09:00
0.033,0.82,0.92, 2026-04-16T20:00:00+09:00, 2026-04-16T20:30:00+09:00
0.041,1.02,0.92, 2026-04-16T20:30:00+09:00, 2026-04-16T21:00:00+09:00
0.027,0.67,0.92, 2026-04-16T21:00:00+09:00, 2026-04-16T21:30:00+09:00
0.045,1.12,0.92, 2026-04-16T21:30:00+09:00, 2026-04-16T22:00:00+09:00
0.024,0.6,0.92, 2026-04-16T22:00:00+09:00, 2026-04-16T22:30:00+09:00
0.044,1.1,0.92, 2026-04-16T22:30:00+09:00, 2026-04-16T23:00:00+09:00
0.025,0.62,0.92, 2026-04-16T23:00:00+09:00, 2026-04-16T23:30:00+09:00
0.049,1.22,0.92, 2026-04-16T23:30:00+09:00, 2026-04-17T00:00:00+09:00
0.027,0.67,0.92, 2026-04-17T00:00:00+09:00, 2026-04-17T00:30:00+09:00
0.05,1.25,0.92, 2026-04-17T00:30:00+09:00, 2026-04-17T01:00:00+09:00
0.038,0.95,0.92, 2026-04-17T01:00:00+09:00, 2026-04-17T01:30:00+09:00
0.044,1.1,0.92, 2026-04-17T01:30:00+09:00, 2026-04-17T02:00:00+09:00
0.046,1.15,0.92, 2026-04-17T02:00:00+09:00, 2026-04-17T02:30:00+09:00
0.051,1.27,0.92, 2026-04-17T02:30:00+09:00, 2026-04-17T03:00:00+09:00
0.059,1.47,0.92, 2026-04-17T03:00:00+09:00, 2026-04-17T03:30:00+09:00
0.328,8.19,0.92, 2026-04-17T03:30:00+09:00, 2026-04-17T04:00:00+09:00
1.536,38.37,0.92, 2026-04-17T04:00:00+09:00, 2026-04-17T04:30:00+09:00
1.243,31.05,0.92, 2026-04-17T04:30:00+09:00, 2026-04-17T05:00:00+09:00
0.064,1.6,0.92, 2026-04-17T05:00:00+09:00, 2026-04-17T05:30:00+09:00
0.096,2.4,0.92, 2026-04-17T05:30:00+09:00, 2026-04-17T06:00:00+09:00
0.052,1.3,0.92, 2026-04-17T06:00:00+09:00, 2026-04-17T06:30:00+09:00
0.058,1.45,0.92, 2026-04-17T06:30:00+09:00, 2026-04-17T07:00:00+09:00
0.041,1.02,0.92, 2026-04-17T07:00:00+09:00, 2026-04-17T07:30:00+09:00
0.058,1.45,0.92, 2026-04-17T07:30:00+09:00, 2026-04-17T08:00:00+09:00
0.021,0.52,0.92, 2026-04-17T08:00:00+09:00, 2026-04-17T08:30:00+09:00
0.037,0.92,0.92, 2026-04-17T08:30:00+09:00, 2026-04-17T09:00:00+09:00
0.019,0.47,0.92, 2026-04-17T09:00:00+09:00, 2026-04-17T09:30:00+09:00
0.037,0.92,0.92, 2026-04-17T09:30:00+09:00, 2026-04-17T10:00:00+09:00
0.019,0.47,0.92, 2026-04-17T10:00:00+09:00, 2026-04-17T10:30:00+09:00
0.037,0.92,0.92, 2026-04-17T10:30:00+09:00, 2026-04-17T11:00:00+09:00
0.022,0.55,0.92, 2026-04-17T11:00:00+09:00, 2026-04-17T11:30:00+09:00
0.035,0.87,0.92, 2026-04-17T11:30:00+09:00, 2026-04-17T12:00:00+09:00
0.024,0.6,0.92, 2026-04-17T12:00:00+09:00, 2026-04-17T12:30:00+09:00
0.032,0.8,0.92, 2026-04-17T12:30:00+09:00, 2026-04-17T13:00:00+09:00
0.027,0.67,0.92, 2026-04-17T13:00:00+09:00, 2026-04-17T13:30:00+09:00
0.029,0.72,0.92, 2026-04-17T13:30:00+09:00, 2026-04-17T14:00:00+09:00
0.029,0.72,0.92, 2026-04-17T14:00:00+09:00, 2026-04-17T14:30:00+09:00
0.026,0.65,0.92, 2026-04-17T14:30:00+09:00, 2026-04-17T15:00:00+09:00
0.028,0.7,0.92, 2026-04-17T15:00:00+09:00, 2026-04-17T15:30:00+09:00
0.024,0.6,0.92, 2026-04-17T15:30:00+09:00, 2026-04-17T16:00:00+09:00
0.038,0.95,0.92, 2026-04-17T16:00:00+09:00, 2026-04-17T16:30:00+09:00
0.03,0.75,0.92, 2026-04-17T16:30:00+09:00, 2026-04-17T17:00:00+09:00
0.045,1.12,0.92, 2026-04-17T17:00:00+09:00, 2026-04-17T17:30:00+09:00
0.04,1,0.92, 2026-04-17T17:30:00+09:00, 2026-04-17T18:00:00+09:00
0.063,1.57,0.92, 2026-04-17T18:00:00+09:00, 2026-04-17T18:30:00+09:00
0.041,1.02,0.92, 2026-04-17T18:30:00+09:00, 2026-04-17T19:00:00+09:00
0.051,1.27,0.92, 2026-04-17T19:00:00+09:00, 2026-04-17T19:30:00+09:00
0.036,0.9,0.92, 2026-04-17T19:30:00+09:00, 2026-04-17T20:00:00+09:00
0.059,1.47,0.92, 2026-04-17T20:00:00+09:00, 2026-04-17T20:30:00+09:00
0.076,1.9,0.92, 2026-04-17T20:30:00+09:00, 2026-04-17T21:00:00+09:00
0.309,7.72,0.92, 2026-04-17T21:00:00+09:00, 2026-04-17T21:30:00+09:00
0.269,6.72,0.92, 2026-04-17T21:30:00+09:00, 2026-04-17T22:00:00+09:00
0.044,1.1,0.92, 2026-04-17T22:00:00+09:00, 2026-04-17T22:30:00+09:00
0.038,0.95,0.92, 2026-04-17T22:30:00+09:00, 2026-04-17T23:00:00+09:00
0.039,0.97,0.92, 2026-04-17T23:00:00+09:00, 2026-04-17T23:30:00+09:00
0.042,1.05,0.92, 2026-04-17T23:30:00+09:00, 2026-04-18T00:00:00+09:00
0.034,0.85,0.92, 2026-04-18T00:00:00+09:00, 2026-04-18T00:30:00+09:00
0.047,1.17,0.92, 2026-04-18T00:30:00+09:00, 2026-04-18T01:00:00+09:00
0.032,0.8,0.92, 2026-04-18T01:00:00+09:00, 2026-04-18T01:30:00+09:00
0.052,1.3,0.92, 2026-04-18T01:30:00+09:00, 2026-04-18T02:00:00+09:00
0.045,1.12,0.92, 2026-04-18T02:00:00+09:00, 2026-04-18T02:30:00+09:00
0.054,1.35,0.92, 2026-04-18T02:30:00+09:00, 2026-04-18T03:00:00+09:00
0.036,0.9,0.92, 2026-04-18T03:00:00+09:00, 2026-04-18T03:30:00+09:00
0.05,1.25,0.92, 2026-04-18T03:30:00+09:00, 2026-04-18T04:00:00+09:00
0.033,0.82,0.92, 2026-04-18T04:00:00+09:00, 2026-04-18T04:30:00+09:00
0.065,1.62,0.92, 2026-04-18T04:30:00+09:00, 2026-04-18T05:00:00+09:00
0.053,1.32,0.92, 2026-04-18T05:00:00+09:00, 2026-04-18T05:30:00+09:00
0.108,2.7,0.92, 2026-04-18T05:30:00+09:00, 2026-04-18T06:00:00+09:00
1.438,35.92,0.92, 2026-04-18T06:00:00+09:00, 2026-04-18T06:30:00+09:00
1.531,38.25,0.92, 2026-04-18T06:30:00+09:00, 2026-04-18T07:00:00+09:00
0.133,3.32,0.92, 2026-04-18T07:00:00+09:00, 2026-04-18T07:30:00+09:00
0.05,1.25,0.92, 2026-04-18T07:30:00+09:00, 2026-04-18T08:00:00+09:00
0.052,1.3,0.92, 2026-04-18T08:00:00+09:00, 2026-04-18T08:30:00+09:00
0.038,0.95,0.92, 2026-04-18T08:30:00+09:00, 2026-04-18T09:00:00+09:00
0.03,0.75,0.92, 2026-04-18T09:00:00+09:00, 2026-04-18T09:30:00+09:00
0.034,0.85,0.92, 2026-04-18T09:30:00+09:00, 2026-04-18T10:00:00+09:00
0.018,0.45,0.92, 2026-04-18T10:00:00+09:00, 2026-04-18T10:30:00+09:00
0.036,0.9,0.92, 2026-04-18T10:30:00+09:00, 2026-04-18T11:00:00+09:00
0.015,0.37,0.92, 2026-04-18T11:00:00+09:00, 2026-04-18T11:30:00+09:00
0.036,0.9,0.92, 2026-04-18T11:30:00+09:00, 2026-04-18T12:00:00+09:00
0.015,0.37,0.92, 2026-04-18T12:00:00+09:00, 2026-04-18T12:30:00+09:00
0.036,0.9,0.92, 2026-04-18T12:30:00+09:00, 2026-04-18T13:00:00+09:00
0.019,0.47,0.92, 2026-04-18T13:00:00+09:00, 2026-04-18T13:30:00+09:00
0.032,0.8,0.92, 2026-04-18T13:30:00+09:00, 2026-04-18T14:00:00+09:00
0.029,0.72,0.92, 2026-04-18T14:00:00+09:00, 2026-04-18T14:30:00+09:00
0.022,0.55,0.92, 2026-04-18T14:30:00+09:00, 2026-04-18T15:00:00+09:00
0.093,2.32,0.92, 2026-04-18T15:00:00+09:00, 2026-04-18T15:30:00+09:00
0.021,0.52,0.92, 2026-04-18T15:30:00+09:00, 2026-04-18T16:00:00+09:00
0.043,1.07,0.92, 2026-04-18T16:00:00+09:00, 2026-04-18T16:30:00+09:00
0.025,0.62,0.92, 2026-04-18T16:30:00+09:00, 2026-04-18T17:00:00+09:00
0.044,1.1,0.92, 2026-04-18T17:00:00+09:00, 2026-04-18T17:30:00+09:00
0.026,0.65,0.92, 2026-04-18T17:30:00+09:00, 2026-04-18T18:00:00+09:00
0.05,1.25,0.92, 2026-04-18T18:00:00+09:00, 2026-04-18T18:30:00+09:00
0.03,0.75,0.92, 2026-04-18T18:30:00+09:00, 2026-04-18T19:00:00+09:00
0.053,1.32,0.92, 2026-04-18T19:00:00+09:00, 2026-04-18T19:30:00+09:00
0.033,0.82,0.92, 2026-04-18T19:30:00+09:00, 2026-04-18T20:00:00+09:00
0.039,0.97,0.92, 2026-04-18T20:00:00+09:00, 2026-04-18T20:30:00+09:00
0.047,1.17,0.92, 2026-04-18T20:30:00+09:00, 2026-04-18T21:00:00+09:00
0.042,1.05,0.92, 2026-04-18T21:00:00+09:00, 2026-04-18T21:30:00+09:00
0.047,1.17,0.92, 2026-04-18T21:30:00+09:00, 2026-04-18T22:00:00+09:00
1.394,34.82,0.92, 2026-04-18T22:00:00+09:00, 2026-04-18T22:30:00+09:00
1.521,38,0.92, 2026-04-18T22:30:00+09:00, 2026-04-18T23:00:00+09:00
0.137,3.42,0.92, 2026-04-18T23:00:00+09:00, 2026-04-18T23:30:00+09:00
0.044,1.1,0.92, 2026-04-18T23:30:00+09:00, 2026-04-19T00:00:00+09:00
0.027,0.67,0.92, 2026-04-19T00:00:00+09:00, 2026-04-19T00:30:00+09:00
0.049,1.22,0.92, 2026-04-19T00:30:00+09:00, 2026-04-19T01:00:00+09:00
0.027,0.67,0.92, 2026-04-19T01:00:00+09:00, 2026-04-19T01:30:00+09:00
0.045,1.12,0.92, 2026-04-19T01:30:00+09:00, 2026-04-19T02:00:00+09:00
0.029,0.72,0.92, 2026-04-19T02:00:00+09:00, 2026-04-19T02:30:00+09:00
0.059,1.47,0.92, 2026-04-19T02:30:00+09:00, 2026-04-19T03:00:00+09:00
0.033,0.82,0.92, 2026-04-19T03:00:00+09:00, 2026-04-19T03:30:00+09:00
0.036,0.9,0.92, 2026-04-19T03:30:00+09:00, 2026-04-19T04:00:00+09:00
0.041,1.02,0.92, 2026-04-19T04:00:00+09:00, 2026-04-19T04:30:00+09:00
0.063,1.57,0.92, 2026-04-19T04:30:00+09:00, 2026-04-19T05:00:00+09:00
0.436,10.89,0.92, 2026-04-19T05:00:00+09:00, 2026-04-19T05:30:00+09:00
1.226,30.63,0.92, 2026-04-19T05:30:00+09:00, 2026-04-19T06:00:00+09:00
0.071,1.77,0.92, 2026-04-19T06:00:00+09:00, 2026-04-19T06:30:00+09:00
0.04,1,0.92, 2026-04-19T06:30:00+09:00, 2026-04-19T07:00:00+09:00
0.097,2.42,0.92, 2026-04-19T07:00:00+09:00, 2026-04-19T07:30:00+09:00
0.038,0.95,0.92, 2026-04-19T07:30:00+09:00, 2026-04-19T08:00:00+09:00
0.169,4.22,0.92, 2026-04-19T08:00:00+09:00, 2026-04-19T08:30:00+09:00
0.241,6.02,0.92, 2026-04-19T08:30:00+09:00, 2026-04-19T09:00:00+09:00
0.302,7.54,0.92, 2026-04-19T09:00:00+09:00, 2026-04-19T09:30:00+09:00
0.093,2.32,0.92, 2026-04-19T09:30:00+09:00, 2026-04-19T10:00:00+09:00
0.025,0.62,0.92, 2026-04-19T10:00:00+09:00, 2026-04-19T10:30:00+09:00
0.032,0.8,0.92, 2026-04-19T10:30:00+09:00, 2026-04-19T11:00:00+09:00
0.019,0.47,0.92, 2026-04-19T11:00:00+09:00, 2026-04-19T11:30:00+09:00
0.037,0.92,0.92, 2026-04-19T11:30:00+09:00, 2026-04-19T12:00:00+09:00
0.017,0.42,0.92, 2026-04-19T12:00:00+09:00, 2026-04-19T12:30:00+09:00
0.035,0.87,0.92, 2026-04-19T12:30:00+09:00, 2026-04-19T13:00:00+09:00
0.016,0.4,0.92, 2026-04-19T13:00:00+09:00, 2026-04-19T13:30:00+09:00
0.035,0.87,0.92, 2026-04-19T13:30:00+09:00, 2026-04-19T14:00:00+09:00
0.017,0.42,0.92, 2026-04-19T14:00:00+09:00, 2026-04-19T14:30:00+09:00
0.034,0.85,0.92, 2026-04-19T14:30:00+09:00, 2026-04-19T15:00:00+09:00
0.02,0.5,0.92, 2026-04-19T15:00:00+09:00, 2026-04-19T15:30:00+09:00
0.033,0.82,0.92, 2026-04-19T15:30:00+09:00, 2026-04-19T16:00:00+09:00
0.03,0.75,0.92, 2026-04-19T16:00:00+09:00, 2026-04-19T16:30:00+09:00
0.039,0.97,0.92, 2026-04-19T16:30:00+09:00, 2026-04-19T17:00:00+09:00
0.053,1.32,0.92, 2026-04-19T17:00:00+09:00, 2026-04-19T17:30:00+09:00
0.04,1,0.92, 2026-04-19T17:30:00+09:00, 2026-04-19T18:00:00+09:00
0.036,0.9,0.92, 2026-04-19T18:00:00+09:00, 2026-04-19T18:30:00+09:00
0.038,0.95,0.92, 2026-04-19T18:30:00+09:00, 2026-04-19T19:00:00+09:00
0.057,1.42,0.92, 2026-04-19T19:00:00+09:00, 2026-04-19T19:30:00+09:00
0.049,1.22,0.92, 2026-04-19T19:30:00+09:00, 2026-04-19T20:00:00+09:00
0.047,1.17,0.92, 2026-04-19T20:00:00+09:00, 2026-04-19T20:30:00+09:00
0.027,0.67,0.92, 2026-04-19T20:30:00+09:00, 2026-04-19T21:00:00+09:00
0.043,1.07,0.92, 2026-04-19T21:00:00+09:00, 2026-04-19T21:30:00+09:00
0.024,0.6,0.92, 2026-04-19T21:30:00+09:00, 2026-04-19T22:00:00+09:00
0.044,1.1,0.92, 2026-04-19T22:00:00+09:00, 2026-04-19T22:30:00+09:00
0.024,0.6,0.92, 2026-04-19T22:30:00+09:00, 2026-04-19T23:00:00+09:00
0.044,1.1,0.92, 2026-04-19T23:00:00+09:00, 2026-04-19T23:30:00+09:00
0.024,0.6,0.92, 2026-04-19T23:30:00+09:00, 2026-04-20T00:00:00+09:00
0.043,1.07,0.92, 2026-04-20T00:00:00+09:00, 2026-04-20T00:30:00+09:00
0.025,0.62,0.92, 2026-04-20T00:30:00+09:00, 2026-04-20T01:00:00+09:00
0.05,1.25,0.92, 2026-04-20T01:00:00+09:00, 2026-04-20T01:30:00+09:00
0.037,0.92,0.92, 2026-04-20T01:30:00+09:00, 2026-04-20T02:00:00+09:00
0.06,1.5,0.92, 2026-04-20T02:00:00+09:00, 2026-04-20T02:30:00+09:00
0.041,1.02,0.92, 2026-04-20T02:30:00+09:00, 2026-04-20T03:00:00+09:00
0.044,1.1,0.92, 2026-04-20T03:00:00+09:00, 2026-04-20T03:30:00+09:00
0.042,1.05,0.92, 2026-04-20T03:30:00+09:00, 2026-04-20T04:00:00+09:00
0.059,1.47,0.92, 2026-04-20T04:00:00+09:00, 2026-04-20T04:30:00+09:00
0.156,3.9,0.92, 2026-04-20T04:30:00+09:00, 2026-04-20T05:00:00+09:00
0.063,1.57,0.92, 2026-04-20T05:00:00+09:00, 2026-04-20T05:30:00+09:00
0.148,3.7,0.92, 2026-04-20T05:30:00+09:00, 2026-04-20T06:00:00+09:00
0.844,21.08,0.92, 2026-04-20T06:00:00+09:00, 2026-04-20T06:30:00+09:00
1.521,38,0.92, 2026-04-20T06:30:00+09:00, 2026-04-20T07:00:00+09:00
0.718,17.94,0.92, 2026-04-20T07:00:00+09:00, 2026-04-20T07:30:00+09:00
0.062,1.55,0.92, 2026-04-20T07:30:00+09:00, 2026-04-20T08:00:00+09:00
0.045,1.12,0.92, 2026-04-20T08:00:00+09:00, 2026-04-20T08:30:00+09:00
0.04,1,0.92, 2026-04-20T08:30:00+09:00, 2026-04-20T09:00:00+09:00
0.016,0.4,0.92, 2026-04-20T09:00:00+09:00, 2026-04-20T09:30:00+09:00
0.035,0.87,0.92, 2026-04-20T09:30:00+09:00, 2026-04-20T10:00:00+09:00
0.016,0.4,0.92, 2026-04-20T10:00:00+09:00, 2026-04-20T10:30:00+09:00
0.035,0.87,0.92, 2026-04-20T10:30:00+09:00, 2026-04-20T11:00:00+09:00
0.016,0.4,0.92, 2026-04-20T11:00:00+09:00, 2026-04-20T11:30:00+09:00
0.035,0.87,0.92, 2026-04-20T11:30:00+09:00, 2026-04-20T12:00:00+09:00
0.019,0.47,0.92, 2026-04-20T12:00:00+09:00, 2026-04-20T12:30:00+09:00
0.032,0.8,0.92, 2026-04-20T12:30:00+09:00, 2026-04-20T13:00:00+09:00
0.022,0.55,0.92, 2026-04-20T13:00:00+09:00, 2026-04-20T13:30:00+09:00
0.03,0.75,0.92, 2026-04-20T13:30:00+09:00, 2026-04-20T14:00:00+09:00
0.024,0.6,0.92, 2026-04-20T14:00:00+09:00, 2026-04-20T14:30:00+09:00
0.027,0.67,0.92, 2026-04-20T14:30:00+09:00, 2026-04-20T15:00:00+09:00
0.026,0.65,0.92, 2026-04-20T15:00:00+09:00, 2026-04-20T15:30:00+09:00
0.026,0.65,0.92, 2026-04-20T15:30:00+09:00, 2026-04-20T16:00:00+09:00
0.04,1,0.92, 2026-04-20T16:00:00+09:00, 2026-04-20T16:30:00+09:00
0.032,0.8,0.92, 2026-04-20T16:30:00+09:00, 2026-04-20T17:00:00+09:00
0.041,1.02,0.92, 2026-04-20T17:00:00+09:00, 2026-04-20T17:30:00+09:00
0.033,0.82,0.92, 2026-04-20T17:30:00+09:00, 2026-04-20T18:00:00+09:00
0.044,1.1,0.92, 2026-04-20T18:00:00+09:00, 2026-04-20T18:30:00+09:00
0.245,6.12,0.92, 2026-04-20T18:30:00+09:00, 2026-04-20T19:00:00+09:00
0.305,7.62,0.92, 2026-04-20T19:00:00+09:00, 2026-04-20T19:30:00+09:00
0.083,2.07,0.92, 2026-04-20T19:30:00+09:00, 2026-04-20T20:00:00+09:00
0.049,1.22,0.92, 2026-04-20T20:00:00+09:00, 2026-04-20T20:30:00+09:00
0.043,1.07,0.92, 2026-04-20T20:30:00+09:00, 2026-04-20T21:00:00+09:00
0.063,1.57,0.92, 2026-04-20T21:00:00+09:00, 2026-04-20T21:30:00+09:00
0.035,0.87,0.92, 2026-04-20T21:30:00+09:00, 2026-04-20T22:00:00+09:00
0.272,6.79,0.92, 2026-04-20T22:00:00+09:00, 2026-04-20T22:30:00+09:00
0.303,7.57,0.92, 2026-04-20T22:30:00+09:00, 2026-04-20T23:00:00+09:00
0.187,4.67,0.92, 2026-04-20T23:00:00+09:00, 2026-04-20T23:30:00+09:00
0.295,7.37,0.92, 2026-04-20T23:30:00+09:00, 2026-04-21T00:00:00+09:00
0.31,7.74,0.92, 2026-04-21T00:00:00+09:00, 2026-04-21T00:30:00+09:00
0.044,1.1,0.92, 2026-04-21T00:30:00+09:00, 2026-04-21T01:00:00+09:00
0.049,1.22,0.92, 2026-04-21T01:00:00+09:00, 2026-04-21T01:30:00+09:00
0.029,0.72,0.92, 2026-04-21T01:30:00+09:00, 2026-04-21T02:00:00+09:00
0.051,1.27,0.92, 2026-04-21T02:00:00+09:00, 2026-04-21T02:30:00+09:00
0.03,0.75,0.92, 2026-04-21T02:30:00+09:00, 2026-04-21T03:00:00+09:00
0.051,1.27,0.92, 2026-04-21T03:00:00+09:00, 2026-04-21T03:30:00+09:00
0.035,0.87,0.92, 2026-04-21T03:30:00+09:00, 2026-04-21T04:00:00+09:00
0.363,9.07,0.92, 2026-04-21T04:00:00+09:00, 2026-04-21T04:30:00+09:00
0.223,5.57,0.92, 2026-04-21T04:30:00+09:00, 2026-04-21T05:00:00+09:00
0.034,0.85,0.92, 2026-04-21T05:00:00+09:00, 2026-04-21T05:30:00+09:00
0.088,2.2,0.92, 2026-04-21T05:30:00+09:00, 2026-04-21T06:00:00+09:00
0.043,1.07,0.92, 2026-04-21T06:00:00+09:00, 2026-04-21T06:30:00+09:00
0.031,0.77,0.92, 2026-04-21T06:30:00+09:00, 2026-04-21T07:00:00+09:00
0.036,0.9,0.92, 2026-04-21T07:00:00+09:00, 2026-04-21T07:30:00+09:00
0.053,1.32,0.92, 2026-04-21T07:30:00+09:00, 2026-04-21T08:00:00+09:00
0.223,5.57,0.92, 2026-04-21T08:00:00+09:00, 2026-04-21T08:30:00+09:00
0.291,7.27,0.92, 2026-04-21T08:30:00+09:00, 2026-04-21T09:00:00+09:00
0.292,7.29,0.92, 2026-04-21T09:00:00+09:00, 2026-04-21T09:30:00+09:00
0.273,6.82,0.92, 2026-04-21T09:30:00+09:00, 2026-04-21T10:00:00+09:00
0.129,3.22,0.92, 2026-04-21T10:00:00+09:00, 2026-04-21T10:30:00+09:00
0.026,0.65,0.92, 2026-04-21T10:30:00+09:00, 2026-04-21T11:00:00+09:00
0.026,0.65,0.92, 2026-04-21T11:00:00+09:00, 2026-04-21T11:30:00+09:00
0.035,0.87,0.92, 2026-04-21T11:30:00+09:00, 2026-04-21T12:00:00+09:00
0.016,0.4,0.92, 2026-04-21T12:00:00+09:00, 2026-04-21T12:30:00+09:00
0.036,0.9,0.92, 2026-04-21T12:30:00+09:00, 2026-04-21T13:00:00+09:00
0.021,0.52,0.92, 2026-04-21T13:00:00+09:00, 2026-04-21T13:30:00+09:00
0.03,0.75,0.92, 2026-04-21T13:30:00+09:00, 2026-04-21T14:00:00+09:00
0.03,0.75,0.92, 2026-04-21T14:00:00+09:00, 2026-04-21T14:30:00+09:00
0.021,0.52,0.92, 2026-04-21T14:30:00+09:00, 2026-04-21T15:00:00+09:00
0.035,0.87,0.92, 2026-04-21T15:00:00+09:00, 2026-04-21T15:30:00+09:00
0.018,0.45,0.92, 2026-04-21T15:30:00+09:00, 2026-04-21T16:00:00+09:00
0.043,1.07,0.92, 2026-04-21T16:00:00+09:00, 2026-04-21T16:30:00+09:00
0.031,0.77,0.92, 2026-04-21T16:30:00+09:00, 2026-04-21T17:00:00+09:00
0.037,0.92,0.92, 2026-04-21T17:00:00+09:00, 2026-04-21T17:30:00+09:00
0.038,0.95,0.92, 2026-04-21T17:30:00+09:00, 2026-04-21T18:00:00+09:00
0.965,24.11,0.92, 2026-04-21T18:00:00+09:00, 2026-04-21T18:30:00+09:00
1.553,38.8,0.92, 2026-04-21T18:30:00+09:00, 2026-04-21T19:00:00+09:00
0.61,15.24,0.92, 2026-04-21T19:00:00+09:00, 2026-04-21T19:30:00+09:00
0.058,1.45,0.92, 2026-04-21T19:30:00+09:00, 2026-04-21T20:00:00+09:00
0.047,1.17,0.92, 2026-04-21T20:00:00+09:00, 2026-04-21T20:30:00+09:00
0.061,1.52,0.92, 2026-04-21T20:30:00+09:00, 2026-04-21T21:00:00+09:00
0.164,4.1,0.92, 2026-04-21T21:00:00+09:00, 2026-04-21T21:30:00+09:00
0.288,7.19,0.92, 2026-04-21T21:30:00+09:00, 2026-04-21T22:00:00+09:00
0.304,7.59,0.92, 2026-04-21T22:00:00+09:00, 2026-04-21T22:30:00+09:00
0.286,7.14,0.92, 2026-04-21T22:30:00+09:00, 2026-04-21T23:00:00+09:00
0.216,5.4,0.92, 2026-04-21T23:00:00+09:00, 2026-04-21T23:30:00+09:00
0.035,0.87,0.92, 2026-04-21T23:30:00+09:00, 2026-04-22T00:00:00+09:00
0.039,0.97,0.92, 2026-04-22T00:00:00+09:00, 2026-04-22T00:30:00+09:00
0.037,0.92,0.92, 2026-04-22T00:30:00+09:00, 2026-04-22T01:00:00+09:00
0.033,0.82,0.92, 2026-04-22T01:00:00+09:00, 2026-04-22T01:30:00+09:00
0.042,1.05,0.92, 2026-04-22T01:30:00+09:00, 2026-04-22T02:00:00+09:00
0.145,3.62,0.92, 2026-04-22T02:00:00+09:00, 2026-04-22T02:30:00+09:00
0.05,1.25,0.92, 2026-04-22T02:30:00+09:00, 2026-04-22T03:00:00+09:00
0.024,0.6,0.92, 2026-04-22T03:00:00+09:00, 2026-04-22T03:30:00+09:00
0.044,1.1,0.92, 2026-04-22T03:30:00+09:00, 2026-04-22T04:00:00+09:00
0.035,0.87,0.92, 2026-04-22T04:00:00+09:00, 2026-04-22T04:30:00+09:00
0.032,0.8,0.92, 2026-04-22T04:30:00+09:00, 2026-04-22T05:00:00+09:00
0.042,1.05,0.92, 2026-04-22T05:00:00+09:00, 2026-04-22T05:30:00+09:00
0.078,1.95,0.92, 2026-04-22T05:30:00+09:00, 2026-04-22T06:00:00+09:00
0.052,1.3,0.92, 2026-04-22T06:00:00+09:00, 2026-04-22T06:30:00+09:00
0.04,1,0.92, 2026-04-22T06:30:00+09:00, 2026-04-22T07:00:00+09:00
0.059,1.47,0.92, 2026-04-22T07:00:00+09:00, 2026-04-22T07:30:00+09:00
0.055,1.37,0.92, 2026-04-22T07:30:00+09:00, 2026-04-22T08:00:00+09:00
0.045,1.12,0.92, 2026-04-22T08:00:00+09:00, 2026-04-22T08:30:00+09:00
0.216,5.4,0.92, 2026-04-22T08:30:00+09:00, 2026-04-22T09:00:00+09:00
0.282,7.04,0.92, 2026-04-22T09:00:00+09:00, 2026-04-22T09:30:00+09:00
0.293,7.32,0.92, 2026-04-22T09:30:00+09:00, 2026-04-22T10:00:00+09:00
0.275,6.87,0.92, 2026-04-22T10:00:00+09:00, 2026-04-22T10:30:00+09:00
0.139,3.47,0.92, 2026-04-22T10:30:00+09:00, 2026-04-22T11:00:00+09:00
0.016,0.4,0.92, 2026-04-22T11:00:00+09:00, 2026-04-22T11:30:00+09:00
0.036,0.9,0.92, 2026-04-22T11:30:00+09:00, 2026-04-22T12:00:00+09:00
0.016,0.4,0.92, 2026-04-22T12:00:00+09:00, 2026-04-22T12:30:00+09:00
0.035,0.87,0.92, 2026-04-22T12:30:00+09:00, 2026-04-22T13:00:00+09:00
0.017,0.42,0.92, 2026-04-22T13:00:00+09:00, 2026-04-22T13:30:00+09:00
0.035,0.87,0.92, 2026-04-22T13:30:00+09:00, 2026-04-22T14:00:00+09:00
0.017,0.42,0.92, 2026-04-22T14:00:00+09:00, 2026-04-22T14:30:00+09:00
0.036,0.9,0.92, 2026-04-22T14:30:00+09:00, 2026-04-22T15:00:00+09:00
0.019,0.47,0.92, 2026-04-22T15:00:00+09:00, 2026-04-22T15:30:00+09:00
0.033,0.82,0.92, 2026-04-22T15:30:00+09:00, 2026-04-22T16:00:00+09:00
0.03,0.75,0.92, 2026-04-22T16:00:00+09:00, 2026-04-22T16:30:00+09:00
0.039,0.97,0.92, 2026-04-22T16:30:00+09:00, 2026-04-22T17:00:00+09:00
0.036,0.9,0.92, 2026-04-22T17:00:00+09:00, 2026-04-22T17:30:00+09:00
0.041,1.02,0.92, 2026-04-22T17:30:00+09:00, 2026-04-22T18:00:00+09:00
0.054,1.35,0.92, 2026-04-22T18:00:00+09:00, 2026-04-22T18:30:00+09:00
0.05,1.25,0.92, 2026-04-22T18:30:00+09:00, 2026-04-22T19:00:00+09:00
0.045,1.12,0.92, 2026-04-22T19:00:00+09:00, 2026-04-22T19:30:00+09:00
0.044,1.1,0.92, 2026-04-22T19:30:00+09:00, 2026-04-22T20:00:00+09:00
0.042,1.05,0.92, 2026-04-22T20:00:00+09:00, 2026-04-22T20:30:00+09:00
0.237,5.92,0.92, 2026-04-22T20:30:00+09:00, 2026-04-22T21:00:00+09:00
0.313,7.82,0.92, 2026-04-22T21:00:00+09:00, 2026-04-22T21:30:00+09:00
0.098,2.45,0.92, 2026-04-22T21:30:00+09:00, 2026-04-22T22:00:00+09:00
0.057,1.42,0.92, 2026-04-22T22:00:00+09:00, 2026-04-22T22:30:00+09:00
0.045,1.12,0.92, 2026-04-22T22:30:00+09:00, 2026-04-22T23:00:00+09:00
0.15,3.75,0.92, 2026-04-22T23:00:00+09:00, 2026-04-22T23:30:00+09:00
0.304,7.59,0.92, 2026-04-22T23:30:00+09:00, 2026-04-23T00:00:00+09:00
0.229,5.72,0.92, 2026-04-23T00:00:00+09:00, 2026-04-23T00:30:00+09:00
0.043,1.07,0.92, 2026-04-23T00:30:00+09:00, 2026-04-23T01:00:00+09:00
0.038,0.95,0.92, 2026-04-23T01:00:00+09:00, 2026-04-23T01:30:00+09:00
0.043,1.07,0.92, 2026-04-23T01:30:00+09:00, 2026-04-23T02:00:00+09:00
0.026,0.65,0.92, 2026-04-23T02:00:00+09:00, 2026-04-23T02:30:00+09:00
0.043,1.07,0.92, 2026-04-23T02:30:00+09:00, 2026-04-23T03:00:00+09:00
0.188,4.7,0.92, 2026-04-23T03:00:00+09:00, 2026-04-23T03:30:00+09:00
0.199,4.97,0.92, 2026-04-23T03:30:00+09:00, 2026-04-23T04:00:00+09:00
0.044,1.1,0.92, 2026-04-23T04:00:00+09:00, 2026-04-23T04:30:00+09:00
1.403,35.05,0.92, 2026-04-23T04:30:00+09:00, 2026-04-23T05:00:00+09:00
1.518,37.92,0.92, 2026-04-23T05:00:00+09:00, 2026-04-23T05:30:00+09:00
0.193,4.82,0.92, 2026-04-23T05:30:00+09:00, 2026-04-23T06:00:00+09:00
0.062,1.55,0.92, 2026-04-23T06:00:00+09:00, 2026-04-23T06:30:00+09:00
0.044,1.1,0.92, 2026-04-23T06:30:00+09:00, 2026-04-23T07:00:00+09:00
0.069,1.72,0.92, 2026-04-23T07:00:00+09:00, 2026-04-23T07:30:00+09:00
0.048,1.2,0.92, 2026-04-23T07:30:00+09:00, 2026-04-23T08:00:00+09:00
0.063,1.57,0.92, 2026-04-23T08:00:00+09:00, 2026-04-23T08:30:00+09:00
0.296,7.39,0.92, 2026-04-23T08:30:00+09:00, 2026-04-23T09:00:00+09:00
0.283,7.07,0.92, 2026-04-23T09:00:00+09:00, 2026-04-23T09:30:00+09:00
0.035,0.87,0.92, 2026-04-23T09:30:00+09:00, 2026-04-23T10:00:00+09:00
0.016,0.4,0.92, 2026-04-23T10:00:00+09:00, 2026-04-23T10:30:00+09:00
0.036,0.9,0.92, 2026-04-23T10:30:00+09:00, 2026-04-23T11:00:00+09:00
0.017,0.42,0.92, 2026-04-23T11:00:00+09:00, 2026-04-23T11:30:00+09:00
0.036,0.9,0.92, 2026-04-23T11:30:00+09:00, 2026-04-23T12:00:00+09:00
0.016,0.4,0.92, 2026-04-23T12:00:00+09:00, 2026-04-23T12:30:00+09:00
0.036,0.9,0.92, 2026-04-23T12:30:00+09:00, 2026-04-23T13:00:00+09:00
0.02,0.5,0.92, 2026-04-23T13:00:00+09:00, 2026-04-23T13:30:00+09:00
0.032,0.8,0.92, 2026-04-23T13:30:00+09:00, 2026-04-23T14:00:00+09:00
0.023,0.57,0.92, 2026-04-23T14:00:00+09:00, 2026-04-23T14:30:00+09:00
0.029,0.72,0.92, 2026-04-23T14:30:00+09:00, 2026-04-23T15:00:00+09:00
0.025,0.62,0.92, 2026-04-23T15:00:00+09:00, 2026-04-23T15:30:00+09:00
0.028,0.7,0.92, 2026-04-23T15:30:00+09:00, 2026-04-23T16:00:00+09:00
0.039,0.97,0.92, 2026-04-23T16:00:00+09:00, 2026-04-23T16:30:00+09:00
0.03,0.75,0.92, 2026-04-23T16:30:00+09:00, 2026-04-23T17:00:00+09:00
0.046,1.15,0.92, 2026-04-23T17:00:00+09:00, 2026-04-23T17:30:00+09:00
0.043,1.07,0.92, 2026-04-23T17:30:00+09:00, 2026-04-23T18:00:00+09:00
0.06,1.5,0.92, 2026-04-23T18:00:00+09:00, 2026-04-23T18:30:00+09:00
0.041,1.02,0.92, 2026-04-23T18:30:00+09:00, 2026-04-23T19:00:00+09:00
0.053,1.32,0.92, 2026-04-23T19:00:00+09:00, 2026-04-23T19:30:00+09:00
0.135,3.37,0.92, 2026-04-23T19:30:00+09:00, 2026-04-23T20:00:00+09:00
0.31,7.74,0.92, 2026-04-23T20:00:00+09:00, 2026-04-23T20:30:00+09:00
0.202,5.05,0.92, 2026-04-23T20:30:00+09:00, 2026-04-23T21:00:00+09:00
0.051,1.27,0.92, 2026-04-23T21:00:00+09:00, 2026-04-23T21:30:00+09:00
0.029,0.72,0.92, 2026-04-23T21:30:00+09:00, 2026-04-23T22:00:00+09:00
0.056,1.4,0.92, 2026-04-23T22:00:00+09:00, 2026-04-23T22:30:00+09:00
0.043,1.07,0.92, 2026-04-23T22:30:00+09:00, 2026-04-23T23:00:00+09:00
0.056,1.4,0.92, 2026-04-23T23:00:00+09:00, 2026-04-23T23:30:00+09:00
0.033,0.82,0.92, 2026-04-23T23:30:00+09:00, 2026-04-24T00:00:00+09:00
0.045,1.12,0.92, 2026-04-24T00:00:00+09:00, 2026-04-24T00:30:00+09:00
0.032,0.8,0.92, 2026-04-24T00:30:00+09:00, 2026-04-24T01:00:00+09:00
0.076,1.9,0.92, 2026-04-24T01:00:00+09:00, 2026-04-24T01:30:00+09:00
0.347,8.67,0.92, 2026-04-24T01:30:00+09:00, 2026-04-24T02:00:00+09:00
0.117,2.92,0.92, 2026-04-24T02:00:00+09:00, 2026-04-24T02:30:00+09:00
0.056,1.4,0.92, 2026-04-24T02:30:00+09:00, 2026-04-24T03:00:00+09:00
0.053,1.32,0.92, 2026-04-24T03:00:00+09:00, 2026-04-24T03:30:00+09:00
0.067,1.67,0.92, 2026-04-24T03:30:00+09:00, 2026-04-24T04:00:00+09:00
0.051,1.27,0.92, 2026-04-24T04:00:00+09:00, 2026-04-24T04:30:00+09:00
0.059,1.47,0.92, 2026-04-24T04:30:00+09:00, 2026-04-24T05:00:00+09:00
0.054,1.35,0.92, 2026-04-24T05:00:00+09:00, 2026-04-24T05:30:00+09:00
0.925,23.11,0.92, 2026-04-24T05:30:00+09:00, 2026-04-24T06:00:00+09:00
0.058,1.45,0.92, 2026-04-24T06:00:00+09:00, 2026-04-24T06:30:00+09:00
1.112,27.78,0.92, 2026-04-24T06:30:00+09:00, 2026-04-24T07:00:00+09:00
1.63,40.72,0.92, 2026-04-24T07:00:00+09:00, 2026-04-24T07:30:00+09:00
1.516,37.87,0.92, 2026-04-24T07:30:00+09:00, 2026-04-24T08:00:00+09:00
1.547,38.65,0.92, 2026-04-24T08:00:00+09:00, 2026-04-24T08:30:00+09:00
0.134,3.35,0.92, 2026-04-24T08:30:00+09:00, 2026-04-24T09:00:00+09:00
0.038,0.95,0.92, 2026-04-24T09:00:00+09:00, 2026-04-24T09:30:00+09:00
0.278,6.94,0.92, 2026-04-24T09:30:00+09:00, 2026-04-24T10:00:00+09:00
0.281,7.02,0.92, 2026-04-24T10:00:00+09:00, 2026-04-24T10:30:00+09:00
0.076,1.9,0.92, 2026-04-24T10:30:00+09:00, 2026-04-24T11:00:00+09:00
0.025,0.62,0.92, 2026-04-24T11:00:00+09:00, 2026-04-24T11:30:00+09:00
0.028,0.7,0.92, 2026-04-24T11:30:00+09:00, 2026-04-24T12:00:00+09:00
0.029,0.72,0.92, 2026-04-24T12:00:00+09:00, 2026-04-24T12:30:00+09:00
0.023,0.57,0.92, 2026-04-24T12:30:00+09:00, 2026-04-24T13:00:00+09:00
0.033,0.82,0.92, 2026-04-24T13:00:00+09:00, 2026-04-24T13:30:00+09:00
0.02,0.5,0.92, 2026-04-24T13:30:00+09:00, 2026-04-24T14:00:00+09:00
0.742,18.54,0.92, 2026-04-24T14:00:00+09:00, 2026-04-24T14:30:00+09:00
0.017,0.42,0.92, 2026-04-24T14:30:00+09:00, 2026-04-24T15:00:00+09:00
0.035,0.87,0.92, 2026-04-24T15:00:00+09:00, 2026-04-24T15:30:00+09:00
0.018,0.45,0.92, 2026-04-24T15:30:00+09:00, 2026-04-24T16:00:00+09:00
0.045,1.12,0.92, 2026-04-24T16:00:00+09:00, 2026-04-24T16:30:00+09:00
0.026,0.65,0.92, 2026-04-24T16:30:00+09:00, 2026-04-24T17:00:00+09:00
0.043,1.07,0.92, 2026-04-24T17:00:00+09:00, 2026-04-24T17:30:00+09:00
0.046,1.15,0.92, 2026-04-24T17:30:00+09:00, 2026-04-24T18:00:00+09:00
0.027,0.67,0.92, 2026-04-24T18:00:00+09:00, 2026-04-24T18:30:00+09:00
0.343,8.57,0.92, 2026-04-24T18:30:00+09:00, 2026-04-24T19:00:00+09:00
0.506,12.64,0.92, 2026-04-24T19:00:00+09:00, 2026-04-24T19:30:00+09:00
0.291,7.27,0.92, 2026-04-24T19:30:00+09:00, 2026-04-24T20:00:00+09:00
0.098,2.45,0.92, 2026-04-24T20:00:00+09:00, 2026-04-24T20:30:00+09:00
0.042,1.05,0.92, 2026-04-24T20:30:00+09:00, 2026-04-24T21:00:00+09:00
0.028,0.7,0.92, 2026-04-24T21:00:00+09:00, 2026-04-24T21:30:00+09:00
0.046,1.15,0.92, 2026-04-24T21:30:00+09:00, 2026-04-24T22:00:00+09:00
0.043,1.07,0.92, 2026-04-24T22:00:00+09:00, 2026-04-24T22:30:00+09:00
0.053,1.32,0.92, 2026-04-24T22:30:00+09:00, 2026-04-24T23:00:00+09:00
0.06,1.5,0.92, 2026-04-24T23:00:00+09:00, 2026-04-24T23:30:00+09:00
0.632,15.79,0.92, 2026-04-24T23:30:00+09:00, 2026-04-25T00:00:00+09:00
0.052,1.3,0.92, 2026-04-25T00:00:00+09:00, 2026-04-25T00:30:00+09:00
0.056,1.4,0.92, 2026-04-25T00:30:00+09:00, 2026-04-25T01:00:00+09:00
0.47,11.74,0.92, 2026-04-25T01:00:00+09:00, 2026-04-25T01:30:00+09:00
0.057,1.42,0.92, 2026-04-25T01:30:00+09:00, 2026-04-25T02:00:00+09:00
0.05,1.25,0.92, 2026-04-25T02:00:00+09:00, 2026-04-25T02:30:00+09:00
0.06,1.5,0.92, 2026-04-25T02:30:00+09:00, 2026-04-25T03:00:00+09:00
0.753,18.81,0.92, 2026-04-25T03:00:00+09:00, 2026-04-25T03:30:00+09:00
0.057,1.42,0.92, 2026-04-25T03:30:00+09:00, 2026-04-25T04:00:00+09:00
0.059,1.47,0.92, 2026-04-25T04:00:00+09:00, 2026-04-25T04:30:00+09:00
0.048,1.2,0.92, 2026-04-25T04:30:00+09:00, 2026-04-25T05:00:00+09:00
0.063,1.57,0.92, 2026-04-25T05:00:00+09:00, 2026-04-25T05:30:00+09:00
0.098,2.45,0.92, 2026-04-25T05:30:00+09:00, 2026-04-25T06:00:00+09:00
0.058,1.45,0.92, 2026-04-25T06:00:00+09:00, 2026-04-25T06:30:00+09:00
0.164,4.1,0.92, 2026-04-25T06:30:00+09:00, 2026-04-25T07:00:00+09:00
0.052,1.3,0.92, 2026-04-25T07:00:00+09:00, 2026-04-25T07:30:00+09:00
0.087,2.17,0.92, 2026-04-25T07:30:00+09:00, 2026-04-25T08:00:00+09:00
0.282,7.04,0.92, 2026-04-25T08:00:00+09:00, 2026-04-25T08:30:00+09:00
0.299,7.47,0.92, 2026-04-25T08:30:00+09:00, 2026-04-25T09:00:00+09:00
0.281,7.02,0.92, 2026-04-25T09:00:00+09:00, 2026-04-25T09:30:00+09:00
0.295,7.37,0.92, 2026-04-25T09:30:00+09:00, 2026-04-25T10:00:00+09:00
0.032,0.8,0.92, 2026-04-25T10:00:00+09:00, 2026-04-25T10:30:00+09:00
0.025,0.62,0.92, 2026-04-25T10:30:00+09:00, 2026-04-25T11:00:00+09:00
0.033,0.82,0.92, 2026-04-25T11:00:00+09:00, 2026-04-25T11:30:00+09:00
0.018,0.45,0.92, 2026-04-25T11:30:00+09:00, 2026-04-25T12:00:00+09:00
0.035,0.87,0.92, 2026-04-25T12:00:00+09:00, 2026-04-25T12:30:00+09:00
0.017,0.42,0.92, 2026-04-25T12:30:00+09:00, 2026-04-25T13:00:00+09:00
0.035,0.87,0.92, 2026-04-25T13:00:00+09:00, 2026-04-25T13:30:00+09:00
0.017,0.42,0.92, 2026-04-25T13:30:00+09:00, 2026-04-25T14:00:00+09:00
0.034,0.85,0.92, 2026-04-25T14:00:00+09:00, 2026-04-25T14:30:00+09:00
0.025,0.62,0.92, 2026-04-25T14:30:00+09:00, 2026-04-25T15:00:00+09:00
0.026,0.65,0.92, 2026-04-25T15:00:00+09:00, 2026-04-25T15:30:00+09:00
0.034,0.85,0.92, 2026-04-25T15:30:00+09:00, 2026-04-25T16:00:00+09:00
0.042,1.05,0.92, 2026-04-25T16:00:00+09:00, 2026-04-25T16:30:00+09:00
0.062,1.55,0.92, 2026-04-25T16:30:00+09:00, 2026-04-25T17:00:00+09:00
0.035,0.87,0.92, 2026-04-25T17:00:00+09:00, 2026-04-25T17:30:00+09:00
0.054,1.35,0.92, 2026-04-25T17:30:00+09:00, 2026-04-25T18:00:00+09:00
0.034,0.85,0.92, 2026-04-25T18:00:00+09:00, 2026-04-25T18:30:00+09:00
0.046,1.15,0.92, 2026-04-25T18:30:00+09:00, 2026-04-25T19:00:00+09:00
0.024,0.6,0.92, 2026-04-25T19:00:00+09:00, 2026-04-25T19:30:00+09:00
0.074,1.85,0.92, 2026-04-25T19:30:00+09:00, 2026-04-25T20:00:00+09:00
0.301,7.52,0.92, 2026-04-25T20:00:00+09:00, 2026-04-25T20:30:00+09:00
0.3,7.49,0.92, 2026-04-25T20:30:00+09:00, 2026-04-25T21:00:00+09:00
0.039,0.97,0.92, 2026-04-25T21:00:00+09:00, 2026-04-25T21:30:00+09:00
0.032,0.8,0.92, 2026-04-25T21:30:00+09:00, 2026-04-25T22:00:00+09:00
0.045,1.12,0.92, 2026-04-25T22:00:00+09:00, 2026-04-25T22:30:00+09:00
0.025,0.62,0.92, 2026-04-25T22:30:00+09:00, 2026-04-25T23:00:00+09:00
0.044,1.1,0.92, 2026-04-25T23:00:00+09:00, 2026-04-25T23:30:00+09:00
0.026,0.65,0.92, 2026-04-25T23:30:00+09:00, 2026-04-26T00:00:00+09:00
0.044,1.1,0.92, 2026-04-26T00:00:00+09:00, 2026-04-26T00:30:00+09:00
0.025,0.62,0.92, 2026-04-26T00:30:00+09:00, 2026-04-26T01:00:00+09:00
0.045,1.12,0.92, 2026-04-26T01:00:00+09:00, 2026-04-26T01:30:00+09:00
0.025,0.62,0.92, 2026-04-26T01:30:00+09:00, 2026-04-26T02:00:00+09:00
0.045,1.12,0.92, 2026-04-26T02:00:00+09:00, 2026-04-26T02:30:00+09:00
0.028,0.7,0.92, 2026-04-26T02:30:00+09:00, 2026-04-26T03:00:00+09:00
0.042,1.05,0.92, 2026-04-26T03:00:00+09:00, 2026-04-26T03:30:00+09:00
0.031,0.77,0.92, 2026-04-26T03:30:00+09:00, 2026-04-26T04:00:00+09:00
0.038,0.95,0.92, 2026-04-26T04:00:00+09:00, 2026-04-26T04:30:00+09:00
0.034,0.85,0.92, 2026-04-26T04:30:00+09:00, 2026-04-26T05:00:00+09:00
0.036,0.9,0.92, 2026-04-26T05:00:00+09:00, 2026-04-26T05:30:00+09:00
0.083,2.07,0.92, 2026-04-26T05:30:00+09:00, 2026-04-26T06:00:00+09:00
0.033,0.82,0.92, 2026-04-26T06:00:00+09:00, 2026-04-26T06:30:00+09:00
1.091,27.25,0.92, 2026-04-26T06:30:00+09:00, 2026-04-26T07:00:00+09:00
0.75,18.74,0.92, 2026-04-26T07:00:00+09:00, 2026-04-26T07:30:00+09:00
0.068,1.7,0.92, 2026-04-26T07:30:00+09:00, 2026-04-26T08:00:00+09:00
0.04,1,0.92, 2026-04-26T08:00:00+09:00, 2026-04-26T08:30:00+09:00
0.055,1.37,0.92, 2026-04-26T08:30:00+09:00, 2026-04-26T09:00:00+09:00
0.14,3.5,0.92, 2026-04-26T09:00:00+09:00, 2026-04-26T09:30:00+09:00
0.298,7.44,0.92, 2026-04-26T09:30:00+09:00, 2026-04-26T10:00:00+09:00
0.191,4.77,0.92, 2026-04-26T10:00:00+09:00, 2026-04-26T10:30:00+09:00
0.028,0.7,0.92, 2026-04-26T10:30:00+09:00, 2026-04-26T11:00:00+09:00
0.03,0.75,0.92, 2026-04-26T11:00:00+09:00, 2026-04-26T11:30:00+09:00
0.022,0.55,0.92, 2026-04-26T11:30:00+09:00, 2026-04-26T12:00:00+09:00
0.034,0.85,0.92, 2026-04-26T12:00:00+09:00, 2026-04-26T12:30:00+09:00
0.018,0.45,0.92, 2026-04-26T12:30:00+09:00, 2026-04-26T13:00:00+09:00
0.035,0.87,0.92, 2026-04-26T13:00:00+09:00, 2026-04-26T13:30:00+09:00
0.016,0.4,0.92, 2026-04-26T13:30:00+09:00, 2026-04-26T14:00:00+09:00
0.035,0.87,0.92, 2026-04-26T14:00:00+09:00, 2026-04-26T14:30:00+09:00
0.016,0.4,0.92, 2026-04-26T14:30:00+09:00, 2026-04-26T15:00:00+09:00
0.036,0.9,0.92, 2026-04-26T15:00:00+09:00, 2026-04-26T15:30:00+09:00
0.019,0.47,0.92, 2026-04-26T15:30:00+09:00, 2026-04-26T16:00:00+09:00
0.041,1.02,0.92, 2026-04-26T16:00:00+09:00, 2026-04-26T16:30:00+09:00
0.03,0.75,0.92, 2026-04-26T16:30:00+09:00, 2026-04-26T17:00:00+09:00
0.04,1,0.92, 2026-04-26T17:00:00+09:00, 2026-04-26T17:30:00+09:00
0.035,0.87,0.92, 2026-04-26T17:30:00+09:00, 2026-04-26T18:00:00+09:00
0.039,0.97,0.92, 2026-04-26T18:00:00+09:00, 2026-04-26T18:30:00+09:00
0.053,1.32,0.92, 2026-04-26T18:30:00+09:00, 2026-04-26T19:00:00+09:00
0.046,1.15,0.92, 2026-04-26T19:00:00+09:00, 2026-04-26T19:30:00+09:00
0.043,1.07,0.92, 2026-04-26T19:30:00+09:00, 2026-04-26T20:00:00+09:00
0.044,1.1,0.92, 2026-04-26T20:00:00+09:00, 2026-04-26T20:30:00+09:00
0.059,1.47,0.92, 2026-04-26T20:30:00+09:00, 2026-04-26T21:00:00+09:00
0.033,0.82,0.92, 2026-04-26T21:00:00+09:00, 2026-04-26T21:30:00+09:00
0.051,1.27,0.92, 2026-04-26T21:30:00+09:00, 2026-04-26T22:00:00+09:00
0.197,4.92,0.92, 2026-04-26T22:00:00+09:00, 2026-04-26T22:30:00+09:00
0.291,7.27,0.92, 2026-04-26T22:30:00+09:00, 2026-04-26T23:00:00+09:00
0.153,3.82,0.92, 2026-04-26T23:00:00+09:00, 2026-04-26T23:30:00+09:00
0.03,0.75,0.92, 2026-04-26T23:30:00+09:00, 2026-04-27T00:00:00+09:00
0.046,1.15,0.92, 2026-04-27T00:00:00+09:00, 2026-04-27T00:30:00+09:00
0.026,0.65,0.92, 2026-04-27T00:30:00+09:00, 2026-04-27T01:00:00+09:00
0.445,11.12,0.92, 2026-04-27T01:00:00+09:00, 2026-04-27T01:30:00+09:00
1.468,36.67,0.92, 2026-04-27T01:30:00+09:00, 2026-04-27T02:00:00+09:00
1.083,27.05,0.92, 2026-04-27T02:00:00+09:00, 2026-04-27T02:30:00+09:00
0.058,1.45,0.92, 2026-04-27T02:30:00+09:00, 2026-04-27T03:00:00+09:00
0.074,1.85,0.92, 2026-04-27T03:00:00+09:00, 2026-04-27T03:30:00+09:00
0.063,1.57,0.92, 2026-04-27T03:30:00+09:00, 2026-04-27T04:00:00+09:00
0.203,5.07,0.92, 2026-04-27T04:00:00+09:00, 2026-04-27T04:30:00+09:00
0.354,8.84,0.92, 2026-04-27T04:30:00+09:00, 2026-04-27T05:00:00+09:00
0.058,1.45,0.92, 2026-04-27T05:00:00+09:00, 2026-04-27T05:30:00+09:00
0.097,2.42,0.92, 2026-04-27T05:30:00+09:00, 2026-04-27T06:00:00+09:00
0.056,1.4,0.92, 2026-04-27T06:00:00+09:00, 2026-04-27T06:30:00+09:00
0.053,1.32,0.92, 2026-04-27T06:30:00+09:00, 2026-04-27T07:00:00+09:00
0.066,1.65,0.92, 2026-04-27T07:00:00+09:00, 2026-04-27T07:30:00+09:00
0.036,0.9,0.92, 2026-04-27T07:30:00+09:00, 2026-04-27T08:00:00+09:00
0.164,4.1,0.92, 2026-04-27T08:00:00+09:00, 2026-04-27T08:30:00+09:00
0.291,7.27,0.92, 2026-04-27T08:30:00+09:00, 2026-04-27T09:00:00+09:00
0.189,4.72,0.92, 2026-04-27T09:00:00+09:00, 2026-04-27T09:30:00+09:00
0.033,0.82,0.92, 2026-04-27T09:30:00+09:00, 2026-04-27T10:00:00+09:00
0.024,0.6,0.92, 2026-04-27T10:00:00+09:00, 2026-04-27T10:30:00+09:00
0.039,0.97,0.92, 2026-04-27T10:30:00+09:00, 2026-04-27T11:00:00+09:00
0.021,0.52,0.92, 2026-04-27T11:00:00+09:00, 2026-04-27T11:30:00+09:00
0.041,1.02,0.92, 2026-04-27T11:30:00+09:00, 2026-04-27T12:00:00+09:00
0.024,0.6,0.92, 2026-04-27T12:00:00+09:00, 2026-04-27T12:30:00+09:00
0.044,1.1,0.92, 2026-04-27T12:30:00+09:00, 2026-04-27T13:00:00+09:00
0.029,0.72,0.92, 2026-04-27T13:00:00+09:00, 2026-04-27T13:30:00+09:00
0.048,1.2,0.92, 2026-04-27T13:30:00+09:00, 2026-04-27T14:00:00+09:00
0.028,0.7,0.92, 2026-04-27T14:00:00+09:00, 2026-04-27T14:30:00+09:00
0.049,1.22,0.92, 2026-04-27T14:30:00+09:00, 2026-04-27T15:00:00+09:00
0.03,0.75,0.92, 2026-04-27T15:00:00+09:00, 2026-04-27T15:30:00+09:00
0.047,1.17,0.92, 2026-04-27T15:30:00+09:00, 2026-04-27T16:00:00+09:00
0.041,1.02,0.92, 2026-04-27T16:00:00+09:00, 2026-04-27T16:30:00+09:00
0.047,1.17,0.92, 2026-04-27T16:30:00+09:00, 2026-04-27T17:00:00+09:00
0.044,1.1,0.92, 2026-04-27T17:00:00+09:00, 2026-04-27T17:30:00+09:00
0.058,1.45,0.92, 2026-04-27T17:30:00+09:00, 2026-04-27T18:00:00+09:00
0.051,1.27,0.92, 2026-04-27T18:00:00+09:00, 2026-04-27T18:30:00+09:00
0.039,0.97,0.92, 2026-04-27T18:30:00+09:00, 2026-04-27T19:00:00+09:00
0.058,1.45,0.92, 2026-04-27T19:00:00+09:00, 2026-04-27T19:30:00+09:00
0.035,0.87,0.92, 2026-04-27T19:30:00+09:00, 2026-04-27T20:00:00+09:00
0.29,7.24,0.92, 2026-04-27T20:00:00+09:00, 2026-04-27T20:30:00+09:00
0.295,7.37,0.92, 2026-04-27T20:30:00+09:00, 2026-04-27T21:00:00+09:00
0.093,2.32,0.92, 2026-04-27T21:00:00+09:00, 2026-04-27T21:30:00+09:00
0.033,0.82,0.92, 2026-04-27T21:30:00+09:00, 2026-04-27T22:00:00+09:00
0.047,1.17,0.92, 2026-04-27T22:00:00+09:00, 2026-04-27T22:30:00+09:00
0.037,0.92,0.92, 2026-04-27T22:30:00+09:00, 2026-04-27T23:00:00+09:00
0.044,1.1,0.92, 2026-04-27T23:00:00+09:00, 2026-04-27T23:30:00+09:00
0.044,1.1,0.92, 2026-04-27T23:30:00+09:00, 2026-04-28T00:00:00+09:00
0.052,1.3,0.92, 2026-04-28T00:00:00+09:00, 2026-04-28T00:30:00+09:00
0.039,0.97,0.92, 2026-04-28T00:30:00+09:00, 2026-04-28T01:00:00+09:00
0.031,0.77,0.92, 2026-04-28T01:00:00+09:00, 2026-04-28T01:30:00+09:00
0.048,1.2,0.92, 2026-04-28T01:30:00+09:00, 2026-04-28T02:00:00+09:00
0.027,0.67,0.92, 2026-04-28T02:00:00+09:00, 2026-04-28T02:30:00+09:00
0.045,1.12,0.92, 2026-04-28T02:30:00+09:00, 2026-04-28T03:00:00+09:00
0.031,0.77,0.92, 2026-04-28T03:00:00+09:00, 2026-04-28T03:30:00+09:00
0.039,0.97,0.92, 2026-04-28T03:30:00+09:00, 2026-04-28T04:00:00+09:00
0.398,9.94,0.92, 2026-04-28T04:00:00+09:00, 2026-04-28T04:30:00+09:00
1.494,37.32,0.92, 2026-04-28T04:30:00+09:00, 2026-04-28T05:00:00+09:00
1.154,28.83,0.92, 2026-04-28T05:00:00+09:00, 2026-04-28T05:30:00+09:00
0.093,2.32,0.92, 2026-04-28T05:30:00+09:00, 2026-04-28T06:00:00+09:00
0.058,1.45,0.92, 2026-04-28T06:00:00+09:00, 2026-04-28T06:30:00+09:00
0.061,1.52,0.92, 2026-04-28T06:30:00+09:00, 2026-04-28T07:00:00+09:00
0.051,1.27,0.92, 2026-04-28T07:00:00+09:00, 2026-04-28T07:30:00+09:00
0.19,4.75,0.92, 2026-04-28T07:30:00+09:00, 2026-04-28T08:00:00+09:00
0.075,1.87,0.92, 2026-04-28T08:00:00+09:00, 2026-04-28T08:30:00+09:00
0.309,7.72,0.92, 2026-04-28T08:30:00+09:00, 2026-04-28T09:00:00+09:00
0.265,6.62,0.92, 2026-04-28T09:00:00+09:00, 2026-04-28T09:30:00+09:00
0.036,0.9,0.92, 2026-04-28T09:30:00+09:00, 2026-04-28T10:00:00+09:00
0.04,1,0.92, 2026-04-28T10:00:00+09:00, 2026-04-28T10:30:00+09:00
0.026,0.65,0.92, 2026-04-28T10:30:00+09:00, 2026-04-28T11:00:00+09:00
0.04,1,0.92, 2026-04-28T11:00:00+09:00, 2026-04-28T11:30:00+09:00
0.021,0.52,0.92, 2026-04-28T11:30:00+09:00, 2026-04-28T12:00:00+09:00
0.039,0.97,0.92, 2026-04-28T12:00:00+09:00, 2026-04-28T12:30:00+09:00
0.024,0.6,0.92, 2026-04-28T12:30:00+09:00, 2026-04-28T13:00:00+09:00
0.037,0.92,0.92, 2026-04-28T13:00:00+09:00, 2026-04-28T13:30:00+09:00
0.029,0.72,0.92, 2026-04-28T13:30:00+09:00, 2026-04-28T14:00:00+09:00
0.032,0.8,0.92, 2026-04-28T14:00:00+09:00, 2026-04-28T14:30:00+09:00
0.033,0.82,0.92, 2026-04-28T14:30:00+09:00, 2026-04-28T15:00:00+09:00
0.028,0.7,0.92, 2026-04-28T15:00:00+09:00, 2026-04-28T15:30:00+09:00
0.039,0.97,0.92, 2026-04-28T15:30:00+09:00, 2026-04-28T16:00:00+09:00
0.043,1.07,0.92, 2026-04-28T16:00:00+09:00, 2026-04-28T16:30:00+09:00
0.043,1.07,0.92, 2026-04-28T16:30:00+09:00, 2026-04-28T17:00:00+09:00
0.024,0.6,0.92, 2026-04-28T17:00:00+09:00, 2026-04-28T17:30:00+09:00
0.043,1.07,0.92, 2026-04-28T17:30:00+09:00, 2026-04-28T18:00:00+09:00
0.024,0.6,0.92, 2026-04-28T18:00:00+09:00, 2026-04-28T18:30:00+09:00
0.043,1.07,0.92, 2026-04-28T18:30:00+09:00, 2026-04-28T19:00:00+09:00
0.025,0.62,0.92, 2026-04-28T19:00:00+09:00, 2026-04-28T19:30:00+09:00
0.043,1.07,0.92, 2026-04-28T19:30:00+09:00, 2026-04-28T20:00:00+09:00
0.029,0.72,0.92, 2026-04-28T20:00:00+09:00, 2026-04-28T20:30:00+09:00
0.038,0.95,0.92, 2026-04-28T20:30:00+09:00, 2026-04-28T21:00:00+09:00
0.033,0.82,0.92, 2026-04-28T21:00:00+09:00, 2026-04-28T21:30:00+09:00
0.035,0.87,0.92, 2026-04-28T21:30:00+09:00, 2026-04-28T22:00:00+09:00
0.036,0.9,0.92, 2026-04-28T22:00:00+09:00, 2026-04-28T22:30:00+09:00
0.031,0.77,0.92, 2026-04-28T22:30:00+09:00, 2026-04-28T23:00:00+09:00
0.04,1,0.92, 2026-04-28T23:00:00+09:00, 2026-04-28T23:30:00+09:00
0.028,0.7,0.92, 2026-04-28T23:30:00+09:00, 2026-04-29T00:00:00+09:00
0.043,1.07,0.92, 2026-04-29T00:00:00+09:00, 2026-04-29T00:30:00+09:00
0.024,0.6,0.92, 2026-04-29T00:30:00+09:00, 2026-04-29T01:00:00+09:00
0.044,1.1,0.92, 2026-04-29T01:00:00+09:00, 2026-04-29T01:30:00+09:00
0.023,0.57,0.92, 2026-04-29T01:30:00+09:00, 2026-04-29T02:00:00+09:00
0.044,1.1,0.92, 2026-04-29T02:00:00+09:00, 2026-04-29T02:30:00+09:00
0.024,0.6,0.92, 2026-04-29T02:30:00+09:00, 2026-04-29T03:00:00+09:00
0.043,1.07,0.92, 2026-04-29T03:00:00+09:00, 2026-04-29T03:30:00+09:00
0.024,0.6,0.92, 2026-04-29T03:30:00+09:00, 2026-04-29T04:00:00+09:00
0.044,1.1,0.92, 2026-04-29T04:00:00+09:00, 2026-04-29T04:30:00+09:00
0.024,0.6,0.92, 2026-04-29T04:30:00+09:00, 2026-04-29T05:00:00+09:00
1.062,26.53,0.92, 2026-04-29T05:00:00+09:00, 2026-04-29T05:30:00+09:00
1.841,45.99,0.92, 2026-04-29T05:30:00+09:00, 2026-04-29T06:00:00+09:00
0.049,1.22,0.92, 2026-04-29T06:00:00+09:00, 2026-04-29T06:30:00+09:00
0.05,1.25,0.92, 2026-04-29T06:30:00+09:00, 2026-04-29T07:00:00+09:00
0.058,1.45,0.92, 2026-04-29T07:00:00+09:00, 2026-04-29T07:30:00+09:00
0.069,1.72,0.92, 2026-04-29T07:30:00+09:00, 2026-04-29T08:00:00+09:00
0.062,1.55,0.92, 2026-04-29T08:00:00+09:00, 2026-04-29T08:30:00+09:00
0.301,7.52,0.92, 2026-04-29T08:30:00+09:00, 2026-04-29T09:00:00+09:00
0.281,7.02,0.92, 2026-04-29T09:00:00+09:00, 2026-04-29T09:30:00+09:00
0.038,0.95,0.92, 2026-04-29T09:30:00+09:00, 2026-04-29T10:00:00+09:00
0.037,0.92,0.92, 2026-04-29T10:00:00+09:00, 2026-04-29T10:30:00+09:00
0.029,0.72,0.92, 2026-04-29T10:30:00+09:00, 2026-04-29T11:00:00+09:00
0.04,1,0.92, 2026-04-29T11:00:00+09:00, 2026-04-29T11:30:00+09:00
0.02,0.5,0.92, 2026-04-29T11:30:00+09:00, 2026-04-29T12:00:00+09:00
0.041,1.02,0.92, 2026-04-29T12:00:00+09:00, 2026-04-29T12:30:00+09:00
0.02,0.5,0.92, 2026-04-29T12:30:00+09:00, 2026-04-29T13:00:00+09:00
0.041,1.02,0.92, 2026-04-29T13:00:00+09:00, 2026-04-29T13:30:00+09:00
0.026,0.65,0.92, 2026-04-29T13:30:00+09:00, 2026-04-29T14:00:00+09:00
0.034,0.85,0.92, 2026-04-29T14:00:00+09:00, 2026-04-29T14:30:00+09:00
0.032,0.8,0.92, 2026-04-29T14:30:00+09:00, 2026-04-29T15:00:00+09:00
0.029,0.72,0.92, 2026-04-29T15:00:00+09:00, 2026-04-29T15:30:00+09:00
0.038,0.95,0.92, 2026-04-29T15:30:00+09:00, 2026-04-29T16:00:00+09:00
0.089,2.22,0.92, 2026-04-29T16:00:00+09:00, 2026-04-29T16:30:00+09:00
1.54,38.47,0.92, 2026-04-29T16:30:00+09:00, 2026-04-29T17:00:00+09:00
0.079,1.97,0.92, 2026-04-29T17:00:00+09:00, 2026-04-29T17:30:00+09:00
0.065,1.62,0.92, 2026-04-29T17:30:00+09:00, 2026-04-29T18:00:00+09:00
0.034,0.85,0.92, 2026-04-29T18:00:00+09:00, 2026-04-29T18:30:00+09:00
0.045,1.12,0.92, 2026-04-29T18:30:00+09:00, 2026-04-29T19:00:00+09:00
0.039,0.97,0.92, 2026-04-29T19:00:00+09:00, 2026-04-29T19:30:00+09:00
0.03,0.75,0.92, 2026-04-29T19:30:00+09:00, 2026-04-29T20:00:00+09:00
0.045,1.12,0.92, 2026-04-29T20:00:00+09:00, 2026-04-29T20:30:00+09:00
0.027,0.67,0.92, 2026-04-29T20:30:00+09:00, 2026-04-29T21:00:00+09:00
0.045,1.12,0.92, 2026-04-29T21:00:00+09:00, 2026-04-29T21:30:00+09:00
0.024,0.6,0.92, 2026-04-29T21:30:00+09:00, 2026-04-29T22:00:00+09:00
0.046,1.15,0.92, 2026-04-29T22:00:00+09:00, 2026-04-29T22:30:00+09:00
0.025,0.62,0.92, 2026-04-29T22:30:00+09:00, 2026-04-29T23:00:00+09:00
0.047,1.17,0.92, 2026-04-29T23:00:00+09:00, 2026-04-29T23:30:00+09:00
0.025,0.62,0.92, 2026-04-29T23:30:00+09:00, 2026-04-30T00:00:00+09:00
0.046,1.15,0.92, 2026-04-30T00:00:00+09:00, 2026-04-30T00:30:00+09:00
0.026,0.65,0.92, 2026-04-30T00:30:00+09:00, 2026-04-30T01:00:00+09:00
0.045,1.12,0.92, 2026-04-30T01:00:00+09:00, 2026-04-30T01:30:00+09:00
0.026,0.65,0.92, 2026-04-30T01:30:00+09:00, 2026-04-30T02:00:00+09:00
0.044,1.1,0.92, 2026-04-30T02:00:00+09:00, 2026-04-30T02:30:00+09:00
0.026,0.65,0.92, 2026-04-30T02:30:00+09:00, 2026-04-30T03:00:00+09:00
0.042,1.05,0.92, 2026-04-30T03:00:00+09:00, 2026-04-30T03:30:00+09:00
0.028,0.7,0.92, 2026-04-30T03:30:00+09:00, 2026-04-30T04:00:00+09:00
0.04,1,0.92, 2026-04-30T04:00:00+09:00, 2026-04-30T04:30:00+09:00
0.03,0.75,0.92, 2026-04-30T04:30:00+09:00, 2026-04-30T05:00:00+09:00
0.038,0.95,0.92, 2026-04-30T05:00:00+09:00, 2026-04-30T05:30:00+09:00
1.1,27.48,0.92, 2026-04-30T05:30:00+09:00, 2026-04-30T06:00:00+09:00
0.177,4.42,0.92, 2026-04-30T06:00:00+09:00, 2026-04-30T06:30:00+09:00
0.053,1.32,0.92, 2026-04-30T06:30:00+09:00, 2026-04-30T07:00:00+09:00
0.048,1.2,0.92, 2026-04-30T07:00:00+09:00, 2026-04-30T07:30:00+09:00
0.159,3.97,0.92, 2026-04-30T07:30:00+09:00, 2026-04-30T08:00:00+09:00
0.281,7.02,0.92, 2026-04-30T08:00:00+09:00, 2026-04-30T08:30:00+09:00
0.211,5.27,0.92, 2026-04-30T08:30:00+09:00, 2026-04-30T09:00:00+09:00
0.022,0.55,0.92, 2026-04-30T09:00:00+09:00, 2026-04-30T09:30:00+09:00
0.029,0.72,0.92, 2026-04-30T09:30:00+09:00, 2026-04-30T10:00:00+09:00
0.031,0.77,0.92, 2026-04-30T10:00:00+09:00, 2026-04-30T10:30:00+09:00
0.02,0.5,0.92, 2026-04-30T10:30:00+09:00, 2026-04-30T11:00:00+09:00
0.035,0.87,0.92, 2026-04-30T11:00:00+09:00, 2026-04-30T11:30:00+09:00
0.016,0.4,0.92, 2026-04-30T11:30:00+09:00, 2026-04-30T12:00:00+09:00
0.035,0.87,0.92, 2026-04-30T12:00:00+09:00, 2026-04-30T12:30:00+09:00
0.021,0.52,0.92, 2026-04-30T12:30:00+09:00, 2026-04-30T13:00:00+09:00
0.031,0.77,0.92, 2026-04-30T13:00:00+09:00, 2026-04-30T13:30:00+09:00
0.026,0.65,0.92, 2026-04-30T13:30:00+09:00, 2026-04-30T14:00:00+09:00
0.024,0.6,0.92, 2026-04-30T14:00:00+09:00, 2026-04-30T14:30:00+09:00
0.032,0.8,0.92, 2026-04-30T14:30:00+09:00, 2026-04-30T15:00:00+09:00
0.019,0.47,0.92, 2026-04-30T15:00:00+09:00, 2026-04-30T15:30:00+09:00
0.036,0.9,0.92, 2026-04-30T15:30:00+09:00, 2026-04-30T16:00:00+09:00
0.145,3.62,0.92, 2026-04-30T16:00:00+09:00, 2026-04-30T16:30:00+09:00
1.42,35.47,0.92, 2026-04-30T16:30:00+09:00, 2026-04-30T17:00:00+09:00
0.036,0.9,0.92, 2026-04-30T17:00:00+09:00, 2026-04-30T17:30:00+09:00
0.06,1.5,0.92, 2026-04-30T17:30:00+09:00, 2026-04-30T18:00:00+09:00
0.042,1.05,0.92, 2026-04-30T18:00:00+09:00, 2026-04-30T18:30:00+09:00
0.035,0.87,0.92, 2026-04-30T18:30:00+09:00, 2026-04-30T19:00:00+09:00
0.039,0.97,0.92, 2026-04-30T19:00:00+09:00, 2026-04-30T19:30:00+09:00
0.03,0.75,0.92, 2026-04-30T19:30:00+09:00, 2026-04-30T20:00:00+09:00
0.045,1.12,0.92, 2026-04-30T20:00:00+09:00, 2026-04-30T20:30:00+09:00
0.025,0.62,0.92, 2026-04-30T20:30:00+09:00, 2026-04-30T21:00:00+09:00
0.045,1.12,0.92, 2026-04-30T21:00:00+09:00, 2026-04-30T21:30:00+09:00
0.026,0.65,0.92, 2026-04-30T21:30:00+09:00, 2026-04-30T22:00:00+09:00
0.044,1.1,0.92, 2026-04-30T22:00:00+09:00, 2026-04-30T22:30:00+09:00
0.026,0.65,0.92, 2026-04-30T22:30:00+09:00, 2026-04-30T23:00:00+09:00
0.044,1.1,0.92, 2026-04-30T23:00:00+09:00, 2026-04-30T23:30:00+09:00
0.026,0.65,0.92, 2026-04-30T23:30:00+09:00, 2026-05-01T00:00:00+09:00
0.045,1.12,0.92, 2026-05-01T00:00:00+09:00, 2026-05-01T00:30:00+09:00
0.029,0.72,0.92, 2026-05-01T00:30:00+09:00, 2026-05-01T01:00:00+09:00
0.041,1.02,0.92, 2026-05-01T01:00:00+09:00, 2026-05-01T01:30:00+09:00
0.033,0.82,0.92, 2026-05-01T01:30:00+09:00, 2026-05-01T02:00:00+09:00
0.037,0.92,0.92, 2026-05-01T02:00:00+09:00, 2026-05-01T02:30:00+09:00
0.037,0.92,0.92, 2026-05-01T02:30:00+09:00, 2026-05-01T03:00:00+09:00
0.034,0.85,0.92, 2026-05-01T03:00:00+09:00, 2026-05-01T03:30:00+09:00
0.04,1,0.92, 2026-05-01T03:30:00+09:00, 2026-05-01T04:00:00+09:00
0.03,0.75,0.92, 2026-05-01T04:00:00+09:00, 2026-05-01T04:30:00+09:00
0.044,1.1,0.92, 2026-05-01T04:30:00+09:00, 2026-05-01T05:00:00+09:00
0.025,0.62,0.92, 2026-05-01T05:00:00+09:00, 2026-05-01T05:30:00+09:00
0.092,2.3,0.92, 2026-05-01T05:30:00+09:00, 2026-05-01T06:00:00+09:00
0.024,0.6,0.92, 2026-05-01T06:00:00+09:00, 2026-05-01T06:30:00+09:00
0.044,1.1,0.92, 2026-05-01T06:30:00+09:00, 2026-05-01T07:00:00+09:00
0.024,0.6,0.92, 2026-05-01T07:00:00+09:00, 2026-05-01T07:30:00+09:00
0.042,1.05,0.92, 2026-05-01T07:30:00+09:00, 2026-05-01T08:00:00+09:00
0.905,22.61,0.92, 2026-05-01T08:00:00+09:00, 2026-05-01T08:30:00+09:00
1.549,38.7,0.92, 2026-05-01T08:30:00+09:00, 2026-05-01T09:00:00+09:00
0.648,16.19,0.92, 2026-05-01T09:00:00+09:00, 2026-05-01T09:30:00+09:00
0.061,1.52,0.92, 2026-05-01T09:30:00+09:00, 2026-05-01T10:00:00+09:00
0.225,5.62,0.92, 2026-05-01T10:00:00+09:00, 2026-05-01T10:30:00+09:00
0.291,7.27,0.92, 2026-05-01T10:30:00+09:00, 2026-05-01T11:00:00+09:00
0.129,3.22,0.92, 2026-05-01T11:00:00+09:00, 2026-05-01T11:30:00+09:00
0.021,0.52,0.92, 2026-05-01T11:30:00+09:00, 2026-05-01T12:00:00+09:00
0.04,1,0.92, 2026-05-01T12:00:00+09:00, 2026-05-01T12:30:00+09:00
0.021,0.52,0.92, 2026-05-01T12:30:00+09:00, 2026-05-01T13:00:00+09:00
0.04,1,0.92, 2026-05-01T13:00:00+09:00, 2026-05-01T13:30:00+09:00
0.027,0.67,0.92, 2026-05-01T13:30:00+09:00, 2026-05-01T14:00:00+09:00
0.034,0.85,0.92, 2026-05-01T14:00:00+09:00, 2026-05-01T14:30:00+09:00
0.031,0.77,0.92, 2026-05-01T14:30:00+09:00, 2026-05-01T15:00:00+09:00
0.03,0.75,0.92, 2026-05-01T15:00:00+09:00, 2026-05-01T15:30:00+09:00
0.036,0.9,0.92, 2026-05-01T15:30:00+09:00, 2026-05-01T16:00:00+09:00
0.034,0.85,0.92, 2026-05-01T16:00:00+09:00, 2026-05-01T16:30:00+09:00
0.048,1.2,0.92, 2026-05-01T16:30:00+09:00, 2026-05-01T17:00:00+09:00
0.03,0.75,0.92, 2026-05-01T17:00:00+09:00, 2026-05-01T17:30:00+09:00
0.062,1.55,0.92, 2026-05-01T17:30:00+09:00, 2026-05-01T18:00:00+09:00
0.025,0.62,0.92, 2026-05-01T18:00:00+09:00, 2026-05-01T18:30:00+09:00
0.064,1.6,0.92, 2026-05-01T18:30:00+09:00, 2026-05-01T19:00:00+09:00
0.041,1.02,0.92, 2026-05-01T19:00:00+09:00, 2026-05-01T19:30:00+09:00
0.049,1.22,0.92, 2026-05-01T19:30:00+09:00, 2026-05-01T20:00:00+09:00
0.026,0.65,0.92, 2026-05-01T20:00:00+09:00, 2026-05-01T20:30:00+09:00
0.047,1.17,0.92, 2026-05-01T20:30:00+09:00, 2026-05-01T21:00:00+09:00
0.025,0.62,0.92, 2026-05-01T21:00:00+09:00, 2026-05-01T21:30:00+09:00
0.045,1.12,0.92, 2026-05-01T21:30:00+09:00, 2026-05-01T22:00:00+09:00
0.027,0.67,0.92, 2026-05-01T22:00:00+09:00, 2026-05-01T22:30:00+09:00
0.044,1.1,0.92, 2026-05-01T22:30:00+09:00, 2026-05-01T23:00:00+09:00
0.03,0.75,0.92, 2026-05-01T23:00:00+09:00, 2026-05-01T23:30:00+09:00
0.041,1.02,0.92, 2026-05-01T23:30:00+09:00, 2026-05-02T00:00:00+09:00
0.033,0.82,0.92, 2026-05-02T00:00:00+09:00, 2026-05-02T00:30:00+09:00
0.038,0.95,0.92, 2026-05-02T00:30:00+09:00, 2026-05-02T01:00:00+09:00
0.036,0.9,0.92, 2026-05-02T01:00:00+09:00, 2026-05-02T01:30:00+09:00
0.035,0.87,0.92, 2026-05-02T01:30:00+09:00, 2026-05-02T02:00:00+09:00
0.039,0.97,0.92, 2026-05-02T02:00:00+09:00, 2026-05-02T02:30:00+09:00
0.032,0.8,0.92, 2026-05-02T02:30:00+09:00, 2026-05-02T03:00:00+09:00
0.043,1.07,0.92, 2026-05-02T03:00:00+09:00, 2026-05-02T03:30:00+09:00
0.027,0.67,0.92, 2026-05-02T03:30:00+09:00, 2026-05-02T04:00:00+09:00
0.045,1.12,0.92, 2026-05-02T04:00:00+09:00, 2026-05-02T04:30:00+09:00
0.026,0.65,0.92, 2026-05-02T04:30:00+09:00, 2026-05-02T05:00:00+09:00
1.129,28.2,0.92, 2026-05-02T05:00:00+09:00, 2026-05-02T05:30:00+09:00
1.471,36.75,0.92, 2026-05-02T05:30:00+09:00, 2026-05-02T06:00:00+09:00
0.065,1.62,0.92, 2026-05-02T06:00:00+09:00, 2026-05-02T06:30:00+09:00
0.05,1.25,0.92, 2026-05-02T06:30:00+09:00, 2026-05-02T07:00:00+09:00
0.069,1.72,0.92, 2026-05-02T07:00:00+09:00, 2026-05-02T07:30:00+09:00
0.064,1.6,0.92, 2026-05-02T07:30:00+09:00, 2026-05-02T08:00:00+09:00
0.03,0.75,0.92, 2026-05-02T08:00:00+09:00, 2026-05-02T08:30:00+09:00
0.033,0.82,0.92, 2026-05-02T08:30:00+09:00, 2026-05-02T09:00:00+09:00
0.019,0.47,0.92, 2026-05-02T09:00:00+09:00, 2026-05-02T09:30:00+09:00
0.036,0.9,0.92, 2026-05-02T09:30:00+09:00, 2026-05-02T10:00:00+09:00
0.016,0.4,0.92, 2026-05-02T10:00:00+09:00, 2026-05-02T10:30:00+09:00
0.036,0.9,0.92, 2026-05-02T10:30:00+09:00, 2026-05-02T11:00:00+09:00
0.017,0.42,0.92, 2026-05-02T11:00:00+09:00, 2026-05-02T11:30:00+09:00
0.036,0.9,0.92, 2026-05-02T11:30:00+09:00, 2026-05-02T12:00:00+09:00
0.021,0.52,0.92, 2026-05-02T12:00:00+09:00, 2026-05-02T12:30:00+09:00
0.032,0.8,0.92, 2026-05-02T12:30:00+09:00, 2026-05-02T13:00:00+09:00
0.026,0.65,0.92, 2026-05-02T13:00:00+09:00, 2026-05-02T13:30:00+09:00
0.026,0.65,0.92, 2026-05-02T13:30:00+09:00, 2026-05-02T14:00:00+09:00
0.03,0.75,0.92, 2026-05-02T14:00:00+09:00, 2026-05-02T14:30:00+09:00
0.023,0.57,0.92, 2026-05-02T14:30:00+09:00, 2026-05-02T15:00:00+09:00
0.033,0.82,0.92, 2026-05-02T15:00:00+09:00, 2026-05-02T15:30:00+09:00
0.021,0.52,0.92, 2026-05-02T15:30:00+09:00, 2026-05-02T16:00:00+09:00
0.044,1.1,0.92, 2026-05-02T16:00:00+09:00, 2026-05-02T16:30:00+09:00
0.031,0.77,0.92, 2026-05-02T16:30:00+09:00, 2026-05-02T17:00:00+09:00
0.058,1.45,0.92, 2026-05-02T17:00:00+09:00, 2026-05-02T17:30:00+09:00
0.031,0.77,0.92, 2026-05-02T17:30:00+09:00, 2026-05-02T18:00:00+09:00
0.06,1.5,0.92, 2026-05-02T18:00:00+09:00, 2026-05-02T18:30:00+09:00
0.034,0.85,0.92, 2026-05-02T18:30:00+09:00, 2026-05-02T19:00:00+09:00
0.049,1.22,0.92, 2026-05-02T19:00:00+09:00, 2026-05-02T19:30:00+09:00
0.031,0.77,0.92, 2026-05-02T19:30:00+09:00, 2026-05-02T20:00:00+09:00
0.048,1.2,0.92, 2026-05-02T20:00:00+09:00, 2026-05-02T20:30:00+09:00
0.045,1.12,0.92, 2026-05-02T20:30:00+09:00, 2026-05-02T21:00:00+09:00
0.036,0.9,0.92, 2026-05-02T21:00:00+09:00, 2026-05-02T21:30:00+09:00
0.054,1.35,0.92, 2026-05-02T21:30:00+09:00, 2026-05-02T22:00:00+09:00
0.027,0.67,0.92, 2026-05-02T22:00:00+09:00, 2026-05-02T22:30:00+09:00
0.048,1.2,0.92, 2026-05-02T22:30:00+09:00, 2026-05-02T23:00:00+09:00
0.044,1.1,0.92, 2026-05-02T23:00:00+09:00, 2026-05-02T23:30:00+09:00
0.043,1.07,0.92, 2026-05-02T23:30:00+09:00, 2026-05-03T00:00:00+09:00
0.046,1.15,0.92, 2026-05-03T00:00:00+09:00, 2026-05-03T00:30:00+09:00
0.041,1.02,0.92, 2026-05-03T00:30:00+09:00, 2026-05-03T01:00:00+09:00
0.048,1.2,0.92, 2026-05-03T01:00:00+09:00, 2026-05-03T01:30:00+09:00
1.139,28.45,0.92, 2026-05-03T01:30:00+09:00, 2026-05-03T02:00:00+09:00
1.513,37.8,0.92, 2026-05-03T02:00:00+09:00, 2026-05-03T02:30:00+09:00
0.468,11.69,0.92, 2026-05-03T02:30:00+09:00, 2026-05-03T03:00:00+09:00
0.061,1.52,0.92, 2026-05-03T03:00:00+09:00, 2026-05-03T03:30:00+09:00
0.061,1.52,0.92, 2026-05-03T03:30:00+09:00, 2026-05-03T04:00:00+09:00
0.046,1.15,0.92, 2026-05-03T04:00:00+09:00, 2026-05-03T04:30:00+09:00
0.031,0.77,0.92, 2026-05-03T04:30:00+09:00, 2026-05-03T05:00:00+09:00
0.044,1.1,0.92, 2026-05-03T05:00:00+09:00, 2026-05-03T05:30:00+09:00
0.087,2.17,0.92, 2026-05-03T05:30:00+09:00, 2026-05-03T06:00:00+09:00
0.031,0.77,0.92, 2026-05-03T06:00:00+09:00, 2026-05-03T06:30:00+09:00
0.042,1.05,0.92, 2026-05-03T06:30:00+09:00, 2026-05-03T07:00:00+09:00
0.026,0.65,0.92, 2026-05-03T07:00:00+09:00, 2026-05-03T07:30:00+09:00
0.044,1.1,0.92, 2026-05-03T07:30:00+09:00, 2026-05-03T08:00:00+09:00
0.015,0.37,0.92, 2026-05-03T08:00:00+09:00, 2026-05-03T08:30:00+09:00
0.037,0.92,0.92, 2026-05-03T08:30:00+09:00, 2026-05-03T09:00:00+09:00
0.147,3.67,0.92, 2026-05-03T09:00:00+09:00, 2026-05-03T09:30:00+09:00
0.073,1.82,0.92, 2026-05-03T09:30:00+09:00, 2026-05-03T10:00:00+09:00
0.282,7.04,0.92, 2026-05-03T10:00:00+09:00, 2026-05-03T10:30:00+09:00
0.29,7.24,0.92, 2026-05-03T10:30:00+09:00, 2026-05-03T11:00:00+09:00
0.02,0.5,0.92, 2026-05-03T11:00:00+09:00, 2026-05-03T11:30:00+09:00
0.033,0.82,0.92, 2026-05-03T11:30:00+09:00, 2026-05-03T12:00:00+09:00
0.023,0.57,0.92, 2026-05-03T12:00:00+09:00, 2026-05-03T12:30:00+09:00
0.03,0.75,0.92, 2026-05-03T12:30:00+09:00, 2026-05-03T13:00:00+09:00
0.026,0.65,0.92, 2026-05-03T13:00:00+09:00, 2026-05-03T13:30:00+09:00
0.027,0.67,0.92, 2026-05-03T13:30:00+09:00, 2026-05-03T14:00:00+09:00
0.028,0.7,0.92, 2026-05-03T14:00:00+09:00, 2026-05-03T14:30:00+09:00
0.025,0.62,0.92, 2026-05-03T14:30:00+09:00, 2026-05-03T15:00:00+09:00
0.03,0.75,0.92, 2026-05-03T15:00:00+09:00, 2026-05-03T15:30:00+09:00
0.023,0.57,0.92, 2026-05-03T15:30:00+09:00, 2026-05-03T16:00:00+09:00
0.042,1.05,0.92, 2026-05-03T16:00:00+09:00, 2026-05-03T16:30:00+09:00
0.028,0.7,0.92, 2026-05-03T16:30:00+09:00, 2026-05-03T17:00:00+09:00
0.046,1.15,0.92, 2026-05-03T17:00:00+09:00, 2026-05-03T17:30:00+09:00
0.035,0.87,0.92, 2026-05-03T17:30:00+09:00, 2026-05-03T18:00:00+09:00
0.065,1.62,0.92, 2026-05-03T18:00:00+09:00, 2026-05-03T18:30:00+09:00
0.035,0.87,0.92, 2026-05-03T18:30:00+09:00, 2026-05-03T19:00:00+09:00
0.056,1.4,0.92, 2026-05-03T19:00:00+09:00, 2026-05-03T19:30:00+09:00
0.034,0.85,0.92, 2026-05-03T19:30:00+09:00, 2026-05-03T20:00:00+09:00
0.057,1.42,0.92, 2026-05-03T20:00:00+09:00, 2026-05-03T20:30:00+09:00
0.035,0.87,0.92, 2026-05-03T20:30:00+09:00, 2026-05-03T21:00:00+09:00
0.045,1.12,0.92, 2026-05-03T21:00:00+09:00, 2026-05-03T21:30:00+09:00
0.031,0.77,0.92, 2026-05-03T21:30:00+09:00, 2026-05-03T22:00:00+09:00
0.042,1.05,0.92, 2026-05-03T22:00:00+09:00, 2026-05-03T22:30:00+09:00
0.036,0.9,0.92, 2026-05-03T22:30:00+09:00, 2026-05-03T23:00:00+09:00
0.032,0.8,0.92, 2026-05-03T23:00:00+09:00, 2026-05-03T23:30:00+09:00
0.04,1,0.92, 2026-05-03T23:30:00+09:00, 2026-05-04T00:00:00+09:00
0.031,0.77,0.92, 2026-05-04T00:00:00+09:00, 2026-05-04T00:30:00+09:00
0.046,1.15,0.92, 2026-05-04T00:30:00+09:00, 2026-05-04T01:00:00+09:00
0.024,0.6,0.92, 2026-05-04T01:00:00+09:00, 2026-05-04T01:30:00+09:00
0.056,1.4,0.92, 2026-05-04T01:30:00+09:00, 2026-05-04T02:00:00+09:00
0.281,7.02,0.92, 2026-05-04T02:00:00+09:00, 2026-05-04T02:30:00+09:00
0.046,1.15,0.92, 2026-05-04T02:30:00+09:00, 2026-05-04T03:00:00+09:00
0.046,1.15,0.92, 2026-05-04T03:00:00+09:00, 2026-05-04T03:30:00+09:00
0.025,0.62,0.92, 2026-05-04T03:30:00+09:00, 2026-05-04T04:00:00+09:00
0.044,1.1,0.92, 2026-05-04T04:00:00+09:00, 2026-05-04T04:30:00+09:00
1.234,30.83,0.92, 2026-05-04T04:30:00+09:00, 2026-05-04T05:00:00+09:00
1.517,37.9,0.92, 2026-05-04T05:00:00+09:00, 2026-05-04T05:30:00+09:00
0.369,9.22,0.92, 2026-05-04T05:30:00+09:00, 2026-05-04T06:00:00+09:00
0.055,1.37,0.92, 2026-05-04T06:00:00+09:00, 2026-05-04T06:30:00+09:00
0.061,1.52,0.92, 2026-05-04T06:30:00+09:00, 2026-05-04T07:00:00+09:00
0.049,1.22,0.92, 2026-05-04T07:00:00+09:00, 2026-05-04T07:30:00+09:00
0.057,1.42,0.92, 2026-05-04T07:30:00+09:00, 2026-05-04T08:00:00+09:00
0.03,0.75,0.92, 2026-05-04T08:00:00+09:00, 2026-05-04T08:30:00+09:00
0.303,7.57,0.92, 2026-05-04T08:30:00+09:00, 2026-05-04T09:00:00+09:00
0.287,7.17,0.92, 2026-05-04T09:00:00+09:00, 2026-05-04T09:30:00+09:00
0.042,1.05,0.92, 2026-05-04T09:30:00+09:00, 2026-05-04T10:00:00+09:00
0.03,0.75,0.92, 2026-05-04T10:00:00+09:00, 2026-05-04T10:30:00+09:00
0.023,0.57,0.92, 2026-05-04T10:30:00+09:00, 2026-05-04T11:00:00+09:00
0.034,0.85,0.92, 2026-05-04T11:00:00+09:00, 2026-05-04T11:30:00+09:00
0.019,0.47,0.92, 2026-05-04T11:30:00+09:00, 2026-05-04T12:00:00+09:00
0.037,0.92,0.92, 2026-05-04T12:00:00+09:00, 2026-05-04T12:30:00+09:00
0.017,0.42,0.92, 2026-05-04T12:30:00+09:00, 2026-05-04T13:00:00+09:00
0.036,0.9,0.92, 2026-05-04T13:00:00+09:00, 2026-05-04T13:30:00+09:00
0.016,0.4,0.92, 2026-05-04T13:30:00+09:00, 2026-05-04T14:00:00+09:00
0.037,0.92,0.92, 2026-05-04T14:00:00+09:00, 2026-05-04T14:30:00+09:00
0.016,0.4,0.92, 2026-05-04T14:30:00+09:00, 2026-05-04T15:00:00+09:00
0.037,0.92,0.92, 2026-05-04T15:00:00+09:00, 2026-05-04T15:30:00+09:00
0.026,0.65,0.92, 2026-05-04T15:30:00+09:00, 2026-05-04T16:00:00+09:00
0.044,1.1,0.92, 2026-05-04T16:00:00+09:00, 2026-05-04T16:30:00+09:00
0.029,0.72,0.92, 2026-05-04T16:30:00+09:00, 2026-05-04T17:00:00+09:00
0.044,1.1,0.92, 2026-05-04T17:00:00+09:00, 2026-05-04T17:30:00+09:00
0.034,0.85,0.92, 2026-05-04T17:30:00+09:00, 2026-05-04T18:00:00+09:00
0.04,1,0.92, 2026-05-04T18:00:00+09:00, 2026-05-04T18:30:00+09:00
0.036,0.9,0.92, 2026-05-04T18:30:00+09:00, 2026-05-04T19:00:00+09:00
0.134,3.35,0.92, 2026-05-04T19:00:00+09:00, 2026-05-04T19:30:00+09:00
0.293,7.32,0.92, 2026-05-04T19:30:00+09:00, 2026-05-04T20:00:00+09:00
0.204,5.1,0.92, 2026-05-04T20:00:00+09:00, 2026-05-04T20:30:00+09:00
0.044,1.1,0.92, 2026-05-04T20:30:00+09:00, 2026-05-04T21:00:00+09:00
0.026,0.65,0.92, 2026-05-04T21:00:00+09:00, 2026-05-04T21:30:00+09:00
0.044,1.1,0.92, 2026-05-04T21:30:00+09:00, 2026-05-04T22:00:00+09:00
0.024,0.6,0.92, 2026-05-04T22:00:00+09:00, 2026-05-04T22:30:00+09:00
0.045,1.12,0.92, 2026-05-04T22:30:00+09:00, 2026-05-04T23:00:00+09:00
0.023,0.57,0.92, 2026-05-04T23:00:00+09:00, 2026-05-04T23:30:00+09:00
0.046,1.15,0.92, 2026-05-04T23:30:00+09:00, 2026-05-05T00:00:00+09:00
0.024,0.6,0.92, 2026-05-05T00:00:00+09:00, 2026-05-05T00:30:00+09:00
0.044,1.1,0.92, 2026-05-05T00:30:00+09:00, 2026-05-05T01:00:00+09:00
0.028,0.7,0.92, 2026-05-05T01:00:00+09:00, 2026-05-05T01:30:00+09:00
0.04,1,0.92, 2026-05-05T01:30:00+09:00, 2026-05-05T02:00:00+09:00
0.033,0.82,0.92, 2026-05-05T02:00:00+09:00, 2026-05-05T02:30:00+09:00
0.035,0.87,0.92, 2026-05-05T02:30:00+09:00, 2026-05-05T03:00:00+09:00
0.038,0.95,0.92, 2026-05-05T03:00:00+09:00, 2026-05-05T03:30:00+09:00
0.031,0.77,0.92, 2026-05-05T03:30:00+09:00, 2026-05-05T04:00:00+09:00
0.04,1,0.92, 2026-05-05T04:00:00+09:00, 2026-05-05T04:30:00+09:00
0.028,0.7,0.92, 2026-05-05T04:30:00+09:00, 2026-05-05T05:00:00+09:00
1.094,27.33,0.92, 2026-05-05T05:00:00+09:00, 2026-05-05T05:30:00+09:00
1.483,37.05,0.92, 2026-05-05T05:30:00+09:00, 2026-05-05T06:00:00+09:00
0.093,2.32,0.92, 2026-05-05T06:00:00+09:00, 2026-05-05T06:30:00+09:00
0.063,1.57,0.92, 2026-05-05T06:30:00+09:00, 2026-05-05T07:00:00+09:00
0.076,1.9,0.92, 2026-05-05T07:00:00+09:00, 2026-05-05T07:30:00+09:00
0.147,3.67,0.92, 2026-05-05T07:30:00+09:00, 2026-05-05T08:00:00+09:00
0.088,2.2,0.92, 2026-05-05T08:00:00+09:00, 2026-05-05T08:30:00+09:00
0.064,1.6,0.92, 2026-05-05T08:30:00+09:00, 2026-05-05T09:00:00+09:00
0.282,7.04,0.92, 2026-05-05T09:00:00+09:00, 2026-05-05T09:30:00+09:00
0.3,7.49,0.92, 2026-05-05T09:30:00+09:00, 2026-05-05T10:00:00+09:00
0.034,0.85,0.92, 2026-05-05T10:00:00+09:00, 2026-05-05T10:30:00+09:00
0.037,0.92,0.92, 2026-05-05T10:30:00+09:00, 2026-05-05T11:00:00+09:00
0.016,0.4,0.92, 2026-05-05T11:00:00+09:00, 2026-05-05T11:30:00+09:00
0.037,0.92,0.92, 2026-05-05T11:30:00+09:00, 2026-05-05T12:00:00+09:00
0.017,0.42,0.92, 2026-05-05T12:00:00+09:00, 2026-05-05T12:30:00+09:00
0.036,0.9,0.92, 2026-05-05T12:30:00+09:00, 2026-05-05T13:00:00+09:00
0.021,0.52,0.92, 2026-05-05T13:00:00+09:00, 2026-05-05T13:30:00+09:00
0.032,0.8,0.92, 2026-05-05T13:30:00+09:00, 2026-05-05T14:00:00+09:00
0.025,0.62,0.92, 2026-05-05T14:00:00+09:00, 2026-05-05T14:30:00+09:00
0.027,0.67,0.92, 2026-05-05T14:30:00+09:00, 2026-05-05T15:00:00+09:00
0.03,0.75,0.92, 2026-05-05T15:00:00+09:00, 2026-05-05T15:30:00+09:00
0.024,0.6,0.92, 2026-05-05T15:30:00+09:00, 2026-05-05T16:00:00+09:00
0.041,1.02,0.92, 2026-05-05T16:00:00+09:00, 2026-05-05T16:30:00+09:00
0.028,0.7,0.92, 2026-05-05T16:30:00+09:00, 2026-05-05T17:00:00+09:00
0.049,1.22,0.92, 2026-05-05T17:00:00+09:00, 2026-05-05T17:30:00+09:00
0.031,0.77,0.92, 2026-05-05T17:30:00+09:00, 2026-05-05T18:00:00+09:00
0.061,1.52,0.92, 2026-05-05T18:00:00+09:00, 2026-05-05T18:30:00+09:00
0.032,0.8,0.92, 2026-05-05T18:30:00+09:00, 2026-05-05T19:00:00+09:00
0.055,1.37,0.92, 2026-05-05T19:00:00+09:00, 2026-05-05T19:30:00+09:00
0.036,0.9,0.92, 2026-05-05T19:30:00+09:00, 2026-05-05T20:00:00+09:00
0.054,1.35,0.92, 2026-05-05T20:00:00+09:00, 2026-05-05T20:30:00+09:00
0.034,0.85,0.92, 2026-05-05T20:30:00+09:00, 2026-05-05T21:00:00+09:00
0.053,1.32,0.92, 2026-05-05T21:00:00+09:00, 2026-05-05T21:30:00+09:00
0.098,2.45,0.92, 2026-05-05T21:30:00+09:00, 2026-05-05T22:00:00+09:00
0.297,7.42,0.92, 2026-05-05T22:00:00+09:00, 2026-05-05T22:30:00+09:00
0.255,6.37,0.92, 2026-05-05T22:30:00+09:00, 2026-05-05T23:00:00+09:00
0.029,0.72,0.92, 2026-05-05T23:00:00+09:00, 2026-05-05T23:30:00+09:00
0.043,1.07,0.92, 2026-05-05T23:30:00+09:00, 2026-05-06T00:00:00+09:00
0.026,0.65,0.92, 2026-05-06T00:00:00+09:00, 2026-05-06T00:30:00+09:00
0.053,1.32,0.92, 2026-05-06T00:30:00+09:00, 2026-05-06T01:00:00+09:00
0.042,1.05,0.92, 2026-05-06T01:00:00+09:00, 2026-05-06T01:30:00+09:00
0.055,1.37,0.92, 2026-05-06T01:30:00+09:00, 2026-05-06T02:00:00+09:00
0.052,1.3,0.92, 2026-05-06T02:00:00+09:00, 2026-05-06T02:30:00+09:00
0.421,10.52,0.92, 2026-05-06T02:30:00+09:00, 2026-05-06T03:00:00+09:00
0.107,2.67,0.92, 2026-05-06T03:00:00+09:00, 2026-05-06T03:30:00+09:00
0.051,1.27,0.92, 2026-05-06T03:30:00+09:00, 2026-05-06T04:00:00+09:00
0.026,0.65,0.92, 2026-05-06T04:00:00+09:00, 2026-05-06T04:30:00+09:00
0.042,1.05,0.92, 2026-05-06T04:30:00+09:00, 2026-05-06T05:00:00+09:00
0.04,1,0.92, 2026-05-06T05:00:00+09:00, 2026-05-06T05:30:00+09:00
0.079,1.97,0.92, 2026-05-06T05:30:00+09:00, 2026-05-06T06:00:00+09:00
1.151,28.75,0.92, 2026-05-06T06:00:00+09:00, 2026-05-06T06:30:00+09:00
1.499,37.45,0.92, 2026-05-06T06:30:00+09:00, 2026-05-06T07:00:00+09:00
1.494,37.32,0.92, 2026-05-06T07:00:00+09:00, 2026-05-06T07:30:00+09:00
0.543,13.56,0.92, 2026-05-06T07:30:00+09:00, 2026-05-06T08:00:00+09:00
0.633,15.81,0.92, 2026-05-06T08:00:00+09:00, 2026-05-06T08:30:00+09:00
1.48,36.97,0.92, 2026-05-06T08:30:00+09:00, 2026-05-06T09:00:00+09:00
0.614,15.34,0.92, 2026-05-06T09:00:00+09:00, 2026-05-06T09:30:00+09:00
0.272,6.79,0.92, 2026-05-06T09:30:00+09:00, 2026-05-06T10:00:00+09:00
0.266,6.65,0.92, 2026-05-06T10:00:00+09:00, 2026-05-06T10:30:00+09:00
0.025,0.62,0.92, 2026-05-06T10:30:00+09:00, 2026-05-06T11:00:00+09:00
0.028,0.7,0.92, 2026-05-06T11:00:00+09:00, 2026-05-06T11:30:00+09:00
0.034,0.85,0.92, 2026-05-06T11:30:00+09:00, 2026-05-06T12:00:00+09:00
0.019,0.47,0.92, 2026-05-06T12:00:00+09:00, 2026-05-06T12:30:00+09:00
0.036,0.9,0.92, 2026-05-06T12:30:00+09:00, 2026-05-06T13:00:00+09:00
0.017,0.42,0.92, 2026-05-06T13:00:00+09:00, 2026-05-06T13:30:00+09:00
0.036,0.9,0.92, 2026-05-06T13:30:00+09:00, 2026-05-06T14:00:00+09:00
0.374,9.34,0.92, 2026-05-06T14:00:00+09:00, 2026-05-06T14:30:00+09:00
0.407,10.17,0.92, 2026-05-06T14:30:00+09:00, 2026-05-06T15:00:00+09:00
0.03,0.75,0.92, 2026-05-06T15:00:00+09:00, 2026-05-06T15:30:00+09:00
0.025,0.62,0.92, 2026-05-06T15:30:00+09:00, 2026-05-06T16:00:00+09:00
0.046,1.15,0.92, 2026-05-06T16:00:00+09:00, 2026-05-06T16:30:00+09:00
0.035,0.87,0.92, 2026-05-06T16:30:00+09:00, 2026-05-06T17:00:00+09:00
0.064,1.6,0.92, 2026-05-06T17:00:00+09:00, 2026-05-06T17:30:00+09:00
0.028,0.7,0.92, 2026-05-06T17:30:00+09:00, 2026-05-06T18:00:00+09:00
0.062,1.55,0.92, 2026-05-06T18:00:00+09:00, 2026-05-06T18:30:00+09:00
0.042,1.05,0.92, 2026-05-06T18:30:00+09:00, 2026-05-06T19:00:00+09:00
0.7,17.49,0.92, 2026-05-06T19:00:00+09:00, 2026-05-06T19:30:00+09:00
0.336,8.39,0.92, 2026-05-06T19:30:00+09:00, 2026-05-06T20:00:00+09:00
0.312,7.79,0.92, 2026-05-06T20:00:00+09:00, 2026-05-06T20:30:00+09:00
0.182,4.55,0.92, 2026-05-06T20:30:00+09:00, 2026-05-06T21:00:00+09:00
0.033,0.82,0.92, 2026-05-06T21:00:00+09:00, 2026-05-06T21:30:00+09:00
0.049,1.22,0.92, 2026-05-06T21:30:00+09:00, 2026-05-06T22:00:00+09:00
0.029,0.72,0.92, 2026-05-06T22:00:00+09:00, 2026-05-06T22:30:00+09:00
0.13,3.25,0.92, 2026-05-06T22:30:00+09:00, 2026-05-06T23:00:00+09:00
0.073,1.82,0.92, 2026-05-06T23:00:00+09:00, 2026-05-06T23:30:00+09:00
0.088,2.2,0.92, 2026-05-06T23:30:00+09:00, 2026-05-07T00:00:00+09:00
0.447,11.17,0.92, 2026-05-07T00:00:00+09:00, 2026-05-07T00:30:00+09:00
0.323,8.07,0.92, 2026-05-07T00:30:00+09:00, 2026-05-07T01:00:00+09:00
0.036,0.9,0.92, 2026-05-07T01:00:00+09:00, 2026-05-07T01:30:00+09:00
0.033,0.82,0.92, 2026-05-07T01:30:00+09:00, 2026-05-07T02:00:00+09:00
0.04,1,0.92, 2026-05-07T02:00:00+09:00, 2026-05-07T02:30:00+09:00
0.028,0.7,0.92, 2026-05-07T02:30:00+09:00, 2026-05-07T03:00:00+09:00
0.044,1.1,0.92, 2026-05-07T03:00:00+09:00, 2026-05-07T03:30:00+09:00
0.286,7.14,0.92, 2026-05-07T03:30:00+09:00, 2026-05-07T04:00:00+09:00
0.217,5.42,0.92, 2026-05-07T04:00:00+09:00, 2026-05-07T04:30:00+09:00
0.766,19.14,0.92, 2026-05-07T04:30:00+09:00, 2026-05-07T05:00:00+09:00
0.04,1,0.92, 2026-05-07T05:00:00+09:00, 2026-05-07T05:30:00+09:00
0.042,1.05,0.92, 2026-05-07T05:30:00+09:00, 2026-05-07T06:00:00+09:00
0.025,0.62,0.92, 2026-05-07T06:00:00+09:00, 2026-05-07T06:30:00+09:00
0.045,1.12,0.92, 2026-05-07T06:30:00+09:00, 2026-05-07T07:00:00+09:00
0.024,0.6,0.92, 2026-05-07T07:00:00+09:00, 2026-05-07T07:30:00+09:00
0.043,1.07,0.92, 2026-05-07T07:30:00+09:00, 2026-05-07T08:00:00+09:00
0.039,0.97,0.92, 2026-05-07T08:00:00+09:00, 2026-05-07T08:30:00+09:00
0.048,1.2,0.92, 2026-05-07T08:30:00+09:00, 2026-05-07T09:00:00+09:00
0.044,1.1,0.92, 2026-05-07T09:00:00+09:00, 2026-05-07T09:30:00+09:00
0.046,1.15,0.92, 2026-05-07T09:30:00+09:00, 2026-05-07T10:00:00+09:00
0.301,7.52,0.92, 2026-05-07T10:00:00+09:00, 2026-05-07T10:30:00+09:00
0.276,6.89,0.92, 2026-05-07T10:30:00+09:00, 2026-05-07T11:00:00+09:00
0.036,0.9,0.92, 2026-05-07T11:00:00+09:00, 2026-05-07T11:30:00+09:00
0.017,0.42,0.92, 2026-05-07T11:30:00+09:00, 2026-05-07T12:00:00+09:00
0.038,0.95,0.92, 2026-05-07T12:00:00+09:00, 2026-05-07T12:30:00+09:00
0.022,0.55,0.92, 2026-05-07T12:30:00+09:00, 2026-05-07T13:00:00+09:00
0.032,0.8,0.92, 2026-05-07T13:00:00+09:00, 2026-05-07T13:30:00+09:00
0.026,0.65,0.92, 2026-05-07T13:30:00+09:00, 2026-05-07T14:00:00+09:00
0.026,0.65,0.92, 2026-05-07T14:00:00+09:00, 2026-05-07T14:30:00+09:00
0.031,0.77,0.92, 2026-05-07T14:30:00+09:00, 2026-05-07T15:00:00+09:00
0.021,0.52,0.92, 2026-05-07T15:00:00+09:00, 2026-05-07T15:30:00+09:00
0.036,0.9,0.92, 2026-05-07T15:30:00+09:00, 2026-05-07T16:00:00+09:00
0.025,0.62,0.92, 2026-05-07T16:00:00+09:00, 2026-05-07T16:30:00+09:00
0.044,1.1,0.92, 2026-05-07T16:30:00+09:00, 2026-05-07T17:00:00+09:00
0.027,0.67,0.92, 2026-05-07T17:00:00+09:00, 2026-05-07T17:30:00+09:00
0.05,1.25,0.92, 2026-05-07T17:30:00+09:00, 2026-05-07T18:00:00+09:00
0.032,0.8,0.92, 2026-05-07T18:00:00+09:00, 2026-05-07T18:30:00+09:00
0.073,1.82,0.92, 2026-05-07T18:30:00+09:00, 2026-05-07T19:00:00+09:00
0.084,2.1,0.92, 2026-05-07T19:00:00+09:00, 2026-05-07T19:30:00+09:00
0.309,7.72,0.92, 2026-05-07T19:30:00+09:00, 2026-05-07T20:00:00+09:00
0.266,6.65,0.92, 2026-05-07T20:00:00+09:00, 2026-05-07T20:30:00+09:00
0.036,0.9,0.92, 2026-05-07T20:30:00+09:00, 2026-05-07T21:00:00+09:00
0.042,1.05,0.92, 2026-05-07T21:00:00+09:00, 2026-05-07T21:30:00+09:00
0.026,0.65,0.92, 2026-05-07T21:30:00+09:00, 2026-05-07T22:00:00+09:00
0.044,1.1,0.92, 2026-05-07T22:00:00+09:00, 2026-05-07T22:30:00+09:00
0.024,0.6,0.92, 2026-05-07T22:30:00+09:00, 2026-05-07T23:00:00+09:00
0.044,1.1,0.92, 2026-05-07T23:00:00+09:00, 2026-05-07T23:30:00+09:00
0.024,0.6,0.92, 2026-05-07T23:30:00+09:00, 2026-05-08T00:00:00+09:00
0.045,1.12,0.92, 2026-05-08T00:00:00+09:00, 2026-05-08T00:30:00+09:00
0.023,0.57,0.92, 2026-05-08T00:30:00+09:00, 2026-05-08T01:00:00+09:00
0.045,1.12,0.92, 2026-05-08T01:00:00+09:00, 2026-05-08T01:30:00+09:00
0.024,0.6,0.92, 2026-05-08T01:30:00+09:00, 2026-05-08T02:00:00+09:00
0.044,1.1,0.92, 2026-05-08T02:00:00+09:00, 2026-05-08T02:30:00+09:00
0.027,0.67,0.92, 2026-05-08T02:30:00+09:00, 2026-05-08T03:00:00+09:00
0.041,1.02,0.92, 2026-05-08T03:00:00+09:00, 2026-05-08T03:30:00+09:00
0.029,0.72,0.92, 2026-05-08T03:30:00+09:00, 2026-05-08T04:00:00+09:00
0.039,0.97,0.92, 2026-05-08T04:00:00+09:00, 2026-05-08T04:30:00+09:00
0.032,0.8,0.92, 2026-05-08T04:30:00+09:00, 2026-05-08T05:00:00+09:00
0.037,0.92,0.92, 2026-05-08T05:00:00+09:00, 2026-05-08T05:30:00+09:00
1.204,30.08,0.92, 2026-05-08T05:30:00+09:00, 2026-05-08T06:00:00+09:00
0.036,0.9,0.92, 2026-05-08T06:00:00+09:00, 2026-05-08T06:30:00+09:00
0.037,0.92,0.92, 2026-05-08T06:30:00+09:00, 2026-05-08T07:00:00+09:00
0.055,1.37,0.92, 2026-05-08T07:00:00+09:00, 2026-05-08T07:30:00+09:00
0.056,1.4,0.92, 2026-05-08T07:30:00+09:00, 2026-05-08T08:00:00+09:00
0.031,0.77,0.92, 2026-05-08T08:00:00+09:00, 2026-05-08T08:30:00+09:00
0.05,1.25,0.92, 2026-05-08T08:30:00+09:00, 2026-05-08T09:00:00+09:00
0.178,4.45,0.92, 2026-05-08T09:00:00+09:00, 2026-05-08T09:30:00+09:00
0.304,7.59,0.92, 2026-05-08T09:30:00+09:00, 2026-05-08T10:00:00+09:00
0.159,3.97,0.92, 2026-05-08T10:00:00+09:00, 2026-05-08T10:30:00+09:00
0.037,0.92,0.92, 2026-05-08T10:30:00+09:00, 2026-05-08T11:00:00+09:00
0.02,0.5,0.92, 2026-05-08T11:00:00+09:00, 2026-05-08T11:30:00+09:00
0.033,0.82,0.92, 2026-05-08T11:30:00+09:00, 2026-05-08T12:00:00+09:00
0.024,0.6,0.92, 2026-05-08T12:00:00+09:00, 2026-05-08T12:30:00+09:00
0.029,0.72,0.92, 2026-05-08T12:30:00+09:00, 2026-05-08T13:00:00+09:00
0.026,0.65,0.92, 2026-05-08T13:00:00+09:00, 2026-05-08T13:30:00+09:00
0.026,0.65,0.92, 2026-05-08T13:30:00+09:00, 2026-05-08T14:00:00+09:00
0.029,0.72,0.92, 2026-05-08T14:00:00+09:00, 2026-05-08T14:30:00+09:00
0.024,0.6,0.92, 2026-05-08T14:30:00+09:00, 2026-05-08T15:00:00+09:00
0.031,0.77,0.92, 2026-05-08T15:00:00+09:00, 2026-05-08T15:30:00+09:00
0.022,0.55,0.92, 2026-05-08T15:30:00+09:00, 2026-05-08T16:00:00+09:00
0.046,1.15,0.92, 2026-05-08T16:00:00+09:00, 2026-05-08T16:30:00+09:00
0.03,0.75,0.92, 2026-05-08T16:30:00+09:00, 2026-05-08T17:00:00+09:00
0.05,1.25,0.92, 2026-05-08T17:00:00+09:00, 2026-05-08T17:30:00+09:00
0.027,0.67,0.92, 2026-05-08T17:30:00+09:00, 2026-05-08T18:00:00+09:00
0.047,1.17,0.92, 2026-05-08T18:00:00+09:00, 2026-05-08T18:30:00+09:00
0.03,0.75,0.92, 2026-05-08T18:30:00+09:00, 2026-05-08T19:00:00+09:00
0.044,1.1,0.92, 2026-05-08T19:00:00+09:00, 2026-05-08T19:30:00+09:00
0.024,0.6,0.92, 2026-05-08T19:30:00+09:00, 2026-05-08T20:00:00+09:00
0.045,1.12,0.92, 2026-05-08T20:00:00+09:00, 2026-05-08T20:30:00+09:00
0.027,0.67,0.92, 2026-05-08T20:30:00+09:00, 2026-05-08T21:00:00+09:00
0.041,1.02,0.92, 2026-05-08T21:00:00+09:00, 2026-05-08T21:30:00+09:00
0.031,0.77,0.92, 2026-05-08T21:30:00+09:00, 2026-05-08T22:00:00+09:00
0.037,0.92,0.92, 2026-05-08T22:00:00+09:00, 2026-05-08T22:30:00+09:00
0.035,0.87,0.92, 2026-05-08T22:30:00+09:00, 2026-05-08T23:00:00+09:00
0.033,0.82,0.92, 2026-05-08T23:00:00+09:00, 2026-05-08T23:30:00+09:00
0.039,0.97,0.92, 2026-05-08T23:30:00+09:00, 2026-05-09T00:00:00+09:00
0.029,0.72,0.92, 2026-05-09T00:00:00+09:00, 2026-05-09T00:30:00+09:00
0.042,1.05,0.92, 2026-05-09T00:30:00+09:00, 2026-05-09T01:00:00+09:00
0.026,0.65,0.92, 2026-05-09T01:00:00+09:00, 2026-05-09T01:30:00+09:00
0.044,1.1,0.92, 2026-05-09T01:30:00+09:00, 2026-05-09T02:00:00+09:00
0.024,0.6,0.92, 2026-05-09T02:00:00+09:00, 2026-05-09T02:30:00+09:00
0.043,1.07,0.92, 2026-05-09T02:30:00+09:00, 2026-05-09T03:00:00+09:00
0.024,0.6,0.92, 2026-05-09T03:00:00+09:00, 2026-05-09T03:30:00+09:00
0.044,1.1,0.92, 2026-05-09T03:30:00+09:00, 2026-05-09T04:00:00+09:00
0.024,0.6,0.92, 2026-05-09T04:00:00+09:00, 2026-05-09T04:30:00+09:00
0.044,1.1,0.92, 2026-05-09T04:30:00+09:00, 2026-05-09T05:00:00+09:00
1.083,27.05,0.92, 2026-05-09T05:00:00+09:00, 2026-05-09T05:30:00+09:00
1.49,37.22,0.92, 2026-05-09T05:30:00+09:00, 2026-05-09T06:00:00+09:00
0.143,3.57,0.92, 2026-05-09T06:00:00+09:00, 2026-05-09T06:30:00+09:00
0.053,1.32,0.92, 2026-05-09T06:30:00+09:00, 2026-05-09T07:00:00+09:00
0.049,1.22,0.92, 2026-05-09T07:00:00+09:00, 2026-05-09T07:30:00+09:00
0.048,1.2,0.92, 2026-05-09T07:30:00+09:00, 2026-05-09T08:00:00+09:00
0.056,1.4,0.92, 2026-05-09T08:00:00+09:00, 2026-05-09T08:30:00+09:00
0.151,3.77,0.92, 2026-05-09T08:30:00+09:00, 2026-05-09T09:00:00+09:00
0.294,7.34,0.92, 2026-05-09T09:00:00+09:00, 2026-05-09T09:30:00+09:00
0.166,4.15,0.92, 2026-05-09T09:30:00+09:00, 2026-05-09T10:00:00+09:00
0.037,0.92,0.92, 2026-05-09T10:00:00+09:00, 2026-05-09T10:30:00+09:00
0.016,0.4,0.92, 2026-05-09T10:30:00+09:00, 2026-05-09T11:00:00+09:00
0.036,0.9,0.92, 2026-05-09T11:00:00+09:00, 2026-05-09T11:30:00+09:00
0.02,0.5,0.92, 2026-05-09T11:30:00+09:00, 2026-05-09T12:00:00+09:00
0.033,0.82,0.92, 2026-05-09T12:00:00+09:00, 2026-05-09T12:30:00+09:00
0.024,0.6,0.92, 2026-05-09T12:30:00+09:00, 2026-05-09T13:00:00+09:00
0.029,0.72,0.92, 2026-05-09T13:00:00+09:00, 2026-05-09T13:30:00+09:00
0.028,0.7,0.92, 2026-05-09T13:30:00+09:00, 2026-05-09T14:00:00+09:00
0.024,0.6,0.92, 2026-05-09T14:00:00+09:00, 2026-05-09T14:30:00+09:00
0.032,0.8,0.92, 2026-05-09T14:30:00+09:00, 2026-05-09T15:00:00+09:00
0.021,0.52,0.92, 2026-05-09T15:00:00+09:00, 2026-05-09T15:30:00+09:00
0.035,0.87,0.92, 2026-05-09T15:30:00+09:00, 2026-05-09T16:00:00+09:00
0.027,0.67,0.92, 2026-05-09T16:00:00+09:00, 2026-05-09T16:30:00+09:00
0.045,1.12,0.92, 2026-05-09T16:30:00+09:00, 2026-05-09T17:00:00+09:00
0.108,2.7,0.92, 2026-05-09T17:00:00+09:00, 2026-05-09T17:30:00+09:00
0.067,1.67,0.92, 2026-05-09T17:30:00+09:00, 2026-05-09T18:00:00+09:00
0.087,2.17,0.92, 2026-05-09T18:00:00+09:00, 2026-05-09T18:30:00+09:00
0.045,1.12,0.92, 2026-05-09T18:30:00+09:00, 2026-05-09T19:00:00+09:00
0.036,0.9,0.92, 2026-05-09T19:00:00+09:00, 2026-05-09T19:30:00+09:00
0.042,1.05,0.92, 2026-05-09T19:30:00+09:00, 2026-05-09T20:00:00+09:00
0.045,1.12,0.92, 2026-05-09T20:00:00+09:00, 2026-05-09T20:30:00+09:00
0.232,5.8,0.92, 2026-05-09T20:30:00+09:00, 2026-05-09T21:00:00+09:00
0.309,7.72,0.92, 2026-05-09T21:00:00+09:00, 2026-05-09T21:30:00+09:00
0.118,2.95,0.92, 2026-05-09T21:30:00+09:00, 2026-05-09T22:00:00+09:00
0.047,1.17,0.92, 2026-05-09T22:00:00+09:00, 2026-05-09T22:30:00+09:00
0.027,0.67,0.92, 2026-05-09T22:30:00+09:00, 2026-05-09T23:00:00+09:00
0.05,1.25,0.92, 2026-05-09T23:00:00+09:00, 2026-05-09T23:30:00+09:00
0.027,0.67,0.92, 2026-05-09T23:30:00+09:00, 2026-05-10T00:00:00+09:00
0.048,1.2,0.92, 2026-05-10T00:00:00+09:00, 2026-05-10T00:30:00+09:00
1.285,32.1,0.92, 2026-05-10T00:30:00+09:00, 2026-05-10T01:00:00+09:00
1.494,37.32,0.92, 2026-05-10T01:00:00+09:00, 2026-05-10T01:30:00+09:00
0.244,6.1,0.92, 2026-05-10T01:30:00+09:00, 2026-05-10T02:00:00+09:00
0.073,1.82,0.92, 2026-05-10T02:00:00+09:00, 2026-05-10T02:30:00+09:00
0.042,1.05,0.92, 2026-05-10T02:30:00+09:00, 2026-05-10T03:00:00+09:00
0.155,3.87,0.92, 2026-05-10T03:00:00+09:00, 2026-05-10T03:30:00+09:00
0.326,8.14,0.92, 2026-05-10T03:30:00+09:00, 2026-05-10T04:00:00+09:00
0.036,0.9,0.92, 2026-05-10T04:00:00+09:00, 2026-05-10T04:30:00+09:00
0.059,1.47,0.92, 2026-05-10T04:30:00+09:00, 2026-05-10T05:00:00+09:00
0.044,1.1,0.92, 2026-05-10T05:00:00+09:00, 2026-05-10T05:30:00+09:00
0.108,2.7,0.92, 2026-05-10T05:30:00+09:00, 2026-05-10T06:00:00+09:00
0.06,1.5,0.92, 2026-05-10T06:00:00+09:00, 2026-05-10T06:30:00+09:00
0.042,1.05,0.92, 2026-05-10T06:30:00+09:00, 2026-05-10T07:00:00+09:00
0.059,1.47,0.92, 2026-05-10T07:00:00+09:00, 2026-05-10T07:30:00+09:00
0.037,0.92,0.92, 2026-05-10T07:30:00+09:00, 2026-05-10T08:00:00+09:00
0.052,1.3,0.92, 2026-05-10T08:00:00+09:00, 2026-05-10T08:30:00+09:00
0.036,0.9,0.92, 2026-05-10T08:30:00+09:00, 2026-05-10T09:00:00+09:00
0.124,3.1,0.92, 2026-05-10T09:00:00+09:00, 2026-05-10T09:30:00+09:00
0.29,7.24,0.92, 2026-05-10T09:30:00+09:00, 2026-05-10T10:00:00+09:00
0.225,5.62,0.92, 2026-05-10T10:00:00+09:00, 2026-05-10T10:30:00+09:00
0.036,0.9,0.92, 2026-05-10T10:30:00+09:00, 2026-05-10T11:00:00+09:00
0.016,0.4,0.92, 2026-05-10T11:00:00+09:00, 2026-05-10T11:30:00+09:00
0.037,0.92,0.92, 2026-05-10T11:30:00+09:00, 2026-05-10T12:00:00+09:00
0.017,0.42,0.92, 2026-05-10T12:00:00+09:00, 2026-05-10T12:30:00+09:00
0.036,0.9,0.92, 2026-05-10T12:30:00+09:00, 2026-05-10T13:00:00+09:00
0.02,0.5,0.92, 2026-05-10T13:00:00+09:00, 2026-05-10T13:30:00+09:00
0.032,0.8,0.92, 2026-05-10T13:30:00+09:00, 2026-05-10T14:00:00+09:00
0.025,0.62,0.92, 2026-05-10T14:00:00+09:00, 2026-05-10T14:30:00+09:00
0.027,0.67,0.92, 2026-05-10T14:30:00+09:00, 2026-05-10T15:00:00+09:00
0.029,0.72,0.92, 2026-05-10T15:00:00+09:00, 2026-05-10T15:30:00+09:00
0.024,0.6,0.92, 2026-05-10T15:30:00+09:00, 2026-05-10T16:00:00+09:00
0.044,1.1,0.92, 2026-05-10T16:00:00+09:00, 2026-05-10T16:30:00+09:00
0.024,0.6,0.92, 2026-05-10T16:30:00+09:00, 2026-05-10T17:00:00+09:00
0.048,1.2,0.92, 2026-05-10T17:00:00+09:00, 2026-05-10T17:30:00+09:00
0.031,0.77,0.92, 2026-05-10T17:30:00+09:00, 2026-05-10T18:00:00+09:00
0.045,1.12,0.92, 2026-05-10T18:00:00+09:00, 2026-05-10T18:30:00+09:00
0.047,1.17,0.92, 2026-05-10T18:30:00+09:00, 2026-05-10T19:00:00+09:00
0.055,1.37,0.92, 2026-05-10T19:00:00+09:00, 2026-05-10T19:30:00+09:00
0.064,1.6,0.92, 2026-05-10T19:30:00+09:00, 2026-05-10T20:00:00+09:00
0.179,4.47,0.92, 2026-05-10T20:00:00+09:00, 2026-05-10T20:30:00+09:00
0.308,7.69,0.92, 2026-05-10T20:30:00+09:00, 2026-05-10T21:00:00+09:00
0.158,3.95,0.92, 2026-05-10T21:00:00+09:00, 2026-05-10T21:30:00+09:00
0.038,0.95,0.92, 2026-05-10T21:30:00+09:00, 2026-05-10T22:00:00+09:00
0.037,0.92,0.92, 2026-05-10T22:00:00+09:00, 2026-05-10T22:30:00+09:00
0.036,0.9,0.92, 2026-05-10T22:30:00+09:00, 2026-05-10T23:00:00+09:00
0.041,1.02,0.92, 2026-05-10T23:00:00+09:00, 2026-05-10T23:30:00+09:00
0.027,0.67,0.92, 2026-05-10T23:30:00+09:00, 2026-05-11T00:00:00+09:00
0.339,8.47,0.92, 2026-05-11T00:00:00+09:00, 2026-05-11T00:30:00+09:00
0.025,0.62,0.92, 2026-05-11T00:30:00+09:00, 2026-05-11T01:00:00+09:00
0.043,1.07,0.92, 2026-05-11T01:00:00+09:00, 2026-05-11T01:30:00+09:00
0.029,0.72,0.92, 2026-05-11T01:30:00+09:00, 2026-05-11T02:00:00+09:00
0.038,0.95,0.92, 2026-05-11T02:00:00+09:00, 2026-05-11T02:30:00+09:00
0.035,0.87,0.92, 2026-05-11T02:30:00+09:00, 2026-05-11T03:00:00+09:00
0.033,0.82,0.92, 2026-05-11T03:00:00+09:00, 2026-05-11T03:30:00+09:00
0.039,0.97,0.92, 2026-05-11T03:30:00+09:00, 2026-05-11T04:00:00+09:00
0.027,0.67,0.92, 2026-05-11T04:00:00+09:00, 2026-05-11T04:30:00+09:00
0.044,1.1,0.92, 2026-05-11T04:30:00+09:00, 2026-05-11T05:00:00+09:00
1.429,35.7,0.92, 2026-05-11T05:00:00+09:00, 2026-05-11T05:30:00+09:00
1.66,41.47,0.92, 2026-05-11T05:30:00+09:00, 2026-05-11T06:00:00+09:00
0.031,0.77,0.92, 2026-05-11T06:00:00+09:00, 2026-05-11T06:30:00+09:00
0.055,1.37,0.92, 2026-05-11T06:30:00+09:00, 2026-05-11T07:00:00+09:00
0.031,0.77,0.92, 2026-05-11T07:00:00+09:00, 2026-05-11T07:30:00+09:00
0.065,1.62,0.92, 2026-05-11T07:30:00+09:00, 2026-05-11T08:00:00+09:00
0.032,0.8,0.92, 2026-05-11T08:00:00+09:00, 2026-05-11T08:30:00+09:00
0.074,1.85,0.92, 2026-05-11T08:30:00+09:00, 2026-05-11T09:00:00+09:00
0.275,6.87,0.92, 2026-05-11T09:00:00+09:00, 2026-05-11T09:30:00+09:00
0.28,6.99,0.92, 2026-05-11T09:30:00+09:00, 2026-05-11T10:00:00+09:00
0.022,0.55,0.92, 2026-05-11T10:00:00+09:00, 2026-05-11T10:30:00+09:00
0.03,0.75,0.92, 2026-05-11T10:30:00+09:00, 2026-05-11T11:00:00+09:00
0.027,0.67,0.92, 2026-05-11T11:00:00+09:00, 2026-05-11T11:30:00+09:00
0.026,0.65,0.92, 2026-05-11T11:30:00+09:00, 2026-05-11T12:00:00+09:00
0.029,0.72,0.92, 2026-05-11T12:00:00+09:00, 2026-05-11T12:30:00+09:00
0.023,0.57,0.92, 2026-05-11T12:30:00+09:00, 2026-05-11T13:00:00+09:00
0.033,0.82,0.92, 2026-05-11T13:00:00+09:00, 2026-05-11T13:30:00+09:00
0.019,0.47,0.92, 2026-05-11T13:30:00+09:00, 2026-05-11T14:00:00+09:00
0.035,0.87,0.92, 2026-05-11T14:00:00+09:00, 2026-05-11T14:30:00+09:00
0.017,0.42,0.92, 2026-05-11T14:30:00+09:00, 2026-05-11T15:00:00+09:00
0.036,0.9,0.92, 2026-05-11T15:00:00+09:00, 2026-05-11T15:30:00+09:00
0.017,0.42,0.92, 2026-05-11T15:30:00+09:00, 2026-05-11T16:00:00+09:00
0.044,1.1,0.92, 2026-05-11T16:00:00+09:00, 2026-05-11T16:30:00+09:00
0.026,0.65,0.92, 2026-05-11T16:30:00+09:00, 2026-05-11T17:00:00+09:00
0.051,1.27,0.92, 2026-05-11T17:00:00+09:00, 2026-05-11T17:30:00+09:00
0.037,0.92,0.92, 2026-05-11T17:30:00+09:00, 2026-05-11T18:00:00+09:00
0.053,1.32,0.92, 2026-05-11T18:00:00+09:00, 2026-05-11T18:30:00+09:00
0.032,0.8,0.92, 2026-05-11T18:30:00+09:00, 2026-05-11T19:00:00+09:00
0.05,1.25,0.92, 2026-05-11T19:00:00+09:00, 2026-05-11T19:30:00+09:00
0.19,4.75,0.92, 2026-05-11T19:30:00+09:00, 2026-05-11T20:00:00+09:00
0.297,7.42,0.92, 2026-05-11T20:00:00+09:00, 2026-05-11T20:30:00+09:00
0.155,3.87,0.92, 2026-05-11T20:30:00+09:00, 2026-05-11T21:00:00+09:00
0.034,0.85,0.92, 2026-05-11T21:00:00+09:00, 2026-05-11T21:30:00+09:00
0.038,0.95,0.92, 2026-05-11T21:30:00+09:00, 2026-05-11T22:00:00+09:00
0.038,0.95,0.92, 2026-05-11T22:00:00+09:00, 2026-05-11T22:30:00+09:00
0.039,0.97,0.92, 2026-05-11T22:30:00+09:00, 2026-05-11T23:00:00+09:00
0.038,0.95,0.92, 2026-05-11T23:00:00+09:00, 2026-05-11T23:30:00+09:00
0.046,1.15,0.92, 2026-05-11T23:30:00+09:00, 2026-05-12T00:00:00+09:00
0.031,0.77,0.92, 2026-05-12T00:00:00+09:00, 2026-05-12T00:30:00+09:00
0.039,0.97,0.92, 2026-05-12T00:30:00+09:00, 2026-05-12T01:00:00+09:00
0.041,1.02,0.92, 2026-05-12T01:00:00+09:00, 2026-05-12T01:30:00+09:00
0.029,0.72,0.92, 2026-05-12T01:30:00+09:00, 2026-05-12T02:00:00+09:00
0.045,1.12,0.92, 2026-05-12T02:00:00+09:00, 2026-05-12T02:30:00+09:00
0.129,3.22,0.92, 2026-05-12T02:30:00+09:00, 2026-05-12T03:00:00+09:00
0.056,1.4,0.92, 2026-05-12T03:00:00+09:00, 2026-05-12T03:30:00+09:00
0.057,1.42,0.92, 2026-05-12T03:30:00+09:00, 2026-05-12T04:00:00+09:00
0.044,1.1,0.92, 2026-05-12T04:00:00+09:00, 2026-05-12T04:30:00+09:00
0.061,1.52,0.92, 2026-05-12T04:30:00+09:00, 2026-05-12T05:00:00+09:00
0.044,1.1,0.92, 2026-05-12T05:00:00+09:00, 2026-05-12T05:30:00+09:00
0.399,9.97,0.92, 2026-05-12T05:30:00+09:00, 2026-05-12T06:00:00+09:00
1.171,29.25,0.92, 2026-05-12T06:00:00+09:00, 2026-05-12T06:30:00+09:00
1.505,37.6,0.92, 2026-05-12T06:30:00+09:00, 2026-05-12T07:00:00+09:00
0.45,11.24,0.92, 2026-05-12T07:00:00+09:00, 2026-05-12T07:30:00+09:00
0.056,1.4,0.92, 2026-05-12T07:30:00+09:00, 2026-05-12T08:00:00+09:00
0.043,1.07,0.92, 2026-05-12T08:00:00+09:00, 2026-05-12T08:30:00+09:00
0.17,4.25,0.92, 2026-05-12T08:30:00+09:00, 2026-05-12T09:00:00+09:00
0.281,7.02,0.92, 2026-05-12T09:00:00+09:00, 2026-05-12T09:30:00+09:00
0.258,6.45,0.92, 2026-05-12T09:30:00+09:00, 2026-05-12T10:00:00+09:00
0.023,0.57,0.92, 2026-05-12T10:00:00+09:00, 2026-05-12T10:30:00+09:00
0.03,0.75,0.92, 2026-05-12T10:30:00+09:00, 2026-05-12T11:00:00+09:00
0.031,0.77,0.92, 2026-05-12T11:00:00+09:00, 2026-05-12T11:30:00+09:00
0.022,0.55,0.92, 2026-05-12T11:30:00+09:00, 2026-05-12T12:00:00+09:00
0.037,0.92,0.92, 2026-05-12T12:00:00+09:00, 2026-05-12T12:30:00+09:00
0.016,0.4,0.92, 2026-05-12T12:30:00+09:00, 2026-05-12T13:00:00+09:00
0.038,0.95,0.92, 2026-05-12T13:00:00+09:00, 2026-05-12T13:30:00+09:00
0.016,0.4,0.92, 2026-05-12T13:30:00+09:00, 2026-05-12T14:00:00+09:00
0.035,0.87,0.92, 2026-05-12T14:00:00+09:00, 2026-05-12T14:30:00+09:00
0.02,0.5,0.92, 2026-05-12T14:30:00+09:00, 2026-05-12T15:00:00+09:00
0.031,0.77,0.92, 2026-05-12T15:00:00+09:00, 2026-05-12T15:30:00+09:00
0.026,0.65,0.92, 2026-05-12T15:30:00+09:00, 2026-05-12T16:00:00+09:00
0.034,0.85,0.92, 2026-05-12T16:00:00+09:00, 2026-05-12T16:30:00+09:00
0.038,0.95,0.92, 2026-05-12T16:30:00+09:00, 2026-05-12T17:00:00+09:00
0.03,0.75,0.92, 2026-05-12T17:00:00+09:00, 2026-05-12T17:30:00+09:00
0.041,1.02,0.92, 2026-05-12T17:30:00+09:00, 2026-05-12T18:00:00+09:00
0.026,0.65,0.92, 2026-05-12T18:00:00+09:00, 2026-05-12T18:30:00+09:00
0.044,1.1,0.92, 2026-05-12T18:30:00+09:00, 2026-05-12T19:00:00+09:00
0.024,0.6,0.92, 2026-05-12T19:00:00+09:00, 2026-05-12T19:30:00+09:00
0.043,1.07,0.92, 2026-05-12T19:30:00+09:00, 2026-05-12T20:00:00+09:00
0.024,0.6,0.92, 2026-05-12T20:00:00+09:00, 2026-05-12T20:30:00+09:00
0.147,3.67,0.92, 2026-05-12T20:30:00+09:00, 2026-05-12T21:00:00+09:00
0.068,1.7,0.92, 2026-05-12T21:00:00+09:00, 2026-05-12T21:30:00+09:00
0.09,2.25,0.92, 2026-05-12T21:30:00+09:00, 2026-05-12T22:00:00+09:00
0.064,1.6,0.92, 2026-05-12T22:00:00+09:00, 2026-05-12T22:30:00+09:00
0.042,1.05,0.92, 2026-05-12T22:30:00+09:00, 2026-05-12T23:00:00+09:00
0.048,1.2,0.92, 2026-05-12T23:00:00+09:00, 2026-05-12T23:30:00+09:00
0.025,0.62,0.92, 2026-05-12T23:30:00+09:00, 2026-05-13T00:00:00+09:00
0.045,1.12,0.92, 2026-05-13T00:00:00+09:00, 2026-05-13T00:30:00+09:00
0.025,0.62,0.92, 2026-05-13T00:30:00+09:00, 2026-05-13T01:00:00+09:00
0.043,1.07,0.92, 2026-05-13T01:00:00+09:00, 2026-05-13T01:30:00+09:00
0.026,0.65,0.92, 2026-05-13T01:30:00+09:00, 2026-05-13T02:00:00+09:00
0.042,1.05,0.92, 2026-05-13T02:00:00+09:00, 2026-05-13T02:30:00+09:00
0.028,0.7,0.92, 2026-05-13T02:30:00+09:00, 2026-05-13T03:00:00+09:00
0.04,1,0.92, 2026-05-13T03:00:00+09:00, 2026-05-13T03:30:00+09:00
0.239,5.97,0.92, 2026-05-13T03:30:00+09:00, 2026-05-13T04:00:00+09:00
0.055,1.37,0.92, 2026-05-13T04:00:00+09:00, 2026-05-13T04:30:00+09:00
0.062,1.55,0.92, 2026-05-13T04:30:00+09:00, 2026-05-13T05:00:00+09:00
0.033,0.82,0.92, 2026-05-13T05:00:00+09:00, 2026-05-13T05:30:00+09:00
0.103,2.57,0.92, 2026-05-13T05:30:00+09:00, 2026-05-13T06:00:00+09:00
0.66,16.49,0.92, 2026-05-13T06:00:00+09:00, 2026-05-13T06:30:00+09:00
1.532,38.27,0.92, 2026-05-13T06:30:00+09:00, 2026-05-13T07:00:00+09:00
0.922,23.03,0.92, 2026-05-13T07:00:00+09:00, 2026-05-13T07:30:00+09:00
0.054,1.35,0.92, 2026-05-13T07:30:00+09:00, 2026-05-13T08:00:00+09:00
0.048,1.2,0.92, 2026-05-13T08:00:00+09:00, 2026-05-13T08:30:00+09:00
0.05,1.25,0.92, 2026-05-13T08:30:00+09:00, 2026-05-13T09:00:00+09:00
0.297,7.42,0.92, 2026-05-13T09:00:00+09:00, 2026-05-13T09:30:00+09:00
0.275,6.87,0.92, 2026-05-13T09:30:00+09:00, 2026-05-13T10:00:00+09:00
0.036,0.9,0.92, 2026-05-13T10:00:00+09:00, 2026-05-13T10:30:00+09:00
0.016,0.4,0.92, 2026-05-13T10:30:00+09:00, 2026-05-13T11:00:00+09:00
0.038,0.95,0.92, 2026-05-13T11:00:00+09:00, 2026-05-13T11:30:00+09:00
0.017,0.42,0.92, 2026-05-13T11:30:00+09:00, 2026-05-13T12:00:00+09:00
0.037,0.92,0.92, 2026-05-13T12:00:00+09:00, 2026-05-13T12:30:00+09:00
0.016,0.4,0.92, 2026-05-13T12:30:00+09:00, 2026-05-13T13:00:00+09:00
0.036,0.9,0.92, 2026-05-13T13:00:00+09:00, 2026-05-13T13:30:00+09:00
0.016,0.4,0.92, 2026-05-13T13:30:00+09:00, 2026-05-13T14:00:00+09:00
0.037,0.92,0.92, 2026-05-13T14:00:00+09:00, 2026-05-13T14:30:00+09:00
0.016,0.4,0.92, 2026-05-13T14:30:00+09:00, 2026-05-13T15:00:00+09:00
0.036,0.9,0.92, 2026-05-13T15:00:00+09:00, 2026-05-13T15:30:00+09:00
0.022,0.55,0.92, 2026-05-13T15:30:00+09:00, 2026-05-13T16:00:00+09:00
0.042,1.05,0.92, 2026-05-13T16:00:00+09:00, 2026-05-13T16:30:00+09:00
0.03,0.75,0.92, 2026-05-13T16:30:00+09:00, 2026-05-13T17:00:00+09:00
0.046,1.15,0.92, 2026-05-13T17:00:00+09:00, 2026-05-13T17:30:00+09:00
0.036,0.9,0.92, 2026-05-13T17:30:00+09:00, 2026-05-13T18:00:00+09:00
0.047,1.17,0.92, 2026-05-13T18:00:00+09:00, 2026-05-13T18:30:00+09:00
0.052,1.3,0.92, 2026-05-13T18:30:00+09:00, 2026-05-13T19:00:00+09:00
0.041,1.02,0.92, 2026-05-13T19:00:00+09:00, 2026-05-13T19:30:00+09:00
0.038,0.95,0.92, 2026-05-13T19:30:00+09:00, 2026-05-13T20:00:00+09:00
0.03,0.75,0.92, 2026-05-13T20:00:00+09:00, 2026-05-13T20:30:00+09:00
0.039,0.97,0.92, 2026-05-13T20:30:00+09:00, 2026-05-13T21:00:00+09:00
0.029,0.72,0.92, 2026-05-13T21:00:00+09:00, 2026-05-13T21:30:00+09:00
0.041,1.02,0.92, 2026-05-13T21:30:00+09:00, 2026-05-13T22:00:00+09:00
0.027,0.67,0.92, 2026-05-13T22:00:00+09:00, 2026-05-13T22:30:00+09:00
0.042,1.05,0.92, 2026-05-13T22:30:00+09:00, 2026-05-13T23:00:00+09:00
0.026,0.65,0.92, 2026-05-13T23:00:00+09:00, 2026-05-13T23:30:00+09:00
0.043,1.07,0.92, 2026-05-13T23:30:00+09:00, 2026-05-14T00:00:00+09:00
0.025,0.62,0.92, 2026-05-14T00:00:00+09:00, 2026-05-14T00:30:00+09:00
0.043,1.07,0.92, 2026-05-14T00:30:00+09:00, 2026-05-14T01:00:00+09:00
0.025,0.62,0.92, 2026-05-14T01:00:00+09:00, 2026-05-14T01:30:00+09:00
0.044,1.1,0.92, 2026-05-14T01:30:00+09:00, 2026-05-14T02:00:00+09:00
0.024,0.6,0.92, 2026-05-14T02:00:00+09:00, 2026-05-14T02:30:00+09:00
0.044,1.1,0.92, 2026-05-14T02:30:00+09:00, 2026-05-14T03:00:00+09:00
0.024,0.6,0.92, 2026-05-14T03:00:00+09:00, 2026-05-14T03:30:00+09:00
0.043,1.07,0.92, 2026-05-14T03:30:00+09:00, 2026-05-14T04:00:00+09:00
0.025,0.62,0.92, 2026-05-14T04:00:00+09:00, 2026-05-14T04:30:00+09:00
0.642,16.04,0.92, 2026-05-14T04:30:00+09:00, 2026-05-14T05:00:00+09:00
1.495,37.35,0.92, 2026-05-14T05:00:00+09:00, 2026-05-14T05:30:00+09:00
0.986,24.63,0.92, 2026-05-14T05:30:00+09:00, 2026-05-14T06:00:00+09:00
0.047,1.17,0.92, 2026-05-14T06:00:00+09:00, 2026-05-14T06:30:00+09:00
0.122,3.05,0.92, 2026-05-14T06:30:00+09:00, 2026-05-14T07:00:00+09:00
0.032,0.8,0.92, 2026-05-14T07:00:00+09:00, 2026-05-14T07:30:00+09:00
0.062,1.55,0.92, 2026-05-14T07:30:00+09:00, 2026-05-14T08:00:00+09:00
0.043,1.07,0.92, 2026-05-14T08:00:00+09:00, 2026-05-14T08:30:00+09:00
0.036,0.9,0.92, 2026-05-14T08:30:00+09:00, 2026-05-14T09:00:00+09:00
0.284,7.09,0.92, 2026-05-14T09:00:00+09:00, 2026-05-14T09:30:00+09:00
0.292,7.29,0.92, 2026-05-14T09:30:00+09:00, 2026-05-14T10:00:00+09:00
0.092,2.3,0.92, 2026-05-14T10:00:00+09:00, 2026-05-14T10:30:00+09:00
0.016,0.4,0.92, 2026-05-14T10:30:00+09:00, 2026-05-14T11:00:00+09:00
0.036,0.9,0.92, 2026-05-14T11:00:00+09:00, 2026-05-14T11:30:00+09:00
0.019,0.47,0.92, 2026-05-14T11:30:00+09:00, 2026-05-14T12:00:00+09:00
0.033,0.82,0.92, 2026-05-14T12:00:00+09:00, 2026-05-14T12:30:00+09:00
0.021,0.52,0.92, 2026-05-14T12:30:00+09:00, 2026-05-14T13:00:00+09:00
0.031,0.77,0.92, 2026-05-14T13:00:00+09:00, 2026-05-14T13:30:00+09:00
0.022,0.55,0.92, 2026-05-14T13:30:00+09:00, 2026-05-14T14:00:00+09:00
0.031,0.77,0.92, 2026-05-14T14:00:00+09:00, 2026-05-14T14:30:00+09:00
0.022,0.55,0.92, 2026-05-14T14:30:00+09:00, 2026-05-14T15:00:00+09:00
0.029,0.72,0.92, 2026-05-14T15:00:00+09:00, 2026-05-14T15:30:00+09:00
0.024,0.6,0.92, 2026-05-14T15:30:00+09:00, 2026-05-14T16:00:00+09:00
0.037,0.92,0.92, 2026-05-14T16:00:00+09:00, 2026-05-14T16:30:00+09:00
0.032,0.8,0.92, 2026-05-14T16:30:00+09:00, 2026-05-14T17:00:00+09:00
0.043,1.07,0.92, 2026-05-14T17:00:00+09:00, 2026-05-14T17:30:00+09:00
0.035,0.87,0.92, 2026-05-14T17:30:00+09:00, 2026-05-14T18:00:00+09:00
0.037,0.92,0.92, 2026-05-14T18:00:00+09:00, 2026-05-14T18:30:00+09:00
0.052,1.3,0.92, 2026-05-14T18:30:00+09:00, 2026-05-14T19:00:00+09:00
0.045,1.12,0.92, 2026-05-14T19:00:00+09:00, 2026-05-14T19:30:00+09:00
0.033,0.82,0.92, 2026-05-14T19:30:00+09:00, 2026-05-14T20:00:00+09:00
0.035,0.87,0.92, 2026-05-14T20:00:00+09:00, 2026-05-14T20:30:00+09:00
0.034,0.85,0.92, 2026-05-14T20:30:00+09:00, 2026-05-14T21:00:00+09:00
0.034,0.85,0.92, 2026-05-14T21:00:00+09:00, 2026-05-14T21:30:00+09:00
0.035,0.87,0.92, 2026-05-14T21:30:00+09:00, 2026-05-14T22:00:00+09:00
0.033,0.82,0.92, 2026-05-14T22:00:00+09:00, 2026-05-14T22:30:00+09:00
0.035,0.87,0.92, 2026-05-14T22:30:00+09:00, 2026-05-14T23:00:00+09:00
0.033,0.82,0.92, 2026-05-14T23:00:00+09:00, 2026-05-14T23:30:00+09:00
0.036,0.9,0.92, 2026-05-14T23:30:00+09:00, 2026-05-15T00:00:00+09:00
0.032,0.8,0.92, 2026-05-15T00:00:00+09:00, 2026-05-15T00:30:00+09:00
0.036,0.9,0.92, 2026-05-15T00:30:00+09:00, 2026-05-15T01:00:00+09:00
0.033,0.82,0.92, 2026-05-15T01:00:00+09:00, 2026-05-15T01:30:00+09:00
0.035,0.87,0.92, 2026-05-15T01:30:00+09:00, 2026-05-15T02:00:00+09:00
0.033,0.82,0.92, 2026-05-15T02:00:00+09:00, 2026-05-15T02:30:00+09:00
0.035,0.87,0.92, 2026-05-15T02:30:00+09:00, 2026-05-15T03:00:00+09:00
0.033,0.82,0.92, 2026-05-15T03:00:00+09:00, 2026-05-15T03:30:00+09:00
0.034,0.85,0.92, 2026-05-15T03:30:00+09:00, 2026-05-15T04:00:00+09:00
0.034,0.85,0.92, 2026-05-15T04:00:00+09:00, 2026-05-15T04:30:00+09:00
0.033,0.82,0.92, 2026-05-15T04:30:00+09:00, 2026-05-15T05:00:00+09:00
0.036,0.9,0.92, 2026-05-15T05:00:00+09:00, 2026-05-15T05:30:00+09:00
1.023,25.56,0.92, 2026-05-15T05:30:00+09:00, 2026-05-15T06:00:00+09:00
0.042,1.05,0.92, 2026-05-15T06:00:00+09:00, 2026-05-15T06:30:00+09:00
0.045,1.12,0.92, 2026-05-15T06:30:00+09:00, 2026-05-15T07:00:00+09:00
0.046,1.15,0.92, 2026-05-15T07:00:00+09:00, 2026-05-15T07:30:00+09:00
0.053,1.32,0.92, 2026-05-15T07:30:00+09:00, 2026-05-15T08:00:00+09:00
0.032,0.8,0.92, 2026-05-15T08:00:00+09:00, 2026-05-15T08:30:00+09:00
0.212,5.3,0.92, 2026-05-15T08:30:00+09:00, 2026-05-15T09:00:00+09:00
0.287,7.17,0.92, 2026-05-15T09:00:00+09:00, 2026-05-15T09:30:00+09:00
0.159,3.97,0.92, 2026-05-15T09:30:00+09:00, 2026-05-15T10:00:00+09:00
0.016,0.4,0.92, 2026-05-15T10:00:00+09:00, 2026-05-15T10:30:00+09:00
0.036,0.9,0.92, 2026-05-15T10:30:00+09:00, 2026-05-15T11:00:00+09:00
0.017,0.42,0.92, 2026-05-15T11:00:00+09:00, 2026-05-15T11:30:00+09:00
0.036,0.9,0.92, 2026-05-15T11:30:00+09:00, 2026-05-15T12:00:00+09:00
0.018,0.45,0.92, 2026-05-15T12:00:00+09:00, 2026-05-15T12:30:00+09:00
0.035,0.87,0.92, 2026-05-15T12:30:00+09:00, 2026-05-15T13:00:00+09:00
0.019,0.47,0.92, 2026-05-15T13:00:00+09:00, 2026-05-15T13:30:00+09:00
0.033,0.82,0.92, 2026-05-15T13:30:00+09:00, 2026-05-15T14:00:00+09:00
0.02,0.5,0.92, 2026-05-15T14:00:00+09:00, 2026-05-15T14:30:00+09:00
0.032,0.8,0.92, 2026-05-15T14:30:00+09:00, 2026-05-15T15:00:00+09:00
0.02,0.5,0.92, 2026-05-15T15:00:00+09:00, 2026-05-15T15:30:00+09:00
0.036,0.9,0.92, 2026-05-15T15:30:00+09:00, 2026-05-15T16:00:00+09:00
0.025,0.62,0.92, 2026-05-15T16:00:00+09:00, 2026-05-15T16:30:00+09:00
0.043,1.07,0.92, 2026-05-15T16:30:00+09:00, 2026-05-15T17:00:00+09:00
0.027,0.67,0.92, 2026-05-15T17:00:00+09:00, 2026-05-15T17:30:00+09:00
0.107,2.67,0.92, 2026-05-15T17:30:00+09:00, 2026-05-15T18:00:00+09:00
0.309,7.72,0.92, 2026-05-15T18:00:00+09:00, 2026-05-15T18:30:00+09:00
0.275,6.87,0.92, 2026-05-15T18:30:00+09:00, 2026-05-15T19:00:00+09:00
0.025,0.62,0.92, 2026-05-15T19:00:00+09:00, 2026-05-15T19:30:00+09:00
0.047,1.17,0.92, 2026-05-15T19:30:00+09:00, 2026-05-15T20:00:00+09:00
0.028,0.7,0.92, 2026-05-15T20:00:00+09:00, 2026-05-15T20:30:00+09:00
0.064,1.6,0.92, 2026-05-15T20:30:00+09:00, 2026-05-15T21:00:00+09:00
0.037,0.92,0.92, 2026-05-15T21:00:00+09:00, 2026-05-15T21:30:00+09:00
0.256,6.4,0.92, 2026-05-15T21:30:00+09:00, 2026-05-15T22:00:00+09:00
0.299,7.47,0.92, 2026-05-15T22:00:00+09:00, 2026-05-15T22:30:00+09:00
0.107,2.67,0.92, 2026-05-15T22:30:00+09:00, 2026-05-15T23:00:00+09:00
0.036,0.9,0.92, 2026-05-15T23:00:00+09:00, 2026-05-15T23:30:00+09:00
0.035,0.87,0.92, 2026-05-15T23:30:00+09:00, 2026-05-16T00:00:00+09:00
0.041,1.02,0.92, 2026-05-16T00:00:00+09:00, 2026-05-16T00:30:00+09:00
0.028,0.7,0.92, 2026-05-16T00:30:00+09:00, 2026-05-16T01:00:00+09:00
0.044,1.1,0.92, 2026-05-16T01:00:00+09:00, 2026-05-16T01:30:00+09:00
0.024,0.6,0.92, 2026-05-16T01:30:00+09:00, 2026-05-16T02:00:00+09:00
0.047,1.17,0.92, 2026-05-16T02:00:00+09:00, 2026-05-16T02:30:00+09:00
0.024,0.6,0.92, 2026-05-16T02:30:00+09:00, 2026-05-16T03:00:00+09:00
0.045,1.12,0.92, 2026-05-16T03:00:00+09:00, 2026-05-16T03:30:00+09:00
0.024,0.6,0.92, 2026-05-16T03:30:00+09:00, 2026-05-16T04:00:00+09:00
0.045,1.12,0.92, 2026-05-16T04:00:00+09:00, 2026-05-16T04:30:00+09:00
0.024,0.6,0.92, 2026-05-16T04:30:00+09:00, 2026-05-16T05:00:00+09:00
0.045,1.12,0.92, 2026-05-16T05:00:00+09:00, 2026-05-16T05:30:00+09:00
0.088,2.2,0.92, 2026-05-16T05:30:00+09:00, 2026-05-16T06:00:00+09:00
1.171,29.25,0.92, 2026-05-16T06:00:00+09:00, 2026-05-16T06:30:00+09:00
1.475,36.85,0.92, 2026-05-16T06:30:00+09:00, 2026-05-16T07:00:00+09:00
0.425,10.62,0.92, 2026-05-16T07:00:00+09:00, 2026-05-16T07:30:00+09:00
0.048,1.2,0.92, 2026-05-16T07:30:00+09:00, 2026-05-16T08:00:00+09:00
0.186,4.65,0.92, 2026-05-16T08:00:00+09:00, 2026-05-16T08:30:00+09:00
0.068,1.7,0.92, 2026-05-16T08:30:00+09:00, 2026-05-16T09:00:00+09:00
0.302,7.54,0.92, 2026-05-16T09:00:00+09:00, 2026-05-16T09:30:00+09:00
0.268,6.7,0.92, 2026-05-16T09:30:00+09:00, 2026-05-16T10:00:00+09:00
0.037,0.92,0.92, 2026-05-16T10:00:00+09:00, 2026-05-16T10:30:00+09:00
0.016,0.4,0.92, 2026-05-16T10:30:00+09:00, 2026-05-16T11:00:00+09:00
0.038,0.95,0.92, 2026-05-16T11:00:00+09:00, 2026-05-16T11:30:00+09:00
0.018,0.45,0.92, 2026-05-16T11:30:00+09:00, 2026-05-16T12:00:00+09:00
0.035,0.87,0.92, 2026-05-16T12:00:00+09:00, 2026-05-16T12:30:00+09:00
0.021,0.52,0.92, 2026-05-16T12:30:00+09:00, 2026-05-16T13:00:00+09:00
0.033,0.82,0.92, 2026-05-16T13:00:00+09:00, 2026-05-16T13:30:00+09:00
0.021,0.52,0.92, 2026-05-16T13:30:00+09:00, 2026-05-16T14:00:00+09:00
0.032,0.8,0.92, 2026-05-16T14:00:00+09:00, 2026-05-16T14:30:00+09:00
0.024,0.6,0.92, 2026-05-16T14:30:00+09:00, 2026-05-16T15:00:00+09:00
0.03,0.75,0.92, 2026-05-16T15:00:00+09:00, 2026-05-16T15:30:00+09:00
0.029,0.72,0.92, 2026-05-16T15:30:00+09:00, 2026-05-16T16:00:00+09:00
0.042,1.05,0.92, 2026-05-16T16:00:00+09:00, 2026-05-16T16:30:00+09:00
0.038,0.95,0.92, 2026-05-16T16:30:00+09:00, 2026-05-16T17:00:00+09:00
0.065,1.62,0.92, 2026-05-16T17:00:00+09:00, 2026-05-16T17:30:00+09:00
0.037,0.92,0.92, 2026-05-16T17:30:00+09:00, 2026-05-16T18:00:00+09:00
0.049,1.22,0.92, 2026-05-16T18:00:00+09:00, 2026-05-16T18:30:00+09:00
0.039,0.97,0.92, 2026-05-16T18:30:00+09:00, 2026-05-16T19:00:00+09:00
0.236,5.9,0.92, 2026-05-16T19:00:00+09:00, 2026-05-16T19:30:00+09:00
0.298,7.44,0.92, 2026-05-16T19:30:00+09:00, 2026-05-16T20:00:00+09:00
0.108,2.7,0.92, 2026-05-16T20:00:00+09:00, 2026-05-16T20:30:00+09:00
0.031,0.77,0.92, 2026-05-16T20:30:00+09:00, 2026-05-16T21:00:00+09:00
0.039,0.97,0.92, 2026-05-16T21:00:00+09:00, 2026-05-16T21:30:00+09:00
0.03,0.75,0.92, 2026-05-16T21:30:00+09:00, 2026-05-16T22:00:00+09:00
0.044,1.1,0.92, 2026-05-16T22:00:00+09:00, 2026-05-16T22:30:00+09:00
0.026,0.65,0.92, 2026-05-16T22:30:00+09:00, 2026-05-16T23:00:00+09:00
0.049,1.22,0.92, 2026-05-16T23:00:00+09:00, 2026-05-16T23:30:00+09:00
0.033,0.82,0.92, 2026-05-16T23:30:00+09:00, 2026-05-17T00:00:00+09:00
0.042,1.05,0.92, 2026-05-17T00:00:00+09:00, 2026-05-17T00:30:00+09:00
0.04,1,0.92, 2026-05-17T00:30:00+09:00, 2026-05-17T01:00:00+09:00
0.039,0.97,0.92, 2026-05-17T01:00:00+09:00, 2026-05-17T01:30:00+09:00
0.449,11.22,0.92, 2026-05-17T01:30:00+09:00, 2026-05-17T02:00:00+09:00
0.05,1.25,0.92, 2026-05-17T02:00:00+09:00, 2026-05-17T02:30:00+09:00
0.051,1.27,0.92, 2026-05-17T02:30:00+09:00, 2026-05-17T03:00:00+09:00
0.032,0.8,0.92, 2026-05-17T03:00:00+09:00, 2026-05-17T03:30:00+09:00
0.04,1,0.92, 2026-05-17T03:30:00+09:00, 2026-05-17T04:00:00+09:00
0.038,0.95,0.92, 2026-05-17T04:00:00+09:00, 2026-05-17T04:30:00+09:00
0.033,0.82,0.92, 2026-05-17T04:30:00+09:00, 2026-05-17T05:00:00+09:00
0.044,1.1,0.92, 2026-05-17T05:00:00+09:00, 2026-05-17T05:30:00+09:00
1.037,25.91,0.92, 2026-05-17T05:30:00+09:00, 2026-05-17T06:00:00+09:00
0.128,3.2,0.92, 2026-05-17T06:00:00+09:00, 2026-05-17T06:30:00+09:00
0.042,1.05,0.92, 2026-05-17T06:30:00+09:00, 2026-05-17T07:00:00+09:00
0.079,1.97,0.92, 2026-05-17T07:00:00+09:00, 2026-05-17T07:30:00+09:00
0.022,0.55,0.92, 2026-05-17T07:30:00+09:00, 2026-05-17T08:00:00+09:00
0.039,0.97,0.92, 2026-05-17T08:00:00+09:00, 2026-05-17T08:30:00+09:00
0.038,0.95,0.92, 2026-05-17T08:30:00+09:00, 2026-05-17T09:00:00+09:00
0.062,1.55,0.92, 2026-05-17T09:00:00+09:00, 2026-05-17T09:30:00+09:00
0.039,0.97,0.92, 2026-05-17T09:30:00+09:00, 2026-05-17T10:00:00+09:00
0.032,0.8,0.92, 2026-05-17T10:00:00+09:00, 2026-05-17T10:30:00+09:00
0.032,0.8,0.92, 2026-05-17T10:30:00+09:00, 2026-05-17T11:00:00+09:00
0.03,0.75,0.92, 2026-05-17T11:00:00+09:00, 2026-05-17T11:30:00+09:00
0.035,0.87,0.92, 2026-05-17T11:30:00+09:00, 2026-05-17T12:00:00+09:00
0.023,0.57,0.92, 2026-05-17T12:00:00+09:00, 2026-05-17T12:30:00+09:00
0.035,0.87,0.92, 2026-05-17T12:30:00+09:00, 2026-05-17T13:00:00+09:00
0.018,0.45,0.92, 2026-05-17T13:00:00+09:00, 2026-05-17T13:30:00+09:00
0.036,0.9,0.92, 2026-05-17T13:30:00+09:00, 2026-05-17T14:00:00+09:00
0.016,0.4,0.92, 2026-05-17T14:00:00+09:00, 2026-05-17T14:30:00+09:00
0.037,0.92,0.92, 2026-05-17T14:30:00+09:00, 2026-05-17T15:00:00+09:00
0.016,0.4,0.92, 2026-05-17T15:00:00+09:00, 2026-05-17T15:30:00+09:00
0.039,0.97,0.92, 2026-05-17T15:30:00+09:00, 2026-05-17T16:00:00+09:00
0.024,0.6,0.92, 2026-05-17T16:00:00+09:00, 2026-05-17T16:30:00+09:00
0.052,1.3,0.92, 2026-05-17T16:30:00+09:00, 2026-05-17T17:00:00+09:00
0.121,3.02,0.92, 2026-05-17T17:00:00+09:00, 2026-05-17T17:30:00+09:00
0.103,2.57,0.92, 2026-05-17T17:30:00+09:00, 2026-05-17T18:00:00+09:00
0.026,0.65,0.92, 2026-05-17T18:00:00+09:00, 2026-05-17T18:30:00+09:00
0.058,1.45,0.92, 2026-05-17T18:30:00+09:00, 2026-05-17T19:00:00+09:00
0.044,1.1,0.92, 2026-05-17T19:00:00+09:00, 2026-05-17T19:30:00+09:00
0.052,1.3,0.92, 2026-05-17T19:30:00+09:00, 2026-05-17T20:00:00+09:00
0.045,1.12,0.92, 2026-05-17T20:00:00+09:00, 2026-05-17T20:30:00+09:00
0.303,7.57,0.92, 2026-05-17T20:30:00+09:00, 2026-05-17T21:00:00+09:00
0.273,6.82,0.92, 2026-05-17T21:00:00+09:00, 2026-05-17T21:30:00+09:00
0.045,1.12,0.92, 2026-05-17T21:30:00+09:00, 2026-05-17T22:00:00+09:00
0.024,0.6,0.92, 2026-05-17T22:00:00+09:00, 2026-05-17T22:30:00+09:00
0.045,1.12,0.92, 2026-05-17T22:30:00+09:00, 2026-05-17T23:00:00+09:00
0.027,0.67,0.92, 2026-05-17T23:00:00+09:00, 2026-05-17T23:30:00+09:00
0.043,1.07,0.92, 2026-05-17T23:30:00+09:00, 2026-05-18T00:00:00+09:00
0.834,20.83,0.92, 2026-05-18T00:00:00+09:00, 2026-05-18T00:30:00+09:00
1.468,36.67,0.92, 2026-05-18T00:30:00+09:00, 2026-05-18T01:00:00+09:00
0.688,17.19,0.92, 2026-05-18T01:00:00+09:00, 2026-05-18T01:30:00+09:00
0.7,17.49,0.92, 2026-05-18T01:30:00+09:00, 2026-05-18T02:00:00+09:00
1.056,26.38,0.92, 2026-05-18T02:00:00+09:00, 2026-05-18T02:30:00+09:00
0.042,1.05,0.92, 2026-05-18T02:30:00+09:00, 2026-05-18T03:00:00+09:00
0.056,1.4,0.92, 2026-05-18T03:00:00+09:00, 2026-05-18T03:30:00+09:00
0.049,1.22,0.92, 2026-05-18T03:30:00+09:00, 2026-05-18T04:00:00+09:00
0.06,1.5,0.92, 2026-05-18T04:00:00+09:00, 2026-05-18T04:30:00+09:00
0.036,0.9,0.92, 2026-05-18T04:30:00+09:00, 2026-05-18T05:00:00+09:00
0.052,1.3,0.92, 2026-05-18T05:00:00+09:00, 2026-05-18T05:30:00+09:00
0.085,2.12,0.92, 2026-05-18T05:30:00+09:00, 2026-05-18T06:00:00+09:00
0.05,1.25,0.92, 2026-05-18T06:00:00+09:00, 2026-05-18T06:30:00+09:00
0.035,0.87,0.92, 2026-05-18T06:30:00+09:00, 2026-05-18T07:00:00+09:00
0.051,1.27,0.92, 2026-05-18T07:00:00+09:00, 2026-05-18T07:30:00+09:00
0.039,0.97,0.92, 2026-05-18T07:30:00+09:00, 2026-05-18T08:00:00+09:00
0.13,3.25,0.92, 2026-05-18T08:00:00+09:00, 2026-05-18T08:30:00+09:00
0.037,0.92,0.92, 2026-05-18T08:30:00+09:00, 2026-05-18T09:00:00+09:00
0.026,0.65,0.92, 2026-05-18T09:00:00+09:00, 2026-05-18T09:30:00+09:00
0.03,0.75,0.92, 2026-05-18T09:30:00+09:00, 2026-05-18T10:00:00+09:00
0.022,0.55,0.92, 2026-05-18T10:00:00+09:00, 2026-05-18T10:30:00+09:00
0.032,0.8,0.92, 2026-05-18T10:30:00+09:00, 2026-05-18T11:00:00+09:00
0.02,0.5,0.92, 2026-05-18T11:00:00+09:00, 2026-05-18T11:30:00+09:00
0.034,0.85,0.92, 2026-05-18T11:30:00+09:00, 2026-05-18T12:00:00+09:00
0.019,0.47,0.92, 2026-05-18T12:00:00+09:00, 2026-05-18T12:30:00+09:00
0.034,0.85,0.92, 2026-05-18T12:30:00+09:00, 2026-05-18T13:00:00+09:00
0.018,0.45,0.92, 2026-05-18T13:00:00+09:00, 2026-05-18T13:30:00+09:00
0.033,0.82,0.92, 2026-05-18T13:30:00+09:00, 2026-05-18T14:00:00+09:00
0.02,0.5,0.92, 2026-05-18T14:00:00+09:00, 2026-05-18T14:30:00+09:00
0.034,0.85,0.92, 2026-05-18T14:30:00+09:00, 2026-05-18T15:00:00+09:00
0.017,0.42,0.92, 2026-05-18T15:00:00+09:00, 2026-05-18T15:30:00+09:00
0.035,0.87,0.92, 2026-05-18T15:30:00+09:00, 2026-05-18T16:00:00+09:00
0.026,0.65,0.92, 2026-05-18T16:00:00+09:00, 2026-05-18T16:30:00+09:00
0.041,1.02,0.92, 2026-05-18T16:30:00+09:00, 2026-05-18T17:00:00+09:00
0.028,0.7,0.92, 2026-05-18T17:00:00+09:00, 2026-05-18T17:30:00+09:00
0.043,1.07,0.92, 2026-05-18T17:30:00+09:00, 2026-05-18T18:00:00+09:00
0.041,1.02,0.92, 2026-05-18T18:00:00+09:00, 2026-05-18T18:30:00+09:00
0.038,0.95,0.92, 2026-05-18T18:30:00+09:00, 2026-05-18T19:00:00+09:00
0.035,0.87,0.92, 2026-05-18T19:00:00+09:00, 2026-05-18T19:30:00+09:00
0.032,0.8,0.92, 2026-05-18T19:30:00+09:00, 2026-05-18T20:00:00+09:00
0.038,0.95,0.92, 2026-05-18T20:00:00+09:00, 2026-05-18T20:30:00+09:00
0.163,4.07,0.92, 2026-05-18T20:30:00+09:00, 2026-05-18T21:00:00+09:00
0.294,7.34,0.92, 2026-05-18T21:00:00+09:00, 2026-05-18T21:30:00+09:00
0.197,4.92,0.92, 2026-05-18T21:30:00+09:00, 2026-05-18T22:00:00+09:00
0.029,0.72,0.92, 2026-05-18T22:00:00+09:00, 2026-05-18T22:30:00+09:00
0.04,1,0.92, 2026-05-18T22:30:00+09:00, 2026-05-18T23:00:00+09:00
0.032,0.8,0.92, 2026-05-18T23:00:00+09:00, 2026-05-18T23:30:00+09:00
0.047,1.17,0.92, 2026-05-18T23:30:00+09:00, 2026-05-19T00:00:00+09:00
0.03,0.75,0.92, 2026-05-19T00:00:00+09:00, 2026-05-19T00:30:00+09:00
0.044,1.1,0.92, 2026-05-19T00:30:00+09:00, 2026-05-19T01:00:00+09:00
0.033,0.82,0.92, 2026-05-19T01:00:00+09:00, 2026-05-19T01:30:00+09:00
0.049,1.22,0.92, 2026-05-19T01:30:00+09:00, 2026-05-19T02:00:00+09:00
0.023,0.57,0.92, 2026-05-19T02:00:00+09:00, 2026-05-19T02:30:00+09:00
0.044,1.1,0.92, 2026-05-19T02:30:00+09:00, 2026-05-19T03:00:00+09:00
0.024,0.6,0.92, 2026-05-19T03:00:00+09:00, 2026-05-19T03:30:00+09:00
0.044,1.1,0.92, 2026-05-19T03:30:00+09:00, 2026-05-19T04:00:00+09:00
0.023,0.57,0.92, 2026-05-19T04:00:00+09:00, 2026-05-19T04:30:00+09:00
0.045,1.12,0.92, 2026-05-19T04:30:00+09:00, 2026-05-19T05:00:00+09:00
0.024,0.6,0.92, 2026-05-19T05:00:00+09:00, 2026-05-19T05:30:00+09:00
0.839,20.96,0.92, 2026-05-19T05:30:00+09:00, 2026-05-19T06:00:00+09:00
0.046,1.15,0.92, 2026-05-19T06:00:00+09:00, 2026-05-19T06:30:00+09:00
0.08,2,0.92, 2026-05-19T06:30:00+09:00, 2026-05-19T07:00:00+09:00
0.052,1.3,0.92, 2026-05-19T07:00:00+09:00, 2026-05-19T07:30:00+09:00
0.058,1.45,0.92, 2026-05-19T07:30:00+09:00, 2026-05-19T08:00:00+09:00
0.03,0.75,0.92, 2026-05-19T08:00:00+09:00, 2026-05-19T08:30:00+09:00
0.178,4.45,0.92, 2026-05-19T08:30:00+09:00, 2026-05-19T09:00:00+09:00
0.292,7.29,0.92, 2026-05-19T09:00:00+09:00, 2026-05-19T09:30:00+09:00
0.189,4.72,0.92, 2026-05-19T09:30:00+09:00, 2026-05-19T10:00:00+09:00
0.023,0.57,0.92, 2026-05-19T10:00:00+09:00, 2026-05-19T10:30:00+09:00
0.031,0.77,0.92, 2026-05-19T10:30:00+09:00, 2026-05-19T11:00:00+09:00
0.025,0.62,0.92, 2026-05-19T11:00:00+09:00, 2026-05-19T11:30:00+09:00
0.029,0.72,0.92, 2026-05-19T11:30:00+09:00, 2026-05-19T12:00:00+09:00
0.026,0.65,0.92, 2026-05-19T12:00:00+09:00, 2026-05-19T12:30:00+09:00
0.028,0.7,0.92, 2026-05-19T12:30:00+09:00, 2026-05-19T13:00:00+09:00
0.026,0.65,0.92, 2026-05-19T13:00:00+09:00, 2026-05-19T13:30:00+09:00
0.031,0.77,0.92, 2026-05-19T13:30:00+09:00, 2026-05-19T14:00:00+09:00
0.022,0.55,0.92, 2026-05-19T14:00:00+09:00, 2026-05-19T14:30:00+09:00
0.031,0.77,0.92, 2026-05-19T14:30:00+09:00, 2026-05-19T15:00:00+09:00
0.022,0.55,0.92, 2026-05-19T15:00:00+09:00, 2026-05-19T15:30:00+09:00
0.033,0.82,0.92, 2026-05-19T15:30:00+09:00, 2026-05-19T16:00:00+09:00
0.029,0.72,0.92, 2026-05-19T16:00:00+09:00, 2026-05-19T16:30:00+09:00
0.042,1.05,0.92, 2026-05-19T16:30:00+09:00, 2026-05-19T17:00:00+09:00
0.028,0.7,0.92, 2026-05-19T17:00:00+09:00, 2026-05-19T17:30:00+09:00
0.045,1.12,0.92, 2026-05-19T17:30:00+09:00, 2026-05-19T18:00:00+09:00
0.03,0.75,0.92, 2026-05-19T18:00:00+09:00, 2026-05-19T18:30:00+09:00
0.05,1.25,0.92, 2026-05-19T18:30:00+09:00, 2026-05-19T19:00:00+09:00
0.024,0.6,0.92, 2026-05-19T19:00:00+09:00, 2026-05-19T19:30:00+09:00
0.046,1.15,0.92, 2026-05-19T19:30:00+09:00, 2026-05-19T20:00:00+09:00
0.036,0.9,0.92, 2026-05-19T20:00:00+09:00, 2026-05-19T20:30:00+09:00
0.072,1.8,0.92, 2026-05-19T20:30:00+09:00, 2026-05-19T21:00:00+09:00
0.029,0.72,0.92, 2026-05-19T21:00:00+09:00, 2026-05-19T21:30:00+09:00
0.046,1.15,0.92, 2026-05-19T21:30:00+09:00, 2026-05-19T22:00:00+09:00
0.025,0.62,0.92, 2026-05-19T22:00:00+09:00, 2026-05-19T22:30:00+09:00
0.046,1.15,0.92, 2026-05-19T22:30:00+09:00, 2026-05-19T23:00:00+09:00
0.026,0.65,0.92, 2026-05-19T23:00:00+09:00, 2026-05-19T23:30:00+09:00
0.046,1.15,0.92, 2026-05-19T23:30:00+09:00, 2026-05-20T00:00:00+09:00
0.023,0.57,0.92, 2026-05-20T00:00:00+09:00, 2026-05-20T00:30:00+09:00
0.045,1.12,0.92, 2026-05-20T00:30:00+09:00, 2026-05-20T01:00:00+09:00
0.176,4.4,0.92, 2026-05-20T01:00:00+09:00, 2026-05-20T01:30:00+09:00
0.241,6.02,0.92, 2026-05-20T01:30:00+09:00, 2026-05-20T02:00:00+09:00
0.067,1.67,0.92, 2026-05-20T02:00:00+09:00, 2026-05-20T02:30:00+09:00
0.053,1.32,0.92, 2026-05-20T02:30:00+09:00, 2026-05-20T03:00:00+09:00
0.057,1.42,0.92, 2026-05-20T03:00:00+09:00, 2026-05-20T03:30:00+09:00
0.046,1.15,0.92, 2026-05-20T03:30:00+09:00, 2026-05-20T04:00:00+09:00
0.05,1.25,0.92, 2026-05-20T04:00:00+09:00, 2026-05-20T04:30:00+09:00
0.036,0.9,0.92, 2026-05-20T04:30:00+09:00, 2026-05-20T05:00:00+09:00
0.05,1.25,0.92, 2026-05-20T05:00:00+09:00, 2026-05-20T05:30:00+09:00
0.112,2.8,0.92, 2026-05-20T05:30:00+09:00, 2026-05-20T06:00:00+09:00
1.532,38.27,0.92, 2026-05-20T06:00:00+09:00, 2026-05-20T06:30:00+09:00
1.461,36.5,0.92, 2026-05-20T06:30:00+09:00, 2026-05-20T07:00:00+09:00
0.057,1.42,0.92, 2026-05-20T07:00:00+09:00, 2026-05-20T07:30:00+09:00
0.041,1.02,0.92, 2026-05-20T07:30:00+09:00, 2026-05-20T08:00:00+09:00
0.08,2,0.92, 2026-05-20T08:00:00+09:00, 2026-05-20T08:30:00+09:00
0.059,1.47,0.92, 2026-05-20T08:30:00+09:00, 2026-05-20T09:00:00+09:00
0.041,1.02,0.92, 2026-05-20T09:00:00+09:00, 2026-05-20T09:30:00+09:00
0.29,7.24,0.92, 2026-05-20T09:30:00+09:00, 2026-05-20T10:00:00+09:00
0.279,6.97,0.92, 2026-05-20T10:00:00+09:00, 2026-05-20T10:30:00+09:00
0.038,0.95,0.92, 2026-05-20T10:30:00+09:00, 2026-05-20T11:00:00+09:00
0.019,0.47,0.92, 2026-05-20T11:00:00+09:00, 2026-05-20T11:30:00+09:00
0.037,0.92,0.92, 2026-05-20T11:30:00+09:00, 2026-05-20T12:00:00+09:00
0.016,0.4,0.92, 2026-05-20T12:00:00+09:00, 2026-05-20T12:30:00+09:00
0.038,0.95,0.92, 2026-05-20T12:30:00+09:00, 2026-05-20T13:00:00+09:00
0.016,0.4,0.92, 2026-05-20T13:00:00+09:00, 2026-05-20T13:30:00+09:00
0.037,0.92,0.92, 2026-05-20T13:30:00+09:00, 2026-05-20T14:00:00+09:00
0.016,0.4,0.92, 2026-05-20T14:00:00+09:00, 2026-05-20T14:30:00+09:00
0.037,0.92,0.92, 2026-05-20T14:30:00+09:00, 2026-05-20T15:00:00+09:00
0.017,0.42,0.92, 2026-05-20T15:00:00+09:00, 2026-05-20T15:30:00+09:00
0.038,0.95,0.92, 2026-05-20T15:30:00+09:00, 2026-05-20T16:00:00+09:00
0.025,0.62,0.92, 2026-05-20T16:00:00+09:00, 2026-05-20T16:30:00+09:00
0.05,1.25,0.92, 2026-05-20T16:30:00+09:00, 2026-05-20T17:00:00+09:00
0.028,0.7,0.92, 2026-05-20T17:00:00+09:00, 2026-05-20T17:30:00+09:00
0.065,1.62,0.92, 2026-05-20T17:30:00+09:00, 2026-05-20T18:00:00+09:00
0.031,0.77,0.92, 2026-05-20T18:00:00+09:00, 2026-05-20T18:30:00+09:00
0.053,1.32,0.92, 2026-05-20T18:30:00+09:00, 2026-05-20T19:00:00+09:00
0.033,0.82,0.92, 2026-05-20T19:00:00+09:00, 2026-05-20T19:30:00+09:00
0.035,0.87,0.92, 2026-05-20T19:30:00+09:00, 2026-05-20T20:00:00+09:00
0.041,1.02,0.92, 2026-05-20T20:00:00+09:00, 2026-05-20T20:30:00+09:00
0.031,0.77,0.92, 2026-05-20T20:30:00+09:00, 2026-05-20T21:00:00+09:00
0.045,1.12,0.92, 2026-05-20T21:00:00+09:00, 2026-05-20T21:30:00+09:00
0.026,0.65,0.92, 2026-05-20T21:30:00+09:00, 2026-05-20T22:00:00+09:00
0.047,1.17,0.92, 2026-05-20T22:00:00+09:00, 2026-05-20T22:30:00+09:00
0.025,0.62,0.92, 2026-05-20T22:30:00+09:00, 2026-05-20T23:00:00+09:00
0.046,1.15,0.92, 2026-05-20T23:00:00+09:00, 2026-05-20T23:30:00+09:00
0.026,0.65,0.92, 2026-05-20T23:30:00+09:00, 2026-05-21T00:00:00+09:00
0.046,1.15,0.92, 2026-05-21T00:00:00+09:00, 2026-05-21T00:30:00+09:00
0.025,0.62,0.92, 2026-05-21T00:30:00+09:00, 2026-05-21T01:00:00+09:00
0.047,1.17,0.92, 2026-05-21T01:00:00+09:00, 2026-05-21T01:30:00+09:00
0.025,0.62,0.92, 2026-05-21T01:30:00+09:00, 2026-05-21T02:00:00+09:00
0.046,1.15,0.92, 2026-05-21T02:00:00+09:00, 2026-05-21T02:30:00+09:00
0.026,0.65,0.92, 2026-05-21T02:30:00+09:00, 2026-05-21T03:00:00+09:00
0.046,1.15,0.92, 2026-05-21T03:00:00+09:00, 2026-05-21T03:30:00+09:00
0.026,0.65,0.92, 2026-05-21T03:30:00+09:00, 2026-05-21T04:00:00+09:00
0.045,1.12,0.92, 2026-05-21T04:00:00+09:00, 2026-05-21T04:30:00+09:00
0.025,0.62,0.92, 2026-05-21T04:30:00+09:00, 2026-05-21T05:00:00+09:00
0.956,23.88,0.92, 2026-05-21T05:00:00+09:00, 2026-05-21T05:30:00+09:00
1.465,36.6,0.92, 2026-05-21T05:30:00+09:00, 2026-05-21T06:00:00+09:00
0.046,1.15,0.92, 2026-05-21T06:00:00+09:00, 2026-05-21T06:30:00+09:00
0.048,1.2,0.92, 2026-05-21T06:30:00+09:00, 2026-05-21T07:00:00+09:00
0.062,1.55,0.92, 2026-05-21T07:00:00+09:00, 2026-05-21T07:30:00+09:00
0.066,1.65,0.92, 2026-05-21T07:30:00+09:00, 2026-05-21T08:00:00+09:00
0.03,0.75,0.92, 2026-05-21T08:00:00+09:00, 2026-05-21T08:30:00+09:00
0.265,6.62,0.92, 2026-05-21T08:30:00+09:00, 2026-05-21T09:00:00+09:00
0.278,6.94,0.92, 2026-05-21T09:00:00+09:00, 2026-05-21T09:30:00+09:00
0.09,2.25,0.92, 2026-05-21T09:30:00+09:00, 2026-05-21T10:00:00+09:00
0.016,0.4,0.92, 2026-05-21T10:00:00+09:00, 2026-05-21T10:30:00+09:00
0.038,0.95,0.92, 2026-05-21T10:30:00+09:00, 2026-05-21T11:00:00+09:00
0.017,0.42,0.92, 2026-05-21T11:00:00+09:00, 2026-05-21T11:30:00+09:00
0.038,0.95,0.92, 2026-05-21T11:30:00+09:00, 2026-05-21T12:00:00+09:00
0.016,0.4,0.92, 2026-05-21T12:00:00+09:00, 2026-05-21T12:30:00+09:00
0.038,0.95,0.92, 2026-05-21T12:30:00+09:00, 2026-05-21T13:00:00+09:00
0.016,0.4,0.92, 2026-05-21T13:00:00+09:00, 2026-05-21T13:30:00+09:00
0.037,0.92,0.92, 2026-05-21T13:30:00+09:00, 2026-05-21T14:00:00+09:00
0.016,0.4,0.92, 2026-05-21T14:00:00+09:00, 2026-05-21T14:30:00+09:00
0.037,0.92,0.92, 2026-05-21T14:30:00+09:00, 2026-05-21T15:00:00+09:00
0.019,0.47,0.92, 2026-05-21T15:00:00+09:00, 2026-05-21T15:30:00+09:00
0.04,1,0.92, 2026-05-21T15:30:00+09:00, 2026-05-21T16:00:00+09:00
0.027,0.67,0.92, 2026-05-21T16:00:00+09:00, 2026-05-21T16:30:00+09:00
0.049,1.22,0.92, 2026-05-21T16:30:00+09:00, 2026-05-21T17:00:00+09:00
0.034,0.85,0.92, 2026-05-21T17:00:00+09:00, 2026-05-21T17:30:00+09:00
0.041,1.02,0.92, 2026-05-21T17:30:00+09:00, 2026-05-21T18:00:00+09:00
0.028,0.7,0.92, 2026-05-21T18:00:00+09:00, 2026-05-21T18:30:00+09:00
0.041,1.02,0.92, 2026-05-21T18:30:00+09:00, 2026-05-21T19:00:00+09:00
0.031,0.77,0.92, 2026-05-21T19:00:00+09:00, 2026-05-21T19:30:00+09:00
0.04,1,0.92, 2026-05-21T19:30:00+09:00, 2026-05-21T20:00:00+09:00
0.033,0.82,0.92, 2026-05-21T20:00:00+09:00, 2026-05-21T20:30:00+09:00
0.038,0.95,0.92, 2026-05-21T20:30:00+09:00, 2026-05-21T21:00:00+09:00
0.034,0.85,0.92, 2026-05-21T21:00:00+09:00, 2026-05-21T21:30:00+09:00
0.037,0.92,0.92, 2026-05-21T21:30:00+09:00, 2026-05-21T22:00:00+09:00
0.037,0.92,0.92, 2026-05-21T22:00:00+09:00, 2026-05-21T22:30:00+09:00
0.034,0.85,0.92, 2026-05-21T22:30:00+09:00, 2026-05-21T23:00:00+09:00
0.038,0.95,0.92, 2026-05-21T23:00:00+09:00, 2026-05-21T23:30:00+09:00
0.033,0.82,0.92, 2026-05-21T23:30:00+09:00, 2026-05-22T00:00:00+09:00
0.04,1,0.92, 2026-05-22T00:00:00+09:00, 2026-05-22T00:30:00+09:00
0.032,0.8,0.92, 2026-05-22T00:30:00+09:00, 2026-05-22T01:00:00+09:00
0.04,1,0.92, 2026-05-22T01:00:00+09:00, 2026-05-22T01:30:00+09:00
0.031,0.77,0.92, 2026-05-22T01:30:00+09:00, 2026-05-22T02:00:00+09:00
0.041,1.02,0.92, 2026-05-22T02:00:00+09:00, 2026-05-22T02:30:00+09:00
0.031,0.77,0.92, 2026-05-22T02:30:00+09:00, 2026-05-22T03:00:00+09:00
0.041,1.02,0.92, 2026-05-22T03:00:00+09:00, 2026-05-22T03:30:00+09:00
0.03,0.75,0.92, 2026-05-22T03:30:00+09:00, 2026-05-22T04:00:00+09:00
0.043,1.07,0.92, 2026-05-22T04:00:00+09:00, 2026-05-22T04:30:00+09:00
0.029,0.72,0.92, 2026-05-22T04:30:00+09:00, 2026-05-22T05:00:00+09:00
1.076,26.88,0.92, 2026-05-22T05:00:00+09:00, 2026-05-22T05:30:00+09:00
1.474,36.82,0.92, 2026-05-22T05:30:00+09:00, 2026-05-22T06:00:00+09:00
0.044,1.1,0.92, 2026-05-22T06:00:00+09:00, 2026-05-22T06:30:00+09:00
0.027,0.67,0.92, 2026-05-22T06:30:00+09:00, 2026-05-22T07:00:00+09:00
0.057,1.42,0.92, 2026-05-22T07:00:00+09:00, 2026-05-22T07:30:00+09:00
0.055,1.37,0.92, 2026-05-22T07:30:00+09:00, 2026-05-22T08:00:00+09:00
0.079,1.97,0.92, 2026-05-22T08:00:00+09:00, 2026-05-22T08:30:00+09:00
0.137,3.42,0.92, 2026-05-22T08:30:00+09:00, 2026-05-22T09:00:00+09:00
0.298,7.44,0.92, 2026-05-22T09:00:00+09:00, 2026-05-22T09:30:00+09:00
0.189,4.72,0.92, 2026-05-22T09:30:00+09:00, 2026-05-22T10:00:00+09:00
0.038,0.95,0.92, 2026-05-22T10:00:00+09:00, 2026-05-22T10:30:00+09:00
0.016,0.4,0.92, 2026-05-22T10:30:00+09:00, 2026-05-22T11:00:00+09:00
0.037,0.92,0.92, 2026-05-22T11:00:00+09:00, 2026-05-22T11:30:00+09:00
0.02,0.5,0.92, 2026-05-22T11:30:00+09:00, 2026-05-22T12:00:00+09:00
0.034,0.85,0.92, 2026-05-22T12:00:00+09:00, 2026-05-22T12:30:00+09:00
0.023,0.57,0.92, 2026-05-22T12:30:00+09:00, 2026-05-22T13:00:00+09:00
0.03,0.75,0.92, 2026-05-22T13:00:00+09:00, 2026-05-22T13:30:00+09:00
0.032,0.8,0.92, 2026-05-22T13:30:00+09:00, 2026-05-22T14:00:00+09:00
0.021,0.52,0.92, 2026-05-22T14:00:00+09:00, 2026-05-22T14:30:00+09:00
0.034,0.85,0.92, 2026-05-22T14:30:00+09:00, 2026-05-22T15:00:00+09:00
0.019,0.47,0.92, 2026-05-22T15:00:00+09:00, 2026-05-22T15:30:00+09:00
0.037,0.92,0.92, 2026-05-22T15:30:00+09:00, 2026-05-22T16:00:00+09:00
0.026,0.65,0.92, 2026-05-22T16:00:00+09:00, 2026-05-22T16:30:00+09:00
0.047,1.17,0.92, 2026-05-22T16:30:00+09:00, 2026-05-22T17:00:00+09:00
0.027,0.67,0.92, 2026-05-22T17:00:00+09:00, 2026-05-22T17:30:00+09:00
0.046,1.15,0.92, 2026-05-22T17:30:00+09:00, 2026-05-22T18:00:00+09:00
0.026,0.65,0.92, 2026-05-22T18:00:00+09:00, 2026-05-22T18:30:00+09:00
0.047,1.17,0.92, 2026-05-22T18:30:00+09:00, 2026-05-22T19:00:00+09:00
0.033,0.82,0.92, 2026-05-22T19:00:00+09:00, 2026-05-22T19:30:00+09:00
0.054,1.35,0.92, 2026-05-22T19:30:00+09:00, 2026-05-22T20:00:00+09:00
0.057,1.42,0.92, 2026-05-22T20:00:00+09:00, 2026-05-22T20:30:00+09:00
0.058,1.45,0.92, 2026-05-22T20:30:00+09:00, 2026-05-22T21:00:00+09:00
0.04,1,0.92, 2026-05-22T21:00:00+09:00, 2026-05-22T21:30:00+09:00
0.036,0.9,0.92, 2026-05-22T21:30:00+09:00, 2026-05-22T22:00:00+09:00
0.042,1.05,0.92, 2026-05-22T22:00:00+09:00, 2026-05-22T22:30:00+09:00
0.032,0.8,0.92, 2026-05-22T22:30:00+09:00, 2026-05-22T23:00:00+09:00
0.046,1.15,0.92, 2026-05-22T23:00:00+09:00, 2026-05-22T23:30:00+09:00
0.027,0.67,0.92, 2026-05-22T23:30:00+09:00, 2026-05-23T00:00:00+09:00
0.058,1.45,0.92, 2026-05-23T00:00:00+09:00, 2026-05-23T00:30:00+09:00
0.353,8.82,0.92, 2026-05-23T00:30:00+09:00, 2026-05-23T01:00:00+09:00
0.14,3.5,0.92, 2026-05-23T01:00:00+09:00, 2026-05-23T01:30:00+09:00
0.061,1.52,0.92, 2026-05-23T01:30:00+09:00, 2026-05-23T02:00:00+09:00
0.028,0.7,0.92, 2026-05-23T02:00:00+09:00, 2026-05-23T02:30:00+09:00
0.047,1.17,0.92, 2026-05-23T02:30:00+09:00, 2026-05-23T03:00:00+09:00
0.026,0.65,0.92, 2026-05-23T03:00:00+09:00, 2026-05-23T03:30:00+09:00
0.047,1.17,0.92, 2026-05-23T03:30:00+09:00, 2026-05-23T04:00:00+09:00
0.03,0.75,0.92, 2026-05-23T04:00:00+09:00, 2026-05-23T04:30:00+09:00
0.042,1.05,0.92, 2026-05-23T04:30:00+09:00, 2026-05-23T05:00:00+09:00
0.035,0.87,0.92, 2026-05-23T05:00:00+09:00, 2026-05-23T05:30:00+09:00
0.795,19.86,0.92, 2026-05-23T05:30:00+09:00, 2026-05-23T06:00:00+09:00
0.042,1.05,0.92, 2026-05-23T06:00:00+09:00, 2026-05-23T06:30:00+09:00
0.125,3.12,0.92, 2026-05-23T06:30:00+09:00, 2026-05-23T07:00:00+09:00
0.083,2.07,0.92, 2026-05-23T07:00:00+09:00, 2026-05-23T07:30:00+09:00
1.094,27.33,0.92, 2026-05-23T07:30:00+09:00, 2026-05-23T08:00:00+09:00
0.512,12.79,0.92, 2026-05-23T08:00:00+09:00, 2026-05-23T08:30:00+09:00
0.065,1.62,0.92, 2026-05-23T08:30:00+09:00, 2026-05-23T09:00:00+09:00
0.305,7.62,0.92, 2026-05-23T09:00:00+09:00, 2026-05-23T09:30:00+09:00
0.266,6.65,0.92, 2026-05-23T09:30:00+09:00, 2026-05-23T10:00:00+09:00
0.031,0.77,0.92, 2026-05-23T10:00:00+09:00, 2026-05-23T10:30:00+09:00
0.031,0.77,0.92, 2026-05-23T10:30:00+09:00, 2026-05-23T11:00:00+09:00
0.026,0.65,0.92, 2026-05-23T11:00:00+09:00, 2026-05-23T11:30:00+09:00
0.036,0.9,0.92, 2026-05-23T11:30:00+09:00, 2026-05-23T12:00:00+09:00
0.021,0.52,0.92, 2026-05-23T12:00:00+09:00, 2026-05-23T12:30:00+09:00
0.04,1,0.92, 2026-05-23T12:30:00+09:00, 2026-05-23T13:00:00+09:00
0.017,0.42,0.92, 2026-05-23T13:00:00+09:00, 2026-05-23T13:30:00+09:00
0.04,1,0.92, 2026-05-23T13:30:00+09:00, 2026-05-23T14:00:00+09:00
0.017,0.42,0.92, 2026-05-23T14:00:00+09:00, 2026-05-23T14:30:00+09:00
0.037,0.92,0.92, 2026-05-23T14:30:00+09:00, 2026-05-23T15:00:00+09:00
0.022,0.55,0.92, 2026-05-23T15:00:00+09:00, 2026-05-23T15:30:00+09:00
0.032,0.8,0.92, 2026-05-23T15:30:00+09:00, 2026-05-23T16:00:00+09:00
0.04,1,0.92, 2026-05-23T16:00:00+09:00, 2026-05-23T16:30:00+09:00
0.033,0.82,0.92, 2026-05-23T16:30:00+09:00, 2026-05-23T17:00:00+09:00
0.045,1.12,0.92, 2026-05-23T17:00:00+09:00, 2026-05-23T17:30:00+09:00
0.029,0.72,0.92, 2026-05-23T17:30:00+09:00, 2026-05-23T18:00:00+09:00
0.155,3.87,0.92, 2026-05-23T18:00:00+09:00, 2026-05-23T18:30:00+09:00
0.09,2.25,0.92, 2026-05-23T18:30:00+09:00, 2026-05-23T19:00:00+09:00
0.046,1.15,0.92, 2026-05-23T19:00:00+09:00, 2026-05-23T19:30:00+09:00
0.052,1.3,0.92, 2026-05-23T19:30:00+09:00, 2026-05-23T20:00:00+09:00
0.045,1.12,0.92, 2026-05-23T20:00:00+09:00, 2026-05-23T20:30:00+09:00
0.066,1.65,0.92, 2026-05-23T20:30:00+09:00, 2026-05-23T21:00:00+09:00
0.038,0.95,0.92, 2026-05-23T21:00:00+09:00, 2026-05-23T21:30:00+09:00
0.041,1.02,0.92, 2026-05-23T21:30:00+09:00, 2026-05-23T22:00:00+09:00
0.052,1.3,0.92, 2026-05-23T22:00:00+09:00, 2026-05-23T22:30:00+09:00
0.03,0.75,0.92, 2026-05-23T22:30:00+09:00, 2026-05-23T23:00:00+09:00
0.051,1.27,0.92, 2026-05-23T23:00:00+09:00, 2026-05-23T23:30:00+09:00
0.038,0.95,0.92, 2026-05-23T23:30:00+09:00, 2026-05-24T00:00:00+09:00
0.039,0.97,0.92, 2026-05-24T00:00:00+09:00, 2026-05-24T00:30:00+09:00
0.049,1.22,0.92, 2026-05-24T00:30:00+09:00, 2026-05-24T01:00:00+09:00
0.145,3.62,0.92, 2026-05-24T01:00:00+09:00, 2026-05-24T01:30:00+09:00
0.412,10.29,0.92, 2026-05-24T01:30:00+09:00, 2026-05-24T02:00:00+09:00
0.058,1.45,0.92, 2026-05-24T02:00:00+09:00, 2026-05-24T02:30:00+09:00
0.031,0.77,0.92, 2026-05-24T02:30:00+09:00, 2026-05-24T03:00:00+09:00
0.05,1.25,0.92, 2026-05-24T03:00:00+09:00, 2026-05-24T03:30:00+09:00
0.037,0.92,0.92, 2026-05-24T03:30:00+09:00, 2026-05-24T04:00:00+09:00
0.038,0.95,0.92, 2026-05-24T04:00:00+09:00, 2026-05-24T04:30:00+09:00
0.049,1.22,0.92, 2026-05-24T04:30:00+09:00, 2026-05-24T05:00:00+09:00
1.311,32.75,0.92, 2026-05-24T05:00:00+09:00, 2026-05-24T05:30:00+09:00
0.543,13.56,0.92, 2026-05-24T05:30:00+09:00, 2026-05-24T06:00:00+09:00
0.057,1.42,0.92, 2026-05-24T06:00:00+09:00, 2026-05-24T06:30:00+09:00
0.039,0.97,0.92, 2026-05-24T06:30:00+09:00, 2026-05-24T07:00:00+09:00
0.057,1.42,0.92, 2026-05-24T07:00:00+09:00, 2026-05-24T07:30:00+09:00
0.054,1.35,0.92, 2026-05-24T07:30:00+09:00, 2026-05-24T08:00:00+09:00
0.043,1.07,0.92, 2026-05-24T08:00:00+09:00, 2026-05-24T08:30:00+09:00
0.04,1,0.92, 2026-05-24T08:30:00+09:00, 2026-05-24T09:00:00+09:00
0.025,0.62,0.92, 2026-05-24T09:00:00+09:00, 2026-05-24T09:30:00+09:00
0.03,0.75,0.92, 2026-05-24T09:30:00+09:00, 2026-05-24T10:00:00+09:00
0.035,0.87,0.92, 2026-05-24T10:00:00+09:00, 2026-05-24T10:30:00+09:00
0.019,0.47,0.92, 2026-05-24T10:30:00+09:00, 2026-05-24T11:00:00+09:00
0.038,0.95,0.92, 2026-05-24T11:00:00+09:00, 2026-05-24T11:30:00+09:00
0.02,0.5,0.92, 2026-05-24T11:30:00+09:00, 2026-05-24T12:00:00+09:00
0.035,0.87,0.92, 2026-05-24T12:00:00+09:00, 2026-05-24T12:30:00+09:00
0.028,0.7,0.92, 2026-05-24T12:30:00+09:00, 2026-05-24T13:00:00+09:00
0.025,0.62,0.92, 2026-05-24T13:00:00+09:00, 2026-05-24T13:30:00+09:00
0.036,0.9,0.92, 2026-05-24T13:30:00+09:00, 2026-05-24T14:00:00+09:00
0.018,0.45,0.92, 2026-05-24T14:00:00+09:00, 2026-05-24T14:30:00+09:00
0.037,0.92,0.92, 2026-05-24T14:30:00+09:00, 2026-05-24T15:00:00+09:00
0.019,0.47,0.92, 2026-05-24T15:00:00+09:00, 2026-05-24T15:30:00+09:00
0.034,0.85,0.92, 2026-05-24T15:30:00+09:00, 2026-05-24T16:00:00+09:00
0.036,0.9,0.92, 2026-05-24T16:00:00+09:00, 2026-05-24T16:30:00+09:00
0.034,0.85,0.92, 2026-05-24T16:30:00+09:00, 2026-05-24T17:00:00+09:00
0.049,1.22,0.92, 2026-05-24T17:00:00+09:00, 2026-05-24T17:30:00+09:00
0.031,0.77,0.92, 2026-05-24T17:30:00+09:00, 2026-05-24T18:00:00+09:00
0.048,1.2,0.92, 2026-05-24T18:00:00+09:00, 2026-05-24T18:30:00+09:00
0.05,1.25,0.92, 2026-05-24T18:30:00+09:00, 2026-05-24T19:00:00+09:00
0.064,1.6,0.92, 2026-05-24T19:00:00+09:00, 2026-05-24T19:30:00+09:00
0.048,1.2,0.92, 2026-05-24T19:30:00+09:00, 2026-05-24T20:00:00+09:00
0.044,1.1,0.92, 2026-05-24T20:00:00+09:00, 2026-05-24T20:30:00+09:00
0.045,1.12,0.92, 2026-05-24T20:30:00+09:00, 2026-05-24T21:00:00+09:00
0.028,0.7,0.92, 2026-05-24T21:00:00+09:00, 2026-05-24T21:30:00+09:00
0.047,1.17,0.92, 2026-05-24T21:30:00+09:00, 2026-05-24T22:00:00+09:00
0.028,0.7,0.92, 2026-05-24T22:00:00+09:00, 2026-05-24T22:30:00+09:00
0.046,1.15,0.92, 2026-05-24T22:30:00+09:00, 2026-05-24T23:00:00+09:00
0.039,0.97,0.92, 2026-05-24T23:00:00+09:00, 2026-05-24T23:30:00+09:00
0.038,0.95,0.92, 2026-05-24T23:30:00+09:00, 2026-05-25T00:00:00+09:00
0.043,1.07,0.92, 2026-05-25T00:00:00+09:00, 2026-05-25T00:30:00+09:00
0.03,0.75,0.92, 2026-05-25T00:30:00+09:00, 2026-05-25T01:00:00+09:00
0.046,1.15,0.92, 2026-05-25T01:00:00+09:00, 2026-05-25T01:30:00+09:00
0.023,0.57,0.92, 2026-05-25T01:30:00+09:00, 2026-05-25T02:00:00+09:00
0.046,1.15,0.92, 2026-05-25T02:00:00+09:00, 2026-05-25T02:30:00+09:00
0.028,0.7,0.92, 2026-05-25T02:30:00+09:00, 2026-05-25T03:00:00+09:00
0.178,4.45,0.92, 2026-05-25T03:00:00+09:00, 2026-05-25T03:30:00+09:00
0.327,8.17,0.92, 2026-05-25T03:30:00+09:00, 2026-05-25T04:00:00+09:00
0.053,1.32,0.92, 2026-05-25T04:00:00+09:00, 2026-05-25T04:30:00+09:00
0.869,21.71,0.92, 2026-05-25T04:30:00+09:00, 2026-05-25T05:00:00+09:00
1.508,37.67,0.92, 2026-05-25T05:00:00+09:00, 2026-05-25T05:30:00+09:00
0.792,19.79,0.92, 2026-05-25T05:30:00+09:00, 2026-05-25T06:00:00+09:00
0.046,1.15,0.92, 2026-05-25T06:00:00+09:00, 2026-05-25T06:30:00+09:00
0.045,1.12,0.92, 2026-05-25T06:30:00+09:00, 2026-05-25T07:00:00+09:00
0.066,1.65,0.92, 2026-05-25T07:00:00+09:00, 2026-05-25T07:30:00+09:00
0.043,1.07,0.92, 2026-05-25T07:30:00+09:00, 2026-05-25T08:00:00+09:00
0.042,1.05,0.92, 2026-05-25T08:00:00+09:00, 2026-05-25T08:30:00+09:00
0.133,3.32,0.92, 2026-05-25T08:30:00+09:00, 2026-05-25T09:00:00+09:00
0.032,0.8,0.92, 2026-05-25T09:00:00+09:00, 2026-05-25T09:30:00+09:00
0.054,1.35,0.92, 2026-05-25T09:30:00+09:00, 2026-05-25T10:00:00+09:00
0.038,0.95,0.92, 2026-05-25T10:00:00+09:00, 2026-05-25T10:30:00+09:00
0.022,0.55,0.92, 2026-05-25T10:30:00+09:00, 2026-05-25T11:00:00+09:00
0.04,1,0.92, 2026-05-25T11:00:00+09:00, 2026-05-25T11:30:00+09:00
0.026,0.65,0.92, 2026-05-25T11:30:00+09:00, 2026-05-25T12:00:00+09:00
0.028,0.7,0.92, 2026-05-25T12:00:00+09:00, 2026-05-25T12:30:00+09:00
0.034,0.85,0.92, 2026-05-25T12:30:00+09:00, 2026-05-25T13:00:00+09:00
0.02,0.5,0.92, 2026-05-25T13:00:00+09:00, 2026-05-25T13:30:00+09:00
0.038,0.95,0.92, 2026-05-25T13:30:00+09:00, 2026-05-25T14:00:00+09:00
0.016,0.4,0.92, 2026-05-25T14:00:00+09:00, 2026-05-25T14:30:00+09:00
0.038,0.95,0.92, 2026-05-25T14:30:00+09:00, 2026-05-25T15:00:00+09:00
0.02,0.5,0.92, 2026-05-25T15:00:00+09:00, 2026-05-25T15:30:00+09:00
0.035,0.87,0.92, 2026-05-25T15:30:00+09:00, 2026-05-25T16:00:00+09:00
0.035,0.87,0.92, 2026-05-25T16:00:00+09:00, 2026-05-25T16:30:00+09:00
0.039,0.97,0.92, 2026-05-25T16:30:00+09:00, 2026-05-25T17:00:00+09:00
0.14,3.5,0.92, 2026-05-25T17:00:00+09:00, 2026-05-25T17:30:00+09:00
0.081,2.02,0.92, 2026-05-25T17:30:00+09:00, 2026-05-25T18:00:00+09:00
0.075,1.87,0.92, 2026-05-25T18:00:00+09:00, 2026-05-25T18:30:00+09:00
0.149,3.72,0.92, 2026-05-25T18:30:00+09:00, 2026-05-25T19:00:00+09:00
0.051,1.27,0.92, 2026-05-25T19:00:00+09:00, 2026-05-25T19:30:00+09:00
0.043,1.07,0.92, 2026-05-25T19:30:00+09:00, 2026-05-25T20:00:00+09:00
0.034,0.85,0.92, 2026-05-25T20:00:00+09:00, 2026-05-25T20:30:00+09:00
0.046,1.15,0.92, 2026-05-25T20:30:00+09:00, 2026-05-25T21:00:00+09:00
0.024,0.6,0.92, 2026-05-25T21:00:00+09:00, 2026-05-25T21:30:00+09:00
0.048,1.2,0.92, 2026-05-25T21:30:00+09:00, 2026-05-25T22:00:00+09:00
0.051,1.27,0.92, 2026-05-25T22:00:00+09:00, 2026-05-25T22:30:00+09:00
0.047,1.17,0.92, 2026-05-25T22:30:00+09:00, 2026-05-25T23:00:00+09:00
0.052,1.3,0.92, 2026-05-25T23:00:00+09:00, 2026-05-25T23:30:00+09:00
0.035,0.87,0.92, 2026-05-25T23:30:00+09:00, 2026-05-26T00:00:00+09:00
0.073,1.82,0.92, 2026-05-26T00:00:00+09:00, 2026-05-26T00:30:00+09:00
0.04,1,0.92, 2026-05-26T00:30:00+09:00, 2026-05-26T01:00:00+09:00
0.052,1.3,0.92, 2026-05-26T01:00:00+09:00, 2026-05-26T01:30:00+09:00
0.046,1.15,0.92, 2026-05-26T01:30:00+09:00, 2026-05-26T02:00:00+09:00
0.032,0.8,0.92, 2026-05-26T02:00:00+09:00, 2026-05-26T02:30:00+09:00
0.047,1.17,0.92, 2026-05-26T02:30:00+09:00, 2026-05-26T03:00:00+09:00
0.028,0.7,0.92, 2026-05-26T03:00:00+09:00, 2026-05-26T03:30:00+09:00
0.042,1.05,0.92, 2026-05-26T03:30:00+09:00, 2026-05-26T04:00:00+09:00
0.039,0.97,0.92, 2026-05-26T04:00:00+09:00, 2026-05-26T04:30:00+09:00
1.068,26.68,0.92, 2026-05-26T04:30:00+09:00, 2026-05-26T05:00:00+09:00
0.75,18.74,0.92, 2026-05-26T05:00:00+09:00, 2026-05-26T05:30:00+09:00
0.088,2.2,0.92, 2026-05-26T05:30:00+09:00, 2026-05-26T06:00:00+09:00
0.055,1.37,0.92, 2026-05-26T06:00:00+09:00, 2026-05-26T06:30:00+09:00
0.061,1.52,0.92, 2026-05-26T06:30:00+09:00, 2026-05-26T07:00:00+09:00
0.043,1.07,0.92, 2026-05-26T07:00:00+09:00, 2026-05-26T07:30:00+09:00
0.133,3.32,0.92, 2026-05-26T07:30:00+09:00, 2026-05-26T08:00:00+09:00
0.058,1.45,0.92, 2026-05-26T08:00:00+09:00, 2026-05-26T08:30:00+09:00
0.039,0.97,0.92, 2026-05-26T08:30:00+09:00, 2026-05-26T09:00:00+09:00
0.051,1.27,0.92, 2026-05-26T09:00:00+09:00, 2026-05-26T09:30:00+09:00
0.024,0.6,0.92, 2026-05-26T09:30:00+09:00, 2026-05-26T10:00:00+09:00
0.033,0.82,0.92, 2026-05-26T10:00:00+09:00, 2026-05-26T10:30:00+09:00
0.036,0.9,0.92, 2026-05-26T10:30:00+09:00, 2026-05-26T11:00:00+09:00
0.021,0.52,0.92, 2026-05-26T11:00:00+09:00, 2026-05-26T11:30:00+09:00
0.038,0.95,0.92, 2026-05-26T11:30:00+09:00, 2026-05-26T12:00:00+09:00
0.018,0.45,0.92, 2026-05-26T12:00:00+09:00, 2026-05-26T12:30:00+09:00
0.037,0.92,0.92, 2026-05-26T12:30:00+09:00, 2026-05-26T13:00:00+09:00
0.027,0.67,0.92, 2026-05-26T13:00:00+09:00, 2026-05-26T13:30:00+09:00
0.031,0.77,0.92, 2026-05-26T13:30:00+09:00, 2026-05-26T14:00:00+09:00
0.039,0.97,0.92, 2026-05-26T14:00:00+09:00, 2026-05-26T14:30:00+09:00
0.022,0.55,0.92, 2026-05-26T14:30:00+09:00, 2026-05-26T15:00:00+09:00
0.055,1.37,0.92, 2026-05-26T15:00:00+09:00, 2026-05-26T15:30:00+09:00
0.023,0.57,0.92, 2026-05-26T15:30:00+09:00, 2026-05-26T16:00:00+09:00
0.046,1.15,0.92, 2026-05-26T16:00:00+09:00, 2026-05-26T16:30:00+09:00
0.039,0.97,0.92, 2026-05-26T16:30:00+09:00, 2026-05-26T17:00:00+09:00
0.035,0.87,0.92, 2026-05-26T17:00:00+09:00, 2026-05-26T17:30:00+09:00
0.051,1.27,0.92, 2026-05-26T17:30:00+09:00, 2026-05-26T18:00:00+09:00
0.032,0.8,0.92, 2026-05-26T18:00:00+09:00, 2026-05-26T18:30:00+09:00
0.047,1.17,0.92, 2026-05-26T18:30:00+09:00, 2026-05-26T19:00:00+09:00
0.03,0.75,0.92, 2026-05-26T19:00:00+09:00, 2026-05-26T19:30:00+09:00
0.06,1.5,0.92, 2026-05-26T19:30:00+09:00, 2026-05-26T20:00:00+09:00
0.037,0.92,0.92, 2026-05-26T20:00:00+09:00, 2026-05-26T20:30:00+09:00
0.042,1.05,0.92, 2026-05-26T20:30:00+09:00, 2026-05-26T21:00:00+09:00
0.049,1.22,0.92, 2026-05-26T21:00:00+09:00, 2026-05-26T21:30:00+09:00
0.025,0.62,0.92, 2026-05-26T21:30:00+09:00, 2026-05-26T22:00:00+09:00
0.046,1.15,0.92, 2026-05-26T22:00:00+09:00, 2026-05-26T22:30:00+09:00
0.042,1.05,0.92, 2026-05-26T22:30:00+09:00, 2026-05-26T23:00:00+09:00
0.031,0.77,0.92, 2026-05-26T23:00:00+09:00, 2026-05-26T23:30:00+09:00
0.047,1.17,0.92, 2026-05-26T23:30:00+09:00, 2026-05-27T00:00:00+09:00
0.206,5.15,0.92, 2026-05-27T00:00:00+09:00, 2026-05-27T00:30:00+09:00
0.065,1.62,0.92, 2026-05-27T00:30:00+09:00, 2026-05-27T01:00:00+09:00
0.042,1.05,0.92, 2026-05-27T01:00:00+09:00, 2026-05-27T01:30:00+09:00
0.032,0.8,0.92, 2026-05-27T01:30:00+09:00, 2026-05-27T02:00:00+09:00
0.054,1.35,0.92, 2026-05-27T02:00:00+09:00, 2026-05-27T02:30:00+09:00
0.048,1.2,0.92, 2026-05-27T02:30:00+09:00, 2026-05-27T03:00:00+09:00
0.06,1.5,0.92, 2026-05-27T03:00:00+09:00, 2026-05-27T03:30:00+09:00
0.045,1.12,0.92, 2026-05-27T03:30:00+09:00, 2026-05-27T04:00:00+09:00
0.044,1.1,0.92, 2026-05-27T04:00:00+09:00, 2026-05-27T04:30:00+09:00
0.056,1.4,0.92, 2026-05-27T04:30:00+09:00, 2026-05-27T05:00:00+09:00
0.055,1.37,0.92, 2026-05-27T05:00:00+09:00, 2026-05-27T05:30:00+09:00
0.115,2.87,0.92, 2026-05-27T05:30:00+09:00, 2026-05-27T06:00:00+09:00
0.033,0.82,0.92, 2026-05-27T06:00:00+09:00, 2026-05-27T06:30:00+09:00
0.501,12.52,0.92, 2026-05-27T06:30:00+09:00, 2026-05-27T07:00:00+09:00
1.09,27.23,0.92, 2026-05-27T07:00:00+09:00, 2026-05-27T07:30:00+09:00
0.055,1.37,0.92, 2026-05-27T07:30:00+09:00, 2026-05-27T08:00:00+09:00
0.041,1.02,0.92, 2026-05-27T08:00:00+09:00, 2026-05-27T08:30:00+09:00
0.059,1.47,0.92, 2026-05-27T08:30:00+09:00, 2026-05-27T09:00:00+09:00
0.038,0.95,0.92, 2026-05-27T09:00:00+09:00, 2026-05-27T09:30:00+09:00
0.027,0.67,0.92, 2026-05-27T09:30:00+09:00, 2026-05-27T10:00:00+09:00
0.04,1,0.92, 2026-05-27T10:00:00+09:00, 2026-05-27T10:30:00+09:00
0.023,0.57,0.92, 2026-05-27T10:30:00+09:00, 2026-05-27T11:00:00+09:00
0.036,0.9,0.92, 2026-05-27T11:00:00+09:00, 2026-05-27T11:30:00+09:00
0.036,0.9,0.92, 2026-05-27T11:30:00+09:00, 2026-05-27T12:00:00+09:00
0.023,0.57,0.92, 2026-05-27T12:00:00+09:00, 2026-05-27T12:30:00+09:00
0.04,1,0.92, 2026-05-27T12:30:00+09:00, 2026-05-27T13:00:00+09:00
0.019,0.47,0.92, 2026-05-27T13:00:00+09:00, 2026-05-27T13:30:00+09:00
0.036,0.9,0.92, 2026-05-27T13:30:00+09:00, 2026-05-27T14:00:00+09:00
0.03,0.75,0.92, 2026-05-27T14:00:00+09:00, 2026-05-27T14:30:00+09:00
0.025,0.62,0.92, 2026-05-27T14:30:00+09:00, 2026-05-27T15:00:00+09:00
0.039,0.97,0.92, 2026-05-27T15:00:00+09:00, 2026-05-27T15:30:00+09:00
0.021,0.52,0.92, 2026-05-27T15:30:00+09:00, 2026-05-27T16:00:00+09:00
0.047,1.17,0.92, 2026-05-27T16:00:00+09:00, 2026-05-27T16:30:00+09:00
0.046,1.15,0.92, 2026-05-27T16:30:00+09:00, 2026-05-27T17:00:00+09:00
0.037,0.92,0.92, 2026-05-27T17:00:00+09:00, 2026-05-27T17:30:00+09:00
0.045,1.12,0.92, 2026-05-27T17:30:00+09:00, 2026-05-27T18:00:00+09:00
1.325,33.1,0.92, 2026-05-27T18:00:00+09:00, 2026-05-27T18:30:00+09:00
0.248,6.2,0.92, 2026-05-27T18:30:00+09:00, 2026-05-27T19:00:00+09:00
0.031,0.77,0.92, 2026-05-27T19:00:00+09:00, 2026-05-27T19:30:00+09:00
0.047,1.17,0.92, 2026-05-27T19:30:00+09:00, 2026-05-27T20:00:00+09:00
0.036,0.9,0.92, 2026-05-27T20:00:00+09:00, 2026-05-27T20:30:00+09:00
0.039,0.97,0.92, 2026-05-27T20:30:00+09:00, 2026-05-27T21:00:00+09:00
0.042,1.05,0.92, 2026-05-27T21:00:00+09:00, 2026-05-27T21:30:00+09:00
0.033,0.82,0.92, 2026-05-27T21:30:00+09:00, 2026-05-27T22:00:00+09:00
0.047,1.17,0.92, 2026-05-27T22:00:00+09:00, 2026-05-27T22:30:00+09:00
0.028,0.7,0.92, 2026-05-27T22:30:00+09:00, 2026-05-27T23:00:00+09:00
0.051,1.27,0.92, 2026-05-27T23:00:00+09:00, 2026-05-27T23:30:00+09:00
0.024,0.6,0.92, 2026-05-27T23:30:00+09:00, 2026-05-28T00:00:00+09:00
0.05,1.25,0.92, 2026-05-28T00:00:00+09:00, 2026-05-28T00:30:00+09:00
0.025,0.62,0.92, 2026-05-28T00:30:00+09:00, 2026-05-28T01:00:00+09:00
0.05,1.25,0.92, 2026-05-28T01:00:00+09:00, 2026-05-28T01:30:00+09:00
0.029,0.72,0.92, 2026-05-28T01:30:00+09:00, 2026-05-28T02:00:00+09:00
0.045,1.12,0.92, 2026-05-28T02:00:00+09:00, 2026-05-28T02:30:00+09:00
0.037,0.92,0.92, 2026-05-28T02:30:00+09:00, 2026-05-28T03:00:00+09:00
0.04,1,0.92, 2026-05-28T03:00:00+09:00, 2026-05-28T03:30:00+09:00
0.042,1.05,0.92, 2026-05-28T03:30:00+09:00, 2026-05-28T04:00:00+09:00
0.034,0.85,0.92, 2026-05-28T04:00:00+09:00, 2026-05-28T04:30:00+09:00
0.048,1.2,0.92, 2026-05-28T04:30:00+09:00, 2026-05-28T05:00:00+09:00
0.028,0.7,0.92, 2026-05-28T05:00:00+09:00, 2026-05-28T05:30:00+09:00
0.099,2.47,0.92, 2026-05-28T05:30:00+09:00, 2026-05-28T06:00:00+09:00
1.202,30.03,0.92, 2026-05-28T06:00:00+09:00, 2026-05-28T06:30:00+09:00
0.359,8.97,0.92, 2026-05-28T06:30:00+09:00, 2026-05-28T07:00:00+09:00
0.056,1.4,0.92, 2026-05-28T07:00:00+09:00, 2026-05-28T07:30:00+09:00
0.097,2.42,0.92, 2026-05-28T07:30:00+09:00, 2026-05-28T08:00:00+09:00
0.13,3.25,0.92, 2026-05-28T08:00:00+09:00, 2026-05-28T08:30:00+09:00
0.051,1.27,0.92, 2026-05-28T08:30:00+09:00, 2026-05-28T09:00:00+09:00
0.037,0.92,0.92, 2026-05-28T09:00:00+09:00, 2026-05-28T09:30:00+09:00
0.039,0.97,0.92, 2026-05-28T09:30:00+09:00, 2026-05-28T10:00:00+09:00
0.017,0.42,0.92, 2026-05-28T10:00:00+09:00, 2026-05-28T10:30:00+09:00
0.04,1,0.92, 2026-05-28T10:30:00+09:00, 2026-05-28T11:00:00+09:00
0.023,0.57,0.92, 2026-05-28T11:00:00+09:00, 2026-05-28T11:30:00+09:00
0.033,0.82,0.92, 2026-05-28T11:30:00+09:00, 2026-05-28T12:00:00+09:00
0.032,0.8,0.92, 2026-05-28T12:00:00+09:00, 2026-05-28T12:30:00+09:00
0.024,0.6,0.92, 2026-05-28T12:30:00+09:00, 2026-05-28T13:00:00+09:00
0.039,0.97,0.92, 2026-05-28T13:00:00+09:00, 2026-05-28T13:30:00+09:00
0.018,0.45,0.92, 2026-05-28T13:30:00+09:00, 2026-05-28T14:00:00+09:00
0.04,1,0.92, 2026-05-28T14:00:00+09:00, 2026-05-28T14:30:00+09:00
0.018,0.45,0.92, 2026-05-28T14:30:00+09:00, 2026-05-28T15:00:00+09:00
0.042,1.05,0.92, 2026-05-28T15:00:00+09:00, 2026-05-28T15:30:00+09:00
0.024,0.6,0.92, 2026-05-28T15:30:00+09:00, 2026-05-28T16:00:00+09:00
0.044,1.1,0.92, 2026-05-28T16:00:00+09:00, 2026-05-28T16:30:00+09:00
0.041,1.02,0.92, 2026-05-28T16:30:00+09:00, 2026-05-28T17:00:00+09:00
0.031,0.77,0.92, 2026-05-28T17:00:00+09:00, 2026-05-28T17:30:00+09:00
0.05,1.25,0.92, 2026-05-28T17:30:00+09:00, 2026-05-28T18:00:00+09:00
0.027,0.67,0.92, 2026-05-28T18:00:00+09:00, 2026-05-28T18:30:00+09:00
0.052,1.3,0.92, 2026-05-28T18:30:00+09:00, 2026-05-28T19:00:00+09:00
0.043,1.07,0.92, 2026-05-28T19:00:00+09:00, 2026-05-28T19:30:00+09:00
0.048,1.2,0.92, 2026-05-28T19:30:00+09:00, 2026-05-28T20:00:00+09:00
0.058,1.45,0.92, 2026-05-28T20:00:00+09:00, 2026-05-28T20:30:00+09:00
0.038,0.95,0.92, 2026-05-28T20:30:00+09:00, 2026-05-28T21:00:00+09:00
0.036,0.9,0.92, 2026-05-28T21:00:00+09:00, 2026-05-28T21:30:00+09:00
0.048,1.2,0.92, 2026-05-28T21:30:00+09:00, 2026-05-28T22:00:00+09:00
0.805,20.11,0.92, 2026-05-28T22:00:00+09:00, 2026-05-28T22:30:00+09:00
0.949,23.71,0.92, 2026-05-28T22:30:00+09:00, 2026-05-28T23:00:00+09:00
0.026,0.65,0.92, 2026-05-28T23:00:00+09:00, 2026-05-28T23:30:00+09:00
0.046,1.15,0.92, 2026-05-28T23:30:00+09:00, 2026-05-29T00:00:00+09:00
0.035,0.87,0.92, 2026-05-29T00:00:00+09:00, 2026-05-29T00:30:00+09:00
0.038,0.95,0.92, 2026-05-29T00:30:00+09:00, 2026-05-29T01:00:00+09:00
0.043,1.07,0.92, 2026-05-29T01:00:00+09:00, 2026-05-29T01:30:00+09:00
0.03,0.75,0.92, 2026-05-29T01:30:00+09:00, 2026-05-29T02:00:00+09:00
0.049,1.22,0.92, 2026-05-29T02:00:00+09:00, 2026-05-29T02:30:00+09:00
0.023,0.57,0.92, 2026-05-29T02:30:00+09:00, 2026-05-29T03:00:00+09:00
0.05,1.25,0.92, 2026-05-29T03:00:00+09:00, 2026-05-29T03:30:00+09:00
0.029,0.72,0.92, 2026-05-29T03:30:00+09:00, 2026-05-29T04:00:00+09:00
0.044,1.1,0.92, 2026-05-29T04:00:00+09:00, 2026-05-29T04:30:00+09:00
0.036,0.9,0.92, 2026-05-29T04:30:00+09:00, 2026-05-29T05:00:00+09:00
0.037,0.92,0.92, 2026-05-29T05:00:00+09:00, 2026-05-29T05:30:00+09:00
0.092,2.3,0.92, 2026-05-29T05:30:00+09:00, 2026-05-29T06:00:00+09:00
0.032,0.8,0.92, 2026-05-29T06:00:00+09:00, 2026-05-29T06:30:00+09:00
0.05,1.25,0.92, 2026-05-29T06:30:00+09:00, 2026-05-29T07:00:00+09:00
0.025,0.62,0.92, 2026-05-29T07:00:00+09:00, 2026-05-29T07:30:00+09:00
0.05,1.25,0.92, 2026-05-29T07:30:00+09:00, 2026-05-29T08:00:00+09:00
0.031,0.77,0.92, 2026-05-29T08:00:00+09:00, 2026-05-29T08:30:00+09:00
0.063,1.57,0.92, 2026-05-29T08:30:00+09:00, 2026-05-29T09:00:00+09:00
0.034,0.85,0.92, 2026-05-29T09:00:00+09:00, 2026-05-29T09:30:00+09:00
0.051,1.27,0.92, 2026-05-29T09:30:00+09:00, 2026-05-29T10:00:00+09:00
0.058,1.45,0.92, 2026-05-29T10:00:00+09:00, 2026-05-29T10:30:00+09:00
0.03,0.75,0.92, 2026-05-29T10:30:00+09:00, 2026-05-29T11:00:00+09:00
0.041,1.02,0.92, 2026-05-29T11:00:00+09:00, 2026-05-29T11:30:00+09:00
0.02,0.5,0.92, 2026-05-29T11:30:00+09:00, 2026-05-29T12:00:00+09:00
0.037,0.92,0.92, 2026-05-29T12:00:00+09:00, 2026-05-29T12:30:00+09:00
0.03,0.75,0.92, 2026-05-29T12:30:00+09:00, 2026-05-29T13:00:00+09:00
0.027,0.67,0.92, 2026-05-29T13:00:00+09:00, 2026-05-29T13:30:00+09:00
0.039,0.97,0.92, 2026-05-29T13:30:00+09:00, 2026-05-29T14:00:00+09:00
0.017,0.42,0.92, 2026-05-29T14:00:00+09:00, 2026-05-29T14:30:00+09:00
0.042,1.05,0.92, 2026-05-29T14:30:00+09:00, 2026-05-29T15:00:00+09:00
0.019,0.47,0.92, 2026-05-29T15:00:00+09:00, 2026-05-29T15:30:00+09:00
0.039,0.97,0.92, 2026-05-29T15:30:00+09:00, 2026-05-29T16:00:00+09:00
0.041,1.02,0.92, 2026-05-29T16:00:00+09:00, 2026-05-29T16:30:00+09:00
0.039,0.97,0.92, 2026-05-29T16:30:00+09:00, 2026-05-29T17:00:00+09:00
0.05,1.25,0.92, 2026-05-29T17:00:00+09:00, 2026-05-29T17:30:00+09:00
0.023,0.57,0.92, 2026-05-29T17:30:00+09:00, 2026-05-29T18:00:00+09:00
0.055,1.37,0.92, 2026-05-29T18:00:00+09:00, 2026-05-29T18:30:00+09:00
0.031,0.77,0.92, 2026-05-29T18:30:00+09:00, 2026-05-29T19:00:00+09:00
0.042,1.05,0.92, 2026-05-29T19:00:00+09:00, 2026-05-29T19:30:00+09:00
0.042,1.05,0.92, 2026-05-29T19:30:00+09:00, 2026-05-29T20:00:00+09:00
0.031,0.77,0.92, 2026-05-29T20:00:00+09:00, 2026-05-29T20:30:00+09:00
0.049,1.22,0.92, 2026-05-29T20:30:00+09:00, 2026-05-29T21:00:00+09:00
0.027,0.67,0.92, 2026-05-29T21:00:00+09:00, 2026-05-29T21:30:00+09:00
0.05,1.25,0.92, 2026-05-29T21:30:00+09:00, 2026-05-29T22:00:00+09:00
0.054,1.35,0.92, 2026-05-29T22:00:00+09:00, 2026-05-29T22:30:00+09:00
0.054,1.35,0.92, 2026-05-29T22:30:00+09:00, 2026-05-29T23:00:00+09:00
0.046,1.15,0.92, 2026-05-29T23:00:00+09:00, 2026-05-29T23:30:00+09:00
0.032,0.8,0.92, 2026-05-29T23:30:00+09:00, 2026-05-30T00:00:00+09:00
0.06,1.5,0.92, 2026-05-30T00:00:00+09:00, 2026-05-30T00:30:00+09:00
0.032,0.8,0.92, 2026-05-30T00:30:00+09:00, 2026-05-30T01:00:00+09:00
0.051,1.27,0.92, 2026-05-30T01:00:00+09:00, 2026-05-30T01:30:00+09:00
0.032,0.8,0.92, 2026-05-30T01:30:00+09:00, 2026-05-30T02:00:00+09:00
0.043,1.07,0.92, 2026-05-30T02:00:00+09:00, 2026-05-30T02:30:00+09:00
0.041,1.02,0.92, 2026-05-30T02:30:00+09:00, 2026-05-30T03:00:00+09:00
0.034,0.85,0.92, 2026-05-30T03:00:00+09:00, 2026-05-30T03:30:00+09:00
0.049,1.22,0.92, 2026-05-30T03:30:00+09:00, 2026-05-30T04:00:00+09:00
0.027,0.67,0.92, 2026-05-30T04:00:00+09:00, 2026-05-30T04:30:00+09:00
0.05,1.25,0.92, 2026-05-30T04:30:00+09:00, 2026-05-30T05:00:00+09:00
0.029,0.72,0.92, 2026-05-30T05:00:00+09:00, 2026-05-30T05:30:00+09:00
0.095,2.37,0.92, 2026-05-30T05:30:00+09:00, 2026-05-30T06:00:00+09:00
0.036,0.9,0.92, 2026-05-30T06:00:00+09:00, 2026-05-30T06:30:00+09:00
0.037,0.92,0.92, 2026-05-30T06:30:00+09:00, 2026-05-30T07:00:00+09:00
0.043,1.07,0.92, 2026-05-30T07:00:00+09:00, 2026-05-30T07:30:00+09:00
0.709,17.71,0.92, 2026-05-30T07:30:00+09:00, 2026-05-30T08:00:00+09:00
1.496,37.37,0.92, 2026-05-30T08:00:00+09:00, 2026-05-30T08:30:00+09:00
0.846,21.13,0.92, 2026-05-30T08:30:00+09:00, 2026-05-30T09:00:00+09:00
0.169,4.22,0.92, 2026-05-30T09:00:00+09:00, 2026-05-30T09:30:00+09:00
0.053,1.32,0.92, 2026-05-30T09:30:00+09:00, 2026-05-30T10:00:00+09:00
0.022,0.55,0.92, 2026-05-30T10:00:00+09:00, 2026-05-30T10:30:00+09:00
0.04,1,0.92, 2026-05-30T10:30:00+09:00, 2026-05-30T11:00:00+09:00
0.027,0.67,0.92, 2026-05-30T11:00:00+09:00, 2026-05-30T11:30:00+09:00
0.029,0.72,0.92, 2026-05-30T11:30:00+09:00, 2026-05-30T12:00:00+09:00
0.038,0.95,0.92, 2026-05-30T12:00:00+09:00, 2026-05-30T12:30:00+09:00
0.018,0.45,0.92, 2026-05-30T12:30:00+09:00, 2026-05-30T13:00:00+09:00
0.041,1.02,0.92, 2026-05-30T13:00:00+09:00, 2026-05-30T13:30:00+09:00
0.021,0.52,0.92, 2026-05-30T13:30:00+09:00, 2026-05-30T14:00:00+09:00
0.036,0.9,0.92, 2026-05-30T14:00:00+09:00, 2026-05-30T14:30:00+09:00
0.029,0.72,0.92, 2026-05-30T14:30:00+09:00, 2026-05-30T15:00:00+09:00
0.031,0.77,0.92, 2026-05-30T15:00:00+09:00, 2026-05-30T15:30:00+09:00
0.035,0.87,0.92, 2026-05-30T15:30:00+09:00, 2026-05-30T16:00:00+09:00
0.031,0.77,0.92, 2026-05-30T16:00:00+09:00, 2026-05-30T16:30:00+09:00
0.054,1.35,0.92, 2026-05-30T16:30:00+09:00, 2026-05-30T17:00:00+09:00
0.031,0.77,0.92, 2026-05-30T17:00:00+09:00, 2026-05-30T17:30:00+09:00
0.068,1.7,0.92, 2026-05-30T17:30:00+09:00, 2026-05-30T18:00:00+09:00
0.04,1,0.92, 2026-05-30T18:00:00+09:00, 2026-05-30T18:30:00+09:00
0.038,0.95,0.92, 2026-05-30T18:30:00+09:00, 2026-05-30T19:00:00+09:00
0.045,1.12,0.92, 2026-05-30T19:00:00+09:00, 2026-05-30T19:30:00+09:00
0.032,0.8,0.92, 2026-05-30T19:30:00+09:00, 2026-05-30T20:00:00+09:00
0.05,1.25,0.92, 2026-05-30T20:00:00+09:00, 2026-05-30T20:30:00+09:00
0.031,0.77,0.92, 2026-05-30T20:30:00+09:00, 2026-05-30T21:00:00+09:00
0.056,1.4,0.92, 2026-05-30T21:00:00+09:00, 2026-05-30T21:30:00+09:00
0.042,1.05,0.92, 2026-05-30T21:30:00+09:00, 2026-05-30T22:00:00+09:00
0.036,0.9,0.92, 2026-05-30T22:00:00+09:00, 2026-05-30T22:30:00+09:00
0.774,19.34,0.92, 2026-05-30T22:30:00+09:00, 2026-05-30T23:00:00+09:00
1.504,37.57,0.92, 2026-05-30T23:00:00+09:00, 2026-05-30T23:30:00+09:00
0.806,20.14,0.92, 2026-05-30T23:30:00+09:00, 2026-05-31T00:00:00+09:00
0.041,1.02,0.92, 2026-05-31T00:00:00+09:00, 2026-05-31T00:30:00+09:00
0.032,0.8,0.92, 2026-05-31T00:30:00+09:00, 2026-05-31T01:00:00+09:00
0.05,1.25,0.92, 2026-05-31T01:00:00+09:00, 2026-05-31T01:30:00+09:00
0.024,0.6,0.92, 2026-05-31T01:30:00+09:00, 2026-05-31T02:00:00+09:00
0.049,1.22,0.92, 2026-05-31T02:00:00+09:00, 2026-05-31T02:30:00+09:00
0.032,0.8,0.92, 2026-05-31T02:30:00+09:00, 2026-05-31T03:00:00+09:00
0.043,1.07,0.92, 2026-05-31T03:00:00+09:00, 2026-05-31T03:30:00+09:00
0.039,0.97,0.92, 2026-05-31T03:30:00+09:00, 2026-05-31T04:00:00+09:00
0.037,0.92,0.92, 2026-05-31T04:00:00+09:00, 2026-05-31T04:30:00+09:00
0.047,1.17,0.92, 2026-05-31T04:30:00+09:00, 2026-05-31T05:00:00+09:00
0.031,0.77,0.92, 2026-05-31T05:00:00+09:00, 2026-05-31T05:30:00+09:00
0.1,2.5,0.92, 2026-05-31T05:30:00+09:00, 2026-05-31T06:00:00+09:00
0.024,0.6,0.92, 2026-05-31T06:00:00+09:00, 2026-05-31T06:30:00+09:00
0.858,21.43,0.92, 2026-05-31T06:30:00+09:00, 2026-05-31T07:00:00+09:00
0.71,17.74,0.92, 2026-05-31T07:00:00+09:00, 2026-05-31T07:30:00+09:00
0.073,1.82,0.92, 2026-05-31T07:30:00+09:00, 2026-05-31T08:00:00+09:00
0.032,0.8,0.92, 2026-05-31T08:00:00+09:00, 2026-05-31T08:30:00+09:00
0.037,0.92,0.92, 2026-05-31T08:30:00+09:00, 2026-05-31T09:00:00+09:00
0.03,0.75,0.92, 2026-05-31T09:00:00+09:00, 2026-05-31T09:30:00+09:00
0.028,0.7,0.92, 2026-05-31T09:30:00+09:00, 2026-05-31T10:00:00+09:00
0.038,0.95,0.92, 2026-05-31T10:00:00+09:00, 2026-05-31T10:30:00+09:00
0.018,0.45,0.92, 2026-05-31T10:30:00+09:00, 2026-05-31T11:00:00+09:00
0.042,1.05,0.92, 2026-05-31T11:00:00+09:00, 2026-05-31T11:30:00+09:00
0.021,0.52,0.92, 2026-05-31T11:30:00+09:00, 2026-05-31T12:00:00+09:00
0.039,0.97,0.92, 2026-05-31T12:00:00+09:00, 2026-05-31T12:30:00+09:00
0.026,0.65,0.92, 2026-05-31T12:30:00+09:00, 2026-05-31T13:00:00+09:00
0.031,0.77,0.92, 2026-05-31T13:00:00+09:00, 2026-05-31T13:30:00+09:00
0.034,0.85,0.92, 2026-05-31T13:30:00+09:00, 2026-05-31T14:00:00+09:00
0.024,0.6,0.92, 2026-05-31T14:00:00+09:00, 2026-05-31T14:30:00+09:00
0.041,1.02,0.92, 2026-05-31T14:30:00+09:00, 2026-05-31T15:00:00+09:00
0.022,0.55,0.92, 2026-05-31T15:00:00+09:00, 2026-05-31T15:30:00+09:00
0.045,1.12,0.92, 2026-05-31T15:30:00+09:00, 2026-05-31T16:00:00+09:00
0.028,0.7,0.92, 2026-05-31T16:00:00+09:00, 2026-05-31T16:30:00+09:00
0.052,1.3,0.92, 2026-05-31T16:30:00+09:00, 2026-05-31T17:00:00+09:00
0.035,0.87,0.92, 2026-05-31T17:00:00+09:00, 2026-05-31T17:30:00+09:00
0.046,1.15,0.92, 2026-05-31T17:30:00+09:00, 2026-05-31T18:00:00+09:00
0.042,1.05,0.92, 2026-05-31T18:00:00+09:00, 2026-05-31T18:30:00+09:00
0.038,0.95,0.92, 2026-05-31T18:30:00+09:00, 2026-05-31T19:00:00+09:00
0.056,1.4,0.92, 2026-05-31T19:00:00+09:00, 2026-05-31T19:30:00+09:00
0.034,0.85,0.92, 2026-05-31T19:30:00+09:00, 2026-05-31T20:00:00+09:00
0.049,1.22,0.92, 2026-05-31T20:00:00+09:00, 2026-05-31T20:30:00+09:00
0.028,0.7,0.92, 2026-05-31T20:30:00+09:00, 2026-05-31T21:00:00+09:00
0.045,1.12,0.92, 2026-05-31T21:00:00+09:00, 2026-05-31T21:30:00+09:00
0.037,0.92,0.92, 2026-05-31T21:30:00+09:00, 2026-05-31T22:00:00+09:00
0.036,0.9,0.92, 2026-05-31T22:00:00+09:00, 2026-05-31T22:30:00+09:00
0.045,1.12,0.92, 2026-05-31T22:30:00+09:00, 2026-05-31T23:00:00+09:00
0.027,0.67,0.92, 2026-05-31T23:00:00+09:00, 2026-05-31T23:30:00+09:00
0.049,1.22,0.92, 2026-05-31T23:30:00+09:00, 2026-06-01T00:00:00+09:00
0.026,0.65,0.92, 2026-06-01T00:00:00+09:00, 2026-06-01T00:30:00+09:00
0.048,1.2,0.92, 2026-06-01T00:30:00+09:00, 2026-06-01T01:00:00+09:00
0.033,0.82,0.92, 2026-06-01T01:00:00+09:00, 2026-06-01T01:30:00+09:00
0.039,0.97,0.92, 2026-06-01T01:30:00+09:00, 2026-06-01T02:00:00+09:00
0.042,1.05,0.92, 2026-06-01T02:00:00+09:00, 2026-06-01T02:30:00+09:00
0.031,0.77,0.92, 2026-06-01T02:30:00+09:00, 2026-06-01T03:00:00+09:00
0.049,1.22,0.92, 2026-06-01T03:00:00+09:00, 2026-06-01T03:30:00+09:00
0.024,0.6,0.92, 2026-06-01T03:30:00+09:00, 2026-06-01T04:00:00+09:00
0.958,23.93,0.92, 2026-06-01T04:00:00+09:00, 2026-06-01T04:30:00+09:00
1.511,37.75,0.92, 2026-06-01T04:30:00+09:00, 2026-06-01T05:00:00+09:00
0.353,8.82,0.92, 2026-06-01T05:00:00+09:00, 2026-06-01T05:30:00+09:00
0.122,3.05,0.92, 2026-06-01T05:30:00+09:00, 2026-06-01T06:00:00+09:00
0.051,1.27,0.92, 2026-06-01T06:00:00+09:00, 2026-06-01T06:30:00+09:00
0.06,1.5,0.92, 2026-06-01T06:30:00+09:00, 2026-06-01T07:00:00+09:00
0.076,1.9,0.92, 2026-06-01T07:00:00+09:00, 2026-06-01T07:30:00+09:00
0.086,2.15,0.92, 2026-06-01T07:30:00+09:00, 2026-06-01T08:00:00+09:00
0.016,0.4,0.92, 2026-06-01T08:00:00+09:00, 2026-06-01T08:30:00+09:00
0.041,1.02,0.92, 2026-06-01T08:30:00+09:00, 2026-06-01T09:00:00+09:00
0.027,0.67,0.92, 2026-06-01T09:00:00+09:00, 2026-06-01T09:30:00+09:00
0.034,0.85,0.92, 2026-06-01T09:30:00+09:00, 2026-06-01T10:00:00+09:00
0.034,0.85,0.92, 2026-06-01T10:00:00+09:00, 2026-06-01T10:30:00+09:00
0.022,0.55,0.92, 2026-06-01T10:30:00+09:00, 2026-06-01T11:00:00+09:00
0.04,1,0.92, 2026-06-01T11:00:00+09:00, 2026-06-01T11:30:00+09:00
0.021,0.52,0.92, 2026-06-01T11:30:00+09:00, 2026-06-01T12:00:00+09:00
0.039,0.97,0.92, 2026-06-01T12:00:00+09:00, 2026-06-01T12:30:00+09:00
0.027,0.67,0.92, 2026-06-01T12:30:00+09:00, 2026-06-01T13:00:00+09:00
0.029,0.72,0.92, 2026-06-01T13:00:00+09:00, 2026-06-01T13:30:00+09:00
0.037,0.92,0.92, 2026-06-01T13:30:00+09:00, 2026-06-01T14:00:00+09:00
0.02,0.5,0.92, 2026-06-01T14:00:00+09:00, 2026-06-01T14:30:00+09:00
0.041,1.02,0.92, 2026-06-01T14:30:00+09:00, 2026-06-01T15:00:00+09:00
0.017,0.42,0.92, 2026-06-01T15:00:00+09:00, 2026-06-01T15:30:00+09:00
0.04,1,0.92, 2026-06-01T15:30:00+09:00, 2026-06-01T16:00:00+09:00
0.039,0.97,0.92, 2026-06-01T16:00:00+09:00, 2026-06-01T16:30:00+09:00
0.109,2.72,0.92, 2026-06-01T16:30:00+09:00, 2026-06-01T17:00:00+09:00
0.083,2.07,0.92, 2026-06-01T17:00:00+09:00, 2026-06-01T17:30:00+09:00
0.075,1.87,0.92, 2026-06-01T17:30:00+09:00, 2026-06-01T18:00:00+09:00
0.053,1.32,0.92, 2026-06-01T18:00:00+09:00, 2026-06-01T18:30:00+09:00
0.035,0.87,0.92, 2026-06-01T18:30:00+09:00, 2026-06-01T19:00:00+09:00
0.068,1.7,0.92, 2026-06-01T19:00:00+09:00, 2026-06-01T19:30:00+09:00
0.05,1.25,0.92, 2026-06-01T19:30:00+09:00, 2026-06-01T20:00:00+09:00
0.052,1.3,0.92, 2026-06-01T20:00:00+09:00, 2026-06-01T20:30:00+09:00
0.063,1.57,0.92, 2026-06-01T20:30:00+09:00, 2026-06-01T21:00:00+09:00
0.037,0.92,0.92, 2026-06-01T21:00:00+09:00, 2026-06-01T21:30:00+09:00
0.049,1.22,0.92, 2026-06-01T21:30:00+09:00, 2026-06-01T22:00:00+09:00
0.037,0.92,0.92, 2026-06-01T22:00:00+09:00, 2026-06-01T22:30:00+09:00
0.043,1.07,0.92, 2026-06-01T22:30:00+09:00, 2026-06-01T23:00:00+09:00
0.051,1.27,0.92, 2026-06-01T23:00:00+09:00, 2026-06-01T23:30:00+09:00
0.026,0.65,0.92, 2026-06-01T23:30:00+09:00, 2026-06-02T00:00:00+09:00
0.049,1.22,0.92, 2026-06-02T00:00:00+09:00, 2026-06-02T00:30:00+09:00
0.03,0.75,0.92, 2026-06-02T00:30:00+09:00, 2026-06-02T01:00:00+09:00
0.043,1.07,0.92, 2026-06-02T01:00:00+09:00, 2026-06-02T01:30:00+09:00
0.038,0.95,0.92, 2026-06-02T01:30:00+09:00, 2026-06-02T02:00:00+09:00
0.034,0.85,0.92, 2026-06-02T02:00:00+09:00, 2026-06-02T02:30:00+09:00
0.047,1.17,0.92, 2026-06-02T02:30:00+09:00, 2026-06-02T03:00:00+09:00
0.025,0.62,0.92, 2026-06-02T03:00:00+09:00, 2026-06-02T03:30:00+09:00
0.049,1.22,0.92, 2026-06-02T03:30:00+09:00, 2026-06-02T04:00:00+09:00
0.027,0.67,0.92, 2026-06-02T04:00:00+09:00, 2026-06-02T04:30:00+09:00
0.045,1.12,0.92, 2026-06-02T04:30:00+09:00, 2026-06-02T05:00:00+09:00
0.035,0.87,0.92, 2026-06-02T05:00:00+09:00, 2026-06-02T05:30:00+09:00
0.086,2.15,0.92, 2026-06-02T05:30:00+09:00, 2026-06-02T06:00:00+09:00
0.946,23.63,0.92, 2026-06-02T06:00:00+09:00, 2026-06-02T06:30:00+09:00
1.516,37.87,0.92, 2026-06-02T06:30:00+09:00, 2026-06-02T07:00:00+09:00
0.656,16.39,0.92, 2026-06-02T07:00:00+09:00, 2026-06-02T07:30:00+09:00
0.185,4.62,0.92, 2026-06-02T07:30:00+09:00, 2026-06-02T08:00:00+09:00
0.055,1.37,0.92, 2026-06-02T08:00:00+09:00, 2026-06-02T08:30:00+09:00
0.022,0.55,0.92, 2026-06-02T08:30:00+09:00, 2026-06-02T09:00:00+09:00
0.036,0.9,0.92, 2026-06-02T09:00:00+09:00, 2026-06-02T09:30:00+09:00
0.03,0.75,0.92, 2026-06-02T09:30:00+09:00, 2026-06-02T10:00:00+09:00
0.027,0.67,0.92, 2026-06-02T10:00:00+09:00, 2026-06-02T10:30:00+09:00
0.039,0.97,0.92, 2026-06-02T10:30:00+09:00, 2026-06-02T11:00:00+09:00
0.02,0.5,0.92, 2026-06-02T11:00:00+09:00, 2026-06-02T11:30:00+09:00
0.041,1.02,0.92, 2026-06-02T11:30:00+09:00, 2026-06-02T12:00:00+09:00
0.025,0.62,0.92, 2026-06-02T12:00:00+09:00, 2026-06-02T12:30:00+09:00
0.032,0.8,0.92, 2026-06-02T12:30:00+09:00, 2026-06-02T13:00:00+09:00
0.033,0.82,0.92, 2026-06-02T13:00:00+09:00, 2026-06-02T13:30:00+09:00
0.025,0.62,0.92, 2026-06-02T13:30:00+09:00, 2026-06-02T14:00:00+09:00
0.04,1,0.92, 2026-06-02T14:00:00+09:00, 2026-06-02T14:30:00+09:00
0.017,0.42,0.92, 2026-06-02T14:30:00+09:00, 2026-06-02T15:00:00+09:00
0.045,1.12,0.92, 2026-06-02T15:00:00+09:00, 2026-06-02T15:30:00+09:00
0.017,0.42,0.92, 2026-06-02T15:30:00+09:00, 2026-06-02T16:00:00+09:00
0.052,1.3,0.92, 2026-06-02T16:00:00+09:00, 2026-06-02T16:30:00+09:00
0.036,0.9,0.92, 2026-06-02T16:30:00+09:00, 2026-06-02T17:00:00+09:00
0.044,1.1,0.92, 2026-06-02T17:00:00+09:00, 2026-06-02T17:30:00+09:00
0.049,1.22,0.92, 2026-06-02T17:30:00+09:00, 2026-06-02T18:00:00+09:00
0.052,1.3,0.92, 2026-06-02T18:00:00+09:00, 2026-06-02T18:30:00+09:00
0.052,1.3,0.92, 2026-06-02T18:30:00+09:00, 2026-06-02T19:00:00+09:00
0.028,0.7,0.92, 2026-06-02T19:00:00+09:00, 2026-06-02T19:30:00+09:00
0.043,1.07,0.92, 2026-06-02T19:30:00+09:00, 2026-06-02T20:00:00+09:00
0.036,0.9,0.92, 2026-06-02T20:00:00+09:00, 2026-06-02T20:30:00+09:00
0.036,0.9,0.92, 2026-06-02T20:30:00+09:00, 2026-06-02T21:00:00+09:00
0.044,1.1,0.92, 2026-06-02T21:00:00+09:00, 2026-06-02T21:30:00+09:00
0.027,0.67,0.92, 2026-06-02T21:30:00+09:00, 2026-06-02T22:00:00+09:00
0.049,1.22,0.92, 2026-06-02T22:00:00+09:00, 2026-06-02T22:30:00+09:00
0.024,0.6,0.92, 2026-06-02T22:30:00+09:00, 2026-06-02T23:00:00+09:00
0.049,1.22,0.92, 2026-06-02T23:00:00+09:00, 2026-06-02T23:30:00+09:00
0.031,0.77,0.92, 2026-06-02T23:30:00+09:00, 2026-06-03T00:00:00+09:00
0.041,1.02,0.92, 2026-06-03T00:00:00+09:00, 2026-06-03T00:30:00+09:00
0.038,0.95,0.92, 2026-06-03T00:30:00+09:00, 2026-06-03T01:00:00+09:00
0.034,0.85,0.92, 2026-06-03T01:00:00+09:00, 2026-06-03T01:30:00+09:00
0.045,1.12,0.92, 2026-06-03T01:30:00+09:00, 2026-06-03T02:00:00+09:00
0.027,0.67,0.92, 2026-06-03T02:00:00+09:00, 2026-06-03T02:30:00+09:00
0.049,1.22,0.92, 2026-06-03T02:30:00+09:00, 2026-06-03T03:00:00+09:00
0.023,0.57,0.92, 2026-06-03T03:00:00+09:00, 2026-06-03T03:30:00+09:00
0.049,1.22,0.92, 2026-06-03T03:30:00+09:00, 2026-06-03T04:00:00+09:00
0.03,0.75,0.92, 2026-06-03T04:00:00+09:00, 2026-06-03T04:30:00+09:00
0.043,1.07,0.92, 2026-06-03T04:30:00+09:00, 2026-06-03T05:00:00+09:00
0.036,0.9,0.92, 2026-06-03T05:00:00+09:00, 2026-06-03T05:30:00+09:00
0.084,2.1,0.92, 2026-06-03T05:30:00+09:00, 2026-06-03T06:00:00+09:00
0.043,1.07,0.92, 2026-06-03T06:00:00+09:00, 2026-06-03T06:30:00+09:00
0.029,0.72,0.92, 2026-06-03T06:30:00+09:00, 2026-06-03T07:00:00+09:00
0.644,16.09,0.92, 2026-06-03T07:00:00+09:00, 2026-06-03T07:30:00+09:00
1.516,37.87,0.92, 2026-06-03T07:30:00+09:00, 2026-06-03T08:00:00+09:00
0.953,23.81,0.92, 2026-06-03T08:00:00+09:00, 2026-06-03T08:30:00+09:00
0.061,1.52,0.92, 2026-06-03T08:30:00+09:00, 2026-06-03T09:00:00+09:00
0.034,0.85,0.92, 2026-06-03T09:00:00+09:00, 2026-06-03T09:30:00+09:00
0.04,1,0.92, 2026-06-03T09:30:00+09:00, 2026-06-03T10:00:00+09:00
0.025,0.62,0.92, 2026-06-03T10:00:00+09:00, 2026-06-03T10:30:00+09:00
0.031,0.77,0.92, 2026-06-03T10:30:00+09:00, 2026-06-03T11:00:00+09:00
0.035,0.87,0.92, 2026-06-03T11:00:00+09:00, 2026-06-03T11:30:00+09:00
0.021,0.52,0.92, 2026-06-03T11:30:00+09:00, 2026-06-03T12:00:00+09:00
0.041,1.02,0.92, 2026-06-03T12:00:00+09:00, 2026-06-03T12:30:00+09:00
0.017,0.42,0.92, 2026-06-03T12:30:00+09:00, 2026-06-03T13:00:00+09:00
0.038,0.95,0.92, 2026-06-03T13:00:00+09:00, 2026-06-03T13:30:00+09:00
0.027,0.67,0.92, 2026-06-03T13:30:00+09:00, 2026-06-03T14:00:00+09:00
0.029,0.72,0.92, 2026-06-03T14:00:00+09:00, 2026-06-03T14:30:00+09:00
0.035,0.87,0.92, 2026-06-03T14:30:00+09:00, 2026-06-03T15:00:00+09:00
0.022,0.55,0.92, 2026-06-03T15:00:00+09:00, 2026-06-03T15:30:00+09:00
0.041,1.02,0.92, 2026-06-03T15:30:00+09:00, 2026-06-03T16:00:00+09:00
0.031,0.77,0.92, 2026-06-03T16:00:00+09:00, 2026-06-03T16:30:00+09:00
0.049,1.22,0.92, 2026-06-03T16:30:00+09:00, 2026-06-03T17:00:00+09:00
0.032,0.8,0.92, 2026-06-03T17:00:00+09:00, 2026-06-03T17:30:00+09:00
0.043,1.07,0.92, 2026-06-03T17:30:00+09:00, 2026-06-03T18:00:00+09:00
0.057,1.42,0.92, 2026-06-03T18:00:00+09:00, 2026-06-03T18:30:00+09:00
0.044,1.1,0.92, 2026-06-03T18:30:00+09:00, 2026-06-03T19:00:00+09:00
0.058,1.45,0.92, 2026-06-03T19:00:00+09:00, 2026-06-03T19:30:00+09:00
0.041,1.02,0.92, 2026-06-03T19:30:00+09:00, 2026-06-03T20:00:00+09:00
0.054,1.35,0.92, 2026-06-03T20:00:00+09:00, 2026-06-03T20:30:00+09:00
0.035,0.87,0.92, 2026-06-03T20:30:00+09:00, 2026-06-03T21:00:00+09:00
0.053,1.32,0.92, 2026-06-03T21:00:00+09:00, 2026-06-03T21:30:00+09:00
0.053,1.32,0.92, 2026-06-03T21:30:00+09:00, 2026-06-03T22:00:00+09:00
0.065,1.62,0.92, 2026-06-03T22:00:00+09:00, 2026-06-03T22:30:00+09:00
0.04,1,0.92, 2026-06-03T22:30:00+09:00, 2026-06-03T23:00:00+09:00
0.053,1.32,0.92, 2026-06-03T23:00:00+09:00, 2026-06-03T23:30:00+09:00
0.03,0.75,0.92, 2026-06-03T23:30:00+09:00, 2026-06-04T00:00:00+09:00
0.056,1.4,0.92, 2026-06-04T00:00:00+09:00, 2026-06-04T00:30:00+09:00
0.028,0.7,0.92, 2026-06-04T00:30:00+09:00, 2026-06-04T01:00:00+09:00
0.049,1.22,0.92, 2026-06-04T01:00:00+09:00, 2026-06-04T01:30:00+09:00
0.047,1.17,0.92, 2026-06-04T01:30:00+09:00, 2026-06-04T02:00:00+09:00
0.438,10.94,0.92, 2026-06-04T02:00:00+09:00, 2026-06-04T02:30:00+09:00
0.115,2.87,0.92, 2026-06-04T02:30:00+09:00, 2026-06-04T03:00:00+09:00
0.056,1.4,0.92, 2026-06-04T03:00:00+09:00, 2026-06-04T03:30:00+09:00
0.038,0.95,0.92, 2026-06-04T03:30:00+09:00, 2026-06-04T04:00:00+09:00
0.037,0.92,0.92, 2026-06-04T04:00:00+09:00, 2026-06-04T04:30:00+09:00
0.047,1.17,0.92, 2026-06-04T04:30:00+09:00, 2026-06-04T05:00:00+09:00
0.029,0.72,0.92, 2026-06-04T05:00:00+09:00, 2026-06-04T05:30:00+09:00
1.057,26.41,0.92, 2026-06-04T05:30:00+09:00, 2026-06-04T06:00:00+09:00
0.036,0.9,0.92, 2026-06-04T06:00:00+09:00, 2026-06-04T06:30:00+09:00
0.168,4.2,0.92, 2026-06-04T06:30:00+09:00, 2026-06-04T07:00:00+09:00
0.051,1.27,0.92, 2026-06-04T07:00:00+09:00, 2026-06-04T07:30:00+09:00
0.056,1.4,0.92, 2026-06-04T07:30:00+09:00, 2026-06-04T08:00:00+09:00
0.052,1.3,0.92, 2026-06-04T08:00:00+09:00, 2026-06-04T08:30:00+09:00
0.041,1.02,0.92, 2026-06-04T08:30:00+09:00, 2026-06-04T09:00:00+09:00
0.048,1.2,0.92, 2026-06-04T09:00:00+09:00, 2026-06-04T09:30:00+09:00
0.027,0.67,0.92, 2026-06-04T09:30:00+09:00, 2026-06-04T10:00:00+09:00
0.031,0.77,0.92, 2026-06-04T10:00:00+09:00, 2026-06-04T10:30:00+09:00
0.036,0.9,0.92, 2026-06-04T10:30:00+09:00, 2026-06-04T11:00:00+09:00
0.023,0.57,0.92, 2026-06-04T11:00:00+09:00, 2026-06-04T11:30:00+09:00
0.042,1.05,0.92, 2026-06-04T11:30:00+09:00, 2026-06-04T12:00:00+09:00
0.022,0.55,0.92, 2026-06-04T12:00:00+09:00, 2026-06-04T12:30:00+09:00
0.036,0.9,0.92, 2026-06-04T12:30:00+09:00, 2026-06-04T13:00:00+09:00
0.03,0.75,0.92, 2026-06-04T13:00:00+09:00, 2026-06-04T13:30:00+09:00
0.027,0.67,0.92, 2026-06-04T13:30:00+09:00, 2026-06-04T14:00:00+09:00
0.038,0.95,0.92, 2026-06-04T14:00:00+09:00, 2026-06-04T14:30:00+09:00
0.02,0.5,0.92, 2026-06-04T14:30:00+09:00, 2026-06-04T15:00:00+09:00
0.044,1.1,0.92, 2026-06-04T15:00:00+09:00, 2026-06-04T15:30:00+09:00
0.018,0.45,0.92, 2026-06-04T15:30:00+09:00, 2026-06-04T16:00:00+09:00
0.057,1.42,0.92, 2026-06-04T16:00:00+09:00, 2026-06-04T16:30:00+09:00
0.029,0.72,0.92, 2026-06-04T16:30:00+09:00, 2026-06-04T17:00:00+09:00
0.049,1.22,0.92, 2026-06-04T17:00:00+09:00, 2026-06-04T17:30:00+09:00
0.036,0.9,0.92, 2026-06-04T17:30:00+09:00, 2026-06-04T18:00:00+09:00
0.05,1.25,0.92, 2026-06-04T18:00:00+09:00, 2026-06-04T18:30:00+09:00
0.04,1,0.92, 2026-06-04T18:30:00+09:00, 2026-06-04T19:00:00+09:00
0.039,0.97,0.92, 2026-06-04T19:00:00+09:00, 2026-06-04T19:30:00+09:00
0.048,1.2,0.92, 2026-06-04T19:30:00+09:00, 2026-06-04T20:00:00+09:00
0.025,0.62,0.92, 2026-06-04T20:00:00+09:00, 2026-06-04T20:30:00+09:00
0.047,1.17,0.92, 2026-06-04T20:30:00+09:00, 2026-06-04T21:00:00+09:00
0.036,0.9,0.92, 2026-06-04T21:00:00+09:00, 2026-06-04T21:30:00+09:00
0.036,0.9,0.92, 2026-06-04T21:30:00+09:00, 2026-06-04T22:00:00+09:00
0.045,1.12,0.92, 2026-06-04T22:00:00+09:00, 2026-06-04T22:30:00+09:00
0.027,0.67,0.92, 2026-06-04T22:30:00+09:00, 2026-06-04T23:00:00+09:00
0.049,1.22,0.92, 2026-06-04T23:00:00+09:00, 2026-06-04T23:30:00+09:00
0.026,0.65,0.92, 2026-06-04T23:30:00+09:00, 2026-06-05T00:00:00+09:00
0.047,1.17,0.92, 2026-06-05T00:00:00+09:00, 2026-06-05T00:30:00+09:00
0.033,0.82,0.92, 2026-06-05T00:30:00+09:00, 2026-06-05T01:00:00+09:00
0.039,0.97,0.92, 2026-06-05T01:00:00+09:00, 2026-06-05T01:30:00+09:00
0.04,1,0.92, 2026-06-05T01:30:00+09:00, 2026-06-05T02:00:00+09:00
0.033,0.82,0.92, 2026-06-05T02:00:00+09:00, 2026-06-05T02:30:00+09:00
0.045,1.12,0.92, 2026-06-05T02:30:00+09:00, 2026-06-05T03:00:00+09:00
0.027,0.67,0.92, 2026-06-05T03:00:00+09:00, 2026-06-05T03:30:00+09:00
0.05,1.25,0.92, 2026-06-05T03:30:00+09:00, 2026-06-05T04:00:00+09:00
0.023,0.57,0.92, 2026-06-05T04:00:00+09:00, 2026-06-05T04:30:00+09:00
0.049,1.22,0.92, 2026-06-05T04:30:00+09:00, 2026-06-05T05:00:00+09:00
0.029,0.72,0.92, 2026-06-05T05:00:00+09:00, 2026-06-05T05:30:00+09:00
0.092,2.3,0.92, 2026-06-05T05:30:00+09:00, 2026-06-05T06:00:00+09:00
1.079,26.95,0.92, 2026-06-05T06:00:00+09:00, 2026-06-05T06:30:00+09:00
0.479,11.97,0.92, 2026-06-05T06:30:00+09:00, 2026-06-05T07:00:00+09:00
0.086,2.15,0.92, 2026-06-05T07:00:00+09:00, 2026-06-05T07:30:00+09:00
0.05,1.25,0.92, 2026-06-05T07:30:00+09:00, 2026-06-05T08:00:00+09:00
0.06,1.5,0.92, 2026-06-05T08:00:00+09:00, 2026-06-05T08:30:00+09:00
0.03,0.75,0.92, 2026-06-05T08:30:00+09:00, 2026-06-05T09:00:00+09:00
0.045,1.12,0.92, 2026-06-05T09:00:00+09:00, 2026-06-05T09:30:00+09:00
0.024,0.6,0.92, 2026-06-05T09:30:00+09:00, 2026-06-05T10:00:00+09:00
0.033,0.82,0.92, 2026-06-05T10:00:00+09:00, 2026-06-05T10:30:00+09:00
0.032,0.8,0.92, 2026-06-05T10:30:00+09:00, 2026-06-05T11:00:00+09:00
0.026,0.65,0.92, 2026-06-05T11:00:00+09:00, 2026-06-05T11:30:00+09:00
0.039,0.97,0.92, 2026-06-05T11:30:00+09:00, 2026-06-05T12:00:00+09:00
0.019,0.47,0.92, 2026-06-05T12:00:00+09:00, 2026-06-05T12:30:00+09:00
0.041,1.02,0.92, 2026-06-05T12:30:00+09:00, 2026-06-05T13:00:00+09:00
0.02,0.5,0.92, 2026-06-05T13:00:00+09:00, 2026-06-05T13:30:00+09:00
0.036,0.9,0.92, 2026-06-05T13:30:00+09:00, 2026-06-05T14:00:00+09:00
0.029,0.72,0.92, 2026-06-05T14:00:00+09:00, 2026-06-05T14:30:00+09:00
0.027,0.67,0.92, 2026-06-05T14:30:00+09:00, 2026-06-05T15:00:00+09:00
0.037,0.92,0.92, 2026-06-05T15:00:00+09:00, 2026-06-05T15:30:00+09:00
0.02,0.5,0.92, 2026-06-05T15:30:00+09:00, 2026-06-05T16:00:00+09:00
0.048,1.2,0.92, 2026-06-05T16:00:00+09:00, 2026-06-05T16:30:00+09:00
0.032,0.8,0.92, 2026-06-05T16:30:00+09:00, 2026-06-05T17:00:00+09:00
0.041,1.02,0.92, 2026-06-05T17:00:00+09:00, 2026-06-05T17:30:00+09:00
0.039,0.97,0.92, 2026-06-05T17:30:00+09:00, 2026-06-05T18:00:00+09:00
0.039,0.97,0.92, 2026-06-05T18:00:00+09:00, 2026-06-05T18:30:00+09:00
0.058,1.45,0.92, 2026-06-05T18:30:00+09:00, 2026-06-05T19:00:00+09:00
0.038,0.95,0.92, 2026-06-05T19:00:00+09:00, 2026-06-05T19:30:00+09:00
0.066,1.65,0.92, 2026-06-05T19:30:00+09:00, 2026-06-05T20:00:00+09:00
0.044,1.1,0.92, 2026-06-05T20:00:00+09:00, 2026-06-05T20:30:00+09:00
0.053,1.32,0.92, 2026-06-05T20:30:00+09:00, 2026-06-05T21:00:00+09:00
0.056,1.4,0.92, 2026-06-05T21:00:00+09:00, 2026-06-05T21:30:00+09:00
0.03,0.75,0.92, 2026-06-05T21:30:00+09:00, 2026-06-05T22:00:00+09:00
0.043,1.07,0.92, 2026-06-05T22:00:00+09:00, 2026-06-05T22:30:00+09:00
0.044,1.1,0.92, 2026-06-05T22:30:00+09:00, 2026-06-05T23:00:00+09:00
0.028,0.7,0.92, 2026-06-05T23:00:00+09:00, 2026-06-05T23:30:00+09:00
0.048,1.2,0.92, 2026-06-05T23:30:00+09:00, 2026-06-06T00:00:00+09:00
0.026,0.65,0.92, 2026-06-06T00:00:00+09:00, 2026-06-06T00:30:00+09:00
0.046,1.15,0.92, 2026-06-06T00:30:00+09:00, 2026-06-06T01:00:00+09:00
0.26,6.5,0.92, 2026-06-06T01:00:00+09:00, 2026-06-06T01:30:00+09:00
0.295,7.37,0.92, 2026-06-06T01:30:00+09:00, 2026-06-06T02:00:00+09:00
0.072,1.8,0.92, 2026-06-06T02:00:00+09:00, 2026-06-06T02:30:00+09:00
0.029,0.72,0.92, 2026-06-06T02:30:00+09:00, 2026-06-06T03:00:00+09:00
0.048,1.2,0.92, 2026-06-06T03:00:00+09:00, 2026-06-06T03:30:00+09:00
0.033,0.82,0.92, 2026-06-06T03:30:00+09:00, 2026-06-06T04:00:00+09:00
0.039,0.97,0.92, 2026-06-06T04:00:00+09:00, 2026-06-06T04:30:00+09:00
0.043,1.07,0.92, 2026-06-06T04:30:00+09:00, 2026-06-06T05:00:00+09:00
0.029,0.72,0.92, 2026-06-06T05:00:00+09:00, 2026-06-06T05:30:00+09:00
0.677,16.91,0.92, 2026-06-06T05:30:00+09:00, 2026-06-06T06:00:00+09:00
0.048,1.2,0.92, 2026-06-06T06:00:00+09:00, 2026-06-06T06:30:00+09:00
0.057,1.42,0.92, 2026-06-06T06:30:00+09:00, 2026-06-06T07:00:00+09:00
0.051,1.27,0.92, 2026-06-06T07:00:00+09:00, 2026-06-06T07:30:00+09:00
0.648,16.19,0.92, 2026-06-06T07:30:00+09:00, 2026-06-06T08:00:00+09:00
0.923,23.06,0.92, 2026-06-06T08:00:00+09:00, 2026-06-06T08:30:00+09:00
0.035,0.87,0.92, 2026-06-06T08:30:00+09:00, 2026-06-06T09:00:00+09:00
0.047,1.17,0.92, 2026-06-06T09:00:00+09:00, 2026-06-06T09:30:00+09:00
0.041,1.02,0.92, 2026-06-06T09:30:00+09:00, 2026-06-06T10:00:00+09:00
0.016,0.4,0.92, 2026-06-06T10:00:00+09:00, 2026-06-06T10:30:00+09:00
0.04,1,0.92, 2026-06-06T10:30:00+09:00, 2026-06-06T11:00:00+09:00
0.026,0.65,0.92, 2026-06-06T11:00:00+09:00, 2026-06-06T11:30:00+09:00
0.031,0.77,0.92, 2026-06-06T11:30:00+09:00, 2026-06-06T12:00:00+09:00
0.034,0.85,0.92, 2026-06-06T12:00:00+09:00, 2026-06-06T12:30:00+09:00
0.021,0.52,0.92, 2026-06-06T12:30:00+09:00, 2026-06-06T13:00:00+09:00
0.04,1,0.92, 2026-06-06T13:00:00+09:00, 2026-06-06T13:30:00+09:00
0.016,0.4,0.92, 2026-06-06T13:30:00+09:00, 2026-06-06T14:00:00+09:00
0.043,1.07,0.92, 2026-06-06T14:00:00+09:00, 2026-06-06T14:30:00+09:00
0.021,0.52,0.92, 2026-06-06T14:30:00+09:00, 2026-06-06T15:00:00+09:00
0.035,0.87,0.92, 2026-06-06T15:00:00+09:00, 2026-06-06T15:30:00+09:00
0.03,0.75,0.92, 2026-06-06T15:30:00+09:00, 2026-06-06T16:00:00+09:00
0.035,0.87,0.92, 2026-06-06T16:00:00+09:00, 2026-06-06T16:30:00+09:00
0.049,1.22,0.92, 2026-06-06T16:30:00+09:00, 2026-06-06T17:00:00+09:00
0.042,1.05,0.92, 2026-06-06T17:00:00+09:00, 2026-06-06T17:30:00+09:00
0.056,1.4,0.92, 2026-06-06T17:30:00+09:00, 2026-06-06T18:00:00+09:00
0.03,0.75,0.92, 2026-06-06T18:00:00+09:00, 2026-06-06T18:30:00+09:00
0.056,1.4,0.92, 2026-06-06T18:30:00+09:00, 2026-06-06T19:00:00+09:00
0.033,0.82,0.92, 2026-06-06T19:00:00+09:00, 2026-06-06T19:30:00+09:00
0.039,0.97,0.92, 2026-06-06T19:30:00+09:00, 2026-06-06T20:00:00+09:00
0.05,1.25,0.92, 2026-06-06T20:00:00+09:00, 2026-06-06T20:30:00+09:00
0.05,1.25,0.92, 2026-06-06T20:30:00+09:00, 2026-06-06T21:00:00+09:00
0.048,1.2,0.92, 2026-06-06T21:00:00+09:00, 2026-06-06T21:30:00+09:00
0.024,0.6,0.92, 2026-06-06T21:30:00+09:00, 2026-06-06T22:00:00+09:00
0.049,1.22,0.92, 2026-06-06T22:00:00+09:00, 2026-06-06T22:30:00+09:00
0.034,0.85,0.92, 2026-06-06T22:30:00+09:00, 2026-06-06T23:00:00+09:00
0.037,0.92,0.92, 2026-06-06T23:00:00+09:00, 2026-06-06T23:30:00+09:00
0.042,1.05,0.92, 2026-06-06T23:30:00+09:00, 2026-06-07T00:00:00+09:00
0.031,0.77,0.92, 2026-06-07T00:00:00+09:00, 2026-06-07T00:30:00+09:00
0.051,1.27,0.92, 2026-06-07T00:30:00+09:00, 2026-06-07T01:00:00+09:00
0.025,0.62,0.92, 2026-06-07T01:00:00+09:00, 2026-06-07T01:30:00+09:00
0.056,1.4,0.92, 2026-06-07T01:30:00+09:00, 2026-06-07T02:00:00+09:00
0.044,1.1,0.92, 2026-06-07T02:00:00+09:00, 2026-06-07T02:30:00+09:00
0.036,0.9,0.92, 2026-06-07T02:30:00+09:00, 2026-06-07T03:00:00+09:00
0.046,1.15,0.92, 2026-06-07T03:00:00+09:00, 2026-06-07T03:30:00+09:00
0.032,0.8,0.92, 2026-06-07T03:30:00+09:00, 2026-06-07T04:00:00+09:00
1.375,34.35,0.92, 2026-06-07T04:00:00+09:00, 2026-06-07T04:30:00+09:00
1.524,38.07,0.92, 2026-06-07T04:30:00+09:00, 2026-06-07T05:00:00+09:00
0.198,4.95,0.92, 2026-06-07T05:00:00+09:00, 2026-06-07T05:30:00+09:00
0.107,2.67,0.92, 2026-06-07T05:30:00+09:00, 2026-06-07T06:00:00+09:00
0.057,1.42,0.92, 2026-06-07T06:00:00+09:00, 2026-06-07T06:30:00+09:00
0.062,1.55,0.92, 2026-06-07T06:30:00+09:00, 2026-06-07T07:00:00+09:00
0.047,1.17,0.92, 2026-06-07T07:00:00+09:00, 2026-06-07T07:30:00+09:00
0.051,1.27,0.92, 2026-06-07T07:30:00+09:00, 2026-06-07T08:00:00+09:00
0.039,0.97,0.92, 2026-06-07T08:00:00+09:00, 2026-06-07T08:30:00+09:00
0.019,0.47,0.92, 2026-06-07T08:30:00+09:00, 2026-06-07T09:00:00+09:00
0.036,0.9,0.92, 2026-06-07T09:00:00+09:00, 2026-06-07T09:30:00+09:00
0.03,0.75,0.92, 2026-06-07T09:30:00+09:00, 2026-06-07T10:00:00+09:00
0.025,0.62,0.92, 2026-06-07T10:00:00+09:00, 2026-06-07T10:30:00+09:00
0.04,1,0.92, 2026-06-07T10:30:00+09:00, 2026-06-07T11:00:00+09:00
0.016,0.4,0.92, 2026-06-07T11:00:00+09:00, 2026-06-07T11:30:00+09:00
0.041,1.02,0.92, 2026-06-07T11:30:00+09:00, 2026-06-07T12:00:00+09:00
0.021,0.52,0.92, 2026-06-07T12:00:00+09:00, 2026-06-07T12:30:00+09:00
0.034,0.85,0.92, 2026-06-07T12:30:00+09:00, 2026-06-07T13:00:00+09:00
0.029,0.72,0.92, 2026-06-07T13:00:00+09:00, 2026-06-07T13:30:00+09:00
0.026,0.65,0.92, 2026-06-07T13:30:00+09:00, 2026-06-07T14:00:00+09:00
0.04,1,0.92, 2026-06-07T14:00:00+09:00, 2026-06-07T14:30:00+09:00
0.015,0.37,0.92, 2026-06-07T14:30:00+09:00, 2026-06-07T15:00:00+09:00
0.04,1,0.92, 2026-06-07T15:00:00+09:00, 2026-06-07T15:30:00+09:00
0.025,0.62,0.92, 2026-06-07T15:30:00+09:00, 2026-06-07T16:00:00+09:00
0.046,1.15,0.92, 2026-06-07T16:00:00+09:00, 2026-06-07T16:30:00+09:00
0.041,1.02,0.92, 2026-06-07T16:30:00+09:00, 2026-06-07T17:00:00+09:00
0.051,1.27,0.92, 2026-06-07T17:00:00+09:00, 2026-06-07T17:30:00+09:00
0.055,1.37,0.92, 2026-06-07T17:30:00+09:00, 2026-06-07T18:00:00+09:00
0.036,0.9,0.92, 2026-06-07T18:00:00+09:00, 2026-06-07T18:30:00+09:00
0.056,1.4,0.92, 2026-06-07T18:30:00+09:00, 2026-06-07T19:00:00+09:00
0.032,0.8,0.92, 2026-06-07T19:00:00+09:00, 2026-06-07T19:30:00+09:00
0.061,1.52,0.92, 2026-06-07T19:30:00+09:00, 2026-06-07T20:00:00+09:00
0.032,0.8,0.92, 2026-06-07T20:00:00+09:00, 2026-06-07T20:30:00+09:00
0.042,1.05,0.92, 2026-06-07T20:30:00+09:00, 2026-06-07T21:00:00+09:00
0.042,1.05,0.92, 2026-06-07T21:00:00+09:00, 2026-06-07T21:30:00+09:00
0.031,0.77,0.92, 2026-06-07T21:30:00+09:00, 2026-06-07T22:00:00+09:00
0.049,1.22,0.92, 2026-06-07T22:00:00+09:00, 2026-06-07T22:30:00+09:00
0.033,0.82,0.92, 2026-06-07T22:30:00+09:00, 2026-06-07T23:00:00+09:00
0.052,1.3,0.92, 2026-06-07T23:00:00+09:00, 2026-06-07T23:30:00+09:00
0.037,0.92,0.92, 2026-06-07T23:30:00+09:00, 2026-06-08T00:00:00+09:00
0.035,0.87,0.92, 2026-06-08T00:00:00+09:00, 2026-06-08T00:30:00+09:00
0.045,1.12,0.92, 2026-06-08T00:30:00+09:00, 2026-06-08T01:00:00+09:00
0.202,5.05,0.92, 2026-06-08T01:00:00+09:00, 2026-06-08T01:30:00+09:00
0.353,8.82,0.92, 2026-06-08T01:30:00+09:00, 2026-06-08T02:00:00+09:00
0.04,1,0.92, 2026-06-08T02:00:00+09:00, 2026-06-08T02:30:00+09:00
0.043,1.07,0.92, 2026-06-08T02:30:00+09:00, 2026-06-08T03:00:00+09:00
0.041,1.02,0.92, 2026-06-08T03:00:00+09:00, 2026-06-08T03:30:00+09:00
0.033,0.82,0.92, 2026-06-08T03:30:00+09:00, 2026-06-08T04:00:00+09:00
0.049,1.22,0.92, 2026-06-08T04:00:00+09:00, 2026-06-08T04:30:00+09:00
0.034,0.85,0.92, 2026-06-08T04:30:00+09:00, 2026-06-08T05:00:00+09:00
0.087,2.17,0.92, 2026-06-08T05:00:00+09:00, 2026-06-08T05:30:00+09:00
1.483,37.05,0.92, 2026-06-08T05:30:00+09:00, 2026-06-08T06:00:00+09:00
0.045,1.12,0.92, 2026-06-08T06:00:00+09:00, 2026-06-08T06:30:00+09:00
0.062,1.55,0.92, 2026-06-08T06:30:00+09:00, 2026-06-08T07:00:00+09:00
0.058,1.45,0.92, 2026-06-08T07:00:00+09:00, 2026-06-08T07:30:00+09:00
0.075,1.87,0.92, 2026-06-08T07:30:00+09:00, 2026-06-08T08:00:00+09:00
0.125,3.12,0.92, 2026-06-08T08:00:00+09:00, 2026-06-08T08:30:00+09:00
0.112,2.8,0.92, 2026-06-08T08:30:00+09:00, 2026-06-08T09:00:00+09:00
0.049,1.22,0.92, 2026-06-08T09:00:00+09:00, 2026-06-08T09:30:00+09:00
0.1,2.5,0.92, 2026-06-08T09:30:00+09:00, 2026-06-08T10:00:00+09:00
0.074,1.85,0.92, 2026-06-08T10:00:00+09:00, 2026-06-08T10:30:00+09:00
0.044,1.1,0.92, 2026-06-08T10:30:00+09:00, 2026-06-08T11:00:00+09:00
0.041,1.02,0.92, 2026-06-08T11:00:00+09:00, 2026-06-08T11:30:00+09:00
0.034,0.85,0.92, 2026-06-08T11:30:00+09:00, 2026-06-08T12:00:00+09:00
0.024,0.6,0.92, 2026-06-08T12:00:00+09:00, 2026-06-08T12:30:00+09:00
0.042,1.05,0.92, 2026-06-08T12:30:00+09:00, 2026-06-08T13:00:00+09:00
0.016,0.4,0.92, 2026-06-08T13:00:00+09:00, 2026-06-08T13:30:00+09:00
0.041,1.02,0.92, 2026-06-08T13:30:00+09:00, 2026-06-08T14:00:00+09:00
0.021,0.52,0.92, 2026-06-08T14:00:00+09:00, 2026-06-08T14:30:00+09:00
0.036,0.9,0.92, 2026-06-08T14:30:00+09:00, 2026-06-08T15:00:00+09:00
0.031,0.77,0.92, 2026-06-08T15:00:00+09:00, 2026-06-08T15:30:00+09:00
0.028,0.7,0.92, 2026-06-08T15:30:00+09:00, 2026-06-08T16:00:00+09:00
0.045,1.12,0.92, 2026-06-08T16:00:00+09:00, 2026-06-08T16:30:00+09:00
0.029,0.72,0.92, 2026-06-08T16:30:00+09:00, 2026-06-08T17:00:00+09:00
0.048,1.2,0.92, 2026-06-08T17:00:00+09:00, 2026-06-08T17:30:00+09:00
0.023,0.57,0.92, 2026-06-08T17:30:00+09:00, 2026-06-08T18:00:00+09:00
0.049,1.22,0.92, 2026-06-08T18:00:00+09:00, 2026-06-08T18:30:00+09:00
0.027,0.67,0.92, 2026-06-08T18:30:00+09:00, 2026-06-08T19:00:00+09:00
0.044,1.1,0.92, 2026-06-08T19:00:00+09:00, 2026-06-08T19:30:00+09:00
0.034,0.85,0.92, 2026-06-08T19:30:00+09:00, 2026-06-08T20:00:00+09:00
0.048,1.2,0.92, 2026-06-08T20:00:00+09:00, 2026-06-08T20:30:00+09:00
0.07,1.75,0.92, 2026-06-08T20:30:00+09:00, 2026-06-08T21:00:00+09:00
0.046,1.15,0.92, 2026-06-08T21:00:00+09:00, 2026-06-08T21:30:00+09:00
0.055,1.37,0.92, 2026-06-08T21:30:00+09:00, 2026-06-08T22:00:00+09:00
0.036,0.9,0.92, 2026-06-08T22:00:00+09:00, 2026-06-08T22:30:00+09:00
0.038,0.95,0.92, 2026-06-08T22:30:00+09:00, 2026-06-08T23:00:00+09:00
0.131,3.27,0.92, 2026-06-08T23:00:00+09:00, 2026-06-08T23:30:00+09:00
0.058,1.45,0.92, 2026-06-08T23:30:00+09:00, 2026-06-09T00:00:00+09:00
0.098,2.45,0.92, 2026-06-09T00:00:00+09:00, 2026-06-09T00:30:00+09:00
0.033,0.82,0.92, 2026-06-09T00:30:00+09:00, 2026-06-09T01:00:00+09:00
0.043,1.07,0.92, 2026-06-09T01:00:00+09:00, 2026-06-09T01:30:00+09:00
0.04,1,0.92, 2026-06-09T01:30:00+09:00, 2026-06-09T02:00:00+09:00
0.043,1.07,0.92, 2026-06-09T02:00:00+09:00, 2026-06-09T02:30:00+09:00
0.048,1.2,0.92, 2026-06-09T02:30:00+09:00, 2026-06-09T03:00:00+09:00
0.034,0.85,0.92, 2026-06-09T03:00:00+09:00, 2026-06-09T03:30:00+09:00
0.055,1.37,0.92, 2026-06-09T03:30:00+09:00, 2026-06-09T04:00:00+09:00
0.05,1.25,0.92, 2026-06-09T04:00:00+09:00, 2026-06-09T04:30:00+09:00
0.047,1.17,0.92, 2026-06-09T04:30:00+09:00, 2026-06-09T05:00:00+09:00
0.044,1.1,0.92, 2026-06-09T05:00:00+09:00, 2026-06-09T05:30:00+09:00
0.459,11.47,0.92, 2026-06-09T05:30:00+09:00, 2026-06-09T06:00:00+09:00
0.057,1.42,0.92, 2026-06-09T06:00:00+09:00, 2026-06-09T06:30:00+09:00
0.479,11.97,0.92, 2026-06-09T06:30:00+09:00, 2026-06-09T07:00:00+09:00
1.553,38.8,0.92, 2026-06-09T07:00:00+09:00, 2026-06-09T07:30:00+09:00
1.123,28.05,0.92, 2026-06-09T07:30:00+09:00, 2026-06-09T08:00:00+09:00
0.023,0.57,0.92, 2026-06-09T08:00:00+09:00, 2026-06-09T08:30:00+09:00
0.042,1.05,0.92, 2026-06-09T08:30:00+09:00, 2026-06-09T09:00:00+09:00
0.016,0.4,0.92, 2026-06-09T09:00:00+09:00, 2026-06-09T09:30:00+09:00
0.042,1.05,0.92, 2026-06-09T09:30:00+09:00, 2026-06-09T10:00:00+09:00
0.023,0.57,0.92, 2026-06-09T10:00:00+09:00, 2026-06-09T10:30:00+09:00
0.033,0.82,0.92, 2026-06-09T10:30:00+09:00, 2026-06-09T11:00:00+09:00
0.03,0.75,0.92, 2026-06-09T11:00:00+09:00, 2026-06-09T11:30:00+09:00
0.025,0.62,0.92, 2026-06-09T11:30:00+09:00, 2026-06-09T12:00:00+09:00
0.038,0.95,0.92, 2026-06-09T12:00:00+09:00, 2026-06-09T12:30:00+09:00
0.018,0.45,0.92, 2026-06-09T12:30:00+09:00, 2026-06-09T13:00:00+09:00
0.04,1,0.92, 2026-06-09T13:00:00+09:00, 2026-06-09T13:30:00+09:00
0.015,0.37,0.92, 2026-06-09T13:30:00+09:00, 2026-06-09T14:00:00+09:00
0.041,1.02,0.92, 2026-06-09T14:00:00+09:00, 2026-06-09T14:30:00+09:00
0.02,0.5,0.92, 2026-06-09T14:30:00+09:00, 2026-06-09T15:00:00+09:00
0.041,1.02,0.92, 2026-06-09T15:00:00+09:00, 2026-06-09T15:30:00+09:00
0.033,0.82,0.92, 2026-06-09T15:30:00+09:00, 2026-06-09T16:00:00+09:00
0.053,1.32,0.92, 2026-06-09T16:00:00+09:00, 2026-06-09T16:30:00+09:00
1.414,35.32,0.92, 2026-06-09T16:30:00+09:00, 2026-06-09T17:00:00+09:00
1.483,37.05,0.92, 2026-06-09T17:00:00+09:00, 2026-06-09T17:30:00+09:00
0.142,3.55,0.92, 2026-06-09T17:30:00+09:00, 2026-06-09T18:00:00+09:00
0.032,0.8,0.92, 2026-06-09T18:00:00+09:00, 2026-06-09T18:30:00+09:00
0.06,1.5,0.92, 2026-06-09T18:30:00+09:00, 2026-06-09T19:00:00+09:00
0.033,0.82,0.92, 2026-06-09T19:00:00+09:00, 2026-06-09T19:30:00+09:00
0.039,0.97,0.92, 2026-06-09T19:30:00+09:00, 2026-06-09T20:00:00+09:00
0.041,1.02,0.92, 2026-06-09T20:00:00+09:00, 2026-06-09T20:30:00+09:00
0.03,0.75,0.92, 2026-06-09T20:30:00+09:00, 2026-06-09T21:00:00+09:00
0.047,1.17,0.92, 2026-06-09T21:00:00+09:00, 2026-06-09T21:30:00+09:00
0.023,0.57,0.92, 2026-06-09T21:30:00+09:00, 2026-06-09T22:00:00+09:00
0.047,1.17,0.92, 2026-06-09T22:00:00+09:00, 2026-06-09T22:30:00+09:00
0.029,0.72,0.92, 2026-06-09T22:30:00+09:00, 2026-06-09T23:00:00+09:00
0.042,1.05,0.92, 2026-06-09T23:00:00+09:00, 2026-06-09T23:30:00+09:00
0.036,0.9,0.92, 2026-06-09T23:30:00+09:00, 2026-06-10T00:00:00+09:00
0.034,0.85,0.92, 2026-06-10T00:00:00+09:00, 2026-06-10T00:30:00+09:00
0.044,1.1,0.92, 2026-06-10T00:30:00+09:00, 2026-06-10T01:00:00+09:00
0.027,0.67,0.92, 2026-06-10T01:00:00+09:00, 2026-06-10T01:30:00+09:00
0.047,1.17,0.92, 2026-06-10T01:30:00+09:00, 2026-06-10T02:00:00+09:00
0.023,0.57,0.92, 2026-06-10T02:00:00+09:00, 2026-06-10T02:30:00+09:00
0.047,1.17,0.92, 2026-06-10T02:30:00+09:00, 2026-06-10T03:00:00+09:00
0.031,0.77,0.92, 2026-06-10T03:00:00+09:00, 2026-06-10T03:30:00+09:00
0.039,0.97,0.92, 2026-06-10T03:30:00+09:00, 2026-06-10T04:00:00+09:00
0.039,0.97,0.92, 2026-06-10T04:00:00+09:00, 2026-06-10T04:30:00+09:00
0.032,0.8,0.92, 2026-06-10T04:30:00+09:00, 2026-06-10T05:00:00+09:00
0.045,1.12,0.92, 2026-06-10T05:00:00+09:00, 2026-06-10T05:30:00+09:00
0.076,1.9,0.92, 2026-06-10T05:30:00+09:00, 2026-06-10T06:00:00+09:00
1.064,26.58,0.92, 2026-06-10T06:00:00+09:00, 2026-06-10T06:30:00+09:00
1.519,37.95,0.92, 2026-06-10T06:30:00+09:00, 2026-06-10T07:00:00+09:00
0.526,13.14,0.92, 2026-06-10T07:00:00+09:00, 2026-06-10T07:30:00+09:00
0.025,0.62,0.92, 2026-06-10T07:30:00+09:00, 2026-06-10T08:00:00+09:00
0.036,0.9,0.92, 2026-06-10T08:00:00+09:00, 2026-06-10T08:30:00+09:00
0.061,1.52,0.92, 2026-06-10T08:30:00+09:00, 2026-06-10T09:00:00+09:00
0.064,1.6,0.92, 2026-06-10T09:00:00+09:00, 2026-06-10T09:30:00+09:00
0.05,1.25,0.92, 2026-06-10T09:30:00+09:00, 2026-06-10T10:00:00+09:00
0.017,0.42,0.92, 2026-06-10T10:00:00+09:00, 2026-06-10T10:30:00+09:00
0.039,0.97,0.92, 2026-06-10T10:30:00+09:00, 2026-06-10T11:00:00+09:00
0.023,0.57,0.92, 2026-06-10T11:00:00+09:00, 2026-06-10T11:30:00+09:00
0.031,0.77,0.92, 2026-06-10T11:30:00+09:00, 2026-06-10T12:00:00+09:00
0.032,0.8,0.92, 2026-06-10T12:00:00+09:00, 2026-06-10T12:30:00+09:00
0.023,0.57,0.92, 2026-06-10T12:30:00+09:00, 2026-06-10T13:00:00+09:00
0.039,0.97,0.92, 2026-06-10T13:00:00+09:00, 2026-06-10T13:30:00+09:00
0.015,0.37,0.92, 2026-06-10T13:30:00+09:00, 2026-06-10T14:00:00+09:00
0.039,0.97,0.92, 2026-06-10T14:00:00+09:00, 2026-06-10T14:30:00+09:00
0.018,0.45,0.92, 2026-06-10T14:30:00+09:00, 2026-06-10T15:00:00+09:00
0.039,0.97,0.92, 2026-06-10T15:00:00+09:00, 2026-06-10T15:30:00+09:00
0.024,0.6,0.92, 2026-06-10T15:30:00+09:00, 2026-06-10T16:00:00+09:00
0.041,1.02,0.92, 2026-06-10T16:00:00+09:00, 2026-06-10T16:30:00+09:00
0.038,0.95,0.92, 2026-06-10T16:30:00+09:00, 2026-06-10T17:00:00+09:00
0.033,0.82,0.92, 2026-06-10T17:00:00+09:00, 2026-06-10T17:30:00+09:00
0.044,1.1,0.92, 2026-06-10T17:30:00+09:00, 2026-06-10T18:00:00+09:00
0.027,0.67,0.92, 2026-06-10T18:00:00+09:00, 2026-06-10T18:30:00+09:00
0.221,5.52,0.92, 2026-06-10T18:30:00+09:00, 2026-06-10T19:00:00+09:00
0.074,1.85,0.92, 2026-06-10T19:00:00+09:00, 2026-06-10T19:30:00+09:00
0.06,1.5,0.92, 2026-06-10T19:30:00+09:00, 2026-06-10T20:00:00+09:00
0.042,1.05,0.92, 2026-06-10T20:00:00+09:00, 2026-06-10T20:30:00+09:00
0.038,0.95,0.92, 2026-06-10T20:30:00+09:00, 2026-06-10T21:00:00+09:00
0.045,1.12,0.92, 2026-06-10T21:00:00+09:00, 2026-06-10T21:30:00+09:00
0.027,0.67,0.92, 2026-06-10T21:30:00+09:00, 2026-06-10T22:00:00+09:00
0.045,1.12,0.92, 2026-06-10T22:00:00+09:00, 2026-06-10T22:30:00+09:00
0.037,0.92,0.92, 2026-06-10T22:30:00+09:00, 2026-06-10T23:00:00+09:00
0.033,0.82,0.92, 2026-06-10T23:00:00+09:00, 2026-06-10T23:30:00+09:00
0.059,1.47,0.92, 2026-06-10T23:30:00+09:00, 2026-06-11T00:00:00+09:00
0.026,0.65,0.92, 2026-06-11T00:00:00+09:00, 2026-06-11T00:30:00+09:00
0.326,8.14,0.92, 2026-06-11T00:30:00+09:00, 2026-06-11T01:00:00+09:00
0.15,3.75,0.92, 2026-06-11T01:00:00+09:00, 2026-06-11T01:30:00+09:00
0.065,1.62,0.92, 2026-06-11T01:30:00+09:00, 2026-06-11T02:00:00+09:00
0.044,1.1,0.92, 2026-06-11T02:00:00+09:00, 2026-06-11T02:30:00+09:00
0.031,0.77,0.92, 2026-06-11T02:30:00+09:00, 2026-06-11T03:00:00+09:00
0.048,1.2,0.92, 2026-06-11T03:00:00+09:00, 2026-06-11T03:30:00+09:00
0.026,0.65,0.92, 2026-06-11T03:30:00+09:00, 2026-06-11T04:00:00+09:00
0.045,1.12,0.92, 2026-06-11T04:00:00+09:00, 2026-06-11T04:30:00+09:00
0.035,0.87,0.92, 2026-06-11T04:30:00+09:00, 2026-06-11T05:00:00+09:00
0.035,0.87,0.92, 2026-06-11T05:00:00+09:00, 2026-06-11T05:30:00+09:00
1.187,29.65,0.92, 2026-06-11T05:30:00+09:00, 2026-06-11T06:00:00+09:00
0.034,0.85,0.92, 2026-06-11T06:00:00+09:00, 2026-06-11T06:30:00+09:00
0.12,3,0.92, 2026-06-11T06:30:00+09:00, 2026-06-11T07:00:00+09:00
0.049,1.22,0.92, 2026-06-11T07:00:00+09:00, 2026-06-11T07:30:00+09:00
0.059,1.47,0.92, 2026-06-11T07:30:00+09:00, 2026-06-11T08:00:00+09:00
0.039,0.97,0.92, 2026-06-11T08:00:00+09:00, 2026-06-11T08:30:00+09:00
0.046,1.15,0.92, 2026-06-11T08:30:00+09:00, 2026-06-11T09:00:00+09:00
0.038,0.95,0.92, 2026-06-11T09:00:00+09:00, 2026-06-11T09:30:00+09:00
0.02,0.5,0.92, 2026-06-11T09:30:00+09:00, 2026-06-11T10:00:00+09:00
0.039,0.97,0.92, 2026-06-11T10:00:00+09:00, 2026-06-11T10:30:00+09:00
0.022,0.55,0.92, 2026-06-11T10:30:00+09:00, 2026-06-11T11:00:00+09:00
0.034,0.85,0.92, 2026-06-11T11:00:00+09:00, 2026-06-11T11:30:00+09:00
0.032,0.8,0.92, 2026-06-11T11:30:00+09:00, 2026-06-11T12:00:00+09:00
0.023,0.57,0.92, 2026-06-11T12:00:00+09:00, 2026-06-11T12:30:00+09:00
0.039,0.97,0.92, 2026-06-11T12:30:00+09:00, 2026-06-11T13:00:00+09:00
0.015,0.37,0.92, 2026-06-11T13:00:00+09:00, 2026-06-11T13:30:00+09:00
0.039,0.97,0.92, 2026-06-11T13:30:00+09:00, 2026-06-11T14:00:00+09:00
0.024,0.6,0.92, 2026-06-11T14:00:00+09:00, 2026-06-11T14:30:00+09:00
0.031,0.77,0.92, 2026-06-11T14:30:00+09:00, 2026-06-11T15:00:00+09:00
0.031,0.77,0.92, 2026-06-11T15:00:00+09:00, 2026-06-11T15:30:00+09:00
0.024,0.6,0.92, 2026-06-11T15:30:00+09:00, 2026-06-11T16:00:00+09:00
0.047,1.17,0.92, 2026-06-11T16:00:00+09:00, 2026-06-11T16:30:00+09:00
0.029,0.72,0.92, 2026-06-11T16:30:00+09:00, 2026-06-11T17:00:00+09:00
0.043,1.07,0.92, 2026-06-11T17:00:00+09:00, 2026-06-11T17:30:00+09:00
0.037,0.92,0.92, 2026-06-11T17:30:00+09:00, 2026-06-11T18:00:00+09:00
0.043,1.07,0.92, 2026-06-11T18:00:00+09:00, 2026-06-11T18:30:00+09:00
0.056,1.4,0.92, 2026-06-11T18:30:00+09:00, 2026-06-11T19:00:00+09:00
0.031,0.77,0.92, 2026-06-11T19:00:00+09:00, 2026-06-11T19:30:00+09:00
0.047,1.17,0.92, 2026-06-11T19:30:00+09:00, 2026-06-11T20:00:00+09:00
0.042,1.05,0.92, 2026-06-11T20:00:00+09:00, 2026-06-11T20:30:00+09:00
0.034,0.85,0.92, 2026-06-11T20:30:00+09:00, 2026-06-11T21:00:00+09:00
0.057,1.42,0.92, 2026-06-11T21:00:00+09:00, 2026-06-11T21:30:00+09:00
0.041,1.02,0.92, 2026-06-11T21:30:00+09:00, 2026-06-11T22:00:00+09:00
0.061,1.52,0.92, 2026-06-11T22:00:00+09:00, 2026-06-11T22:30:00+09:00
0.049,1.22,0.92, 2026-06-11T22:30:00+09:00, 2026-06-11T23:00:00+09:00
0.028,0.7,0.92, 2026-06-11T23:00:00+09:00, 2026-06-11T23:30:00+09:00
0.053,1.32,0.92, 2026-06-11T23:30:00+09:00, 2026-06-12T00:00:00+09:00
0.043,1.07,0.92, 2026-06-12T00:00:00+09:00, 2026-06-12T00:30:00+09:00
0.058,1.45,0.92, 2026-06-12T00:30:00+09:00, 2026-06-12T01:00:00+09:00
0.032,0.8,0.92, 2026-06-12T01:00:00+09:00, 2026-06-12T01:30:00+09:00
0.038,0.95,0.92, 2026-06-12T01:30:00+09:00, 2026-06-12T02:00:00+09:00
0.045,1.12,0.92, 2026-06-12T02:00:00+09:00, 2026-06-12T02:30:00+09:00
0.042,1.05,0.92, 2026-06-12T02:30:00+09:00, 2026-06-12T03:00:00+09:00
0.444,11.09,0.92, 2026-06-12T03:00:00+09:00, 2026-06-12T03:30:00+09:00
0.062,1.55,0.92, 2026-06-12T03:30:00+09:00, 2026-06-12T04:00:00+09:00
0.04,1,0.92, 2026-06-12T04:00:00+09:00, 2026-06-12T04:30:00+09:00
0.043,1.07,0.92, 2026-06-12T04:30:00+09:00, 2026-06-12T05:00:00+09:00
0.029,0.72,0.92, 2026-06-12T05:00:00+09:00, 2026-06-12T05:30:00+09:00
0.098,2.45,0.92, 2026-06-12T05:30:00+09:00, 2026-06-12T06:00:00+09:00
0.279,6.97,0.92, 2026-06-12T06:00:00+09:00, 2026-06-12T06:30:00+09:00
1.535,38.35,0.92, 2026-06-12T06:30:00+09:00, 2026-06-12T07:00:00+09:00
1.293,32.3,0.92, 2026-06-12T07:00:00+09:00, 2026-06-12T07:30:00+09:00
0.117,2.92,0.92, 2026-06-12T07:30:00+09:00, 2026-06-12T08:00:00+09:00
0.065,1.62,0.92, 2026-06-12T08:00:00+09:00, 2026-06-12T08:30:00+09:00
0.055,1.37,0.92, 2026-06-12T08:30:00+09:00, 2026-06-12T09:00:00+09:00
0.037,0.92,0.92, 2026-06-12T09:00:00+09:00, 2026-06-12T09:30:00+09:00
0.039,0.97,0.92, 2026-06-12T09:30:00+09:00, 2026-06-12T10:00:00+09:00
0.017,0.42,0.92, 2026-06-12T10:00:00+09:00, 2026-06-12T10:30:00+09:00
0.039,0.97,0.92, 2026-06-12T10:30:00+09:00, 2026-06-12T11:00:00+09:00
0.026,0.65,0.92, 2026-06-12T11:00:00+09:00, 2026-06-12T11:30:00+09:00
0.03,0.75,0.92, 2026-06-12T11:30:00+09:00, 2026-06-12T12:00:00+09:00
0.035,0.87,0.92, 2026-06-12T12:00:00+09:00, 2026-06-12T12:30:00+09:00
0.02,0.5,0.92, 2026-06-12T12:30:00+09:00, 2026-06-12T13:00:00+09:00
0.04,1,0.92, 2026-06-12T13:00:00+09:00, 2026-06-12T13:30:00+09:00
0.015,0.37,0.92, 2026-06-12T13:30:00+09:00, 2026-06-12T14:00:00+09:00
0.04,1,0.92, 2026-06-12T14:00:00+09:00, 2026-06-12T14:30:00+09:00
0.023,0.57,0.92, 2026-06-12T14:30:00+09:00, 2026-06-12T15:00:00+09:00
0.035,0.87,0.92, 2026-06-12T15:00:00+09:00, 2026-06-12T15:30:00+09:00
0.039,0.97,0.92, 2026-06-12T15:30:00+09:00, 2026-06-12T16:00:00+09:00
0.96,23.98,0.92, 2026-06-12T16:00:00+09:00, 2026-06-12T16:30:00+09:00
0.586,14.64,0.92, 2026-06-12T16:30:00+09:00, 2026-06-12T17:00:00+09:00
0.042,1.05,0.92, 2026-06-12T17:00:00+09:00, 2026-06-12T17:30:00+09:00
0.028,0.7,0.92, 2026-06-12T17:30:00+09:00, 2026-06-12T18:00:00+09:00
0.049,1.22,0.92, 2026-06-12T18:00:00+09:00, 2026-06-12T18:30:00+09:00
0.04,1,0.92, 2026-06-12T18:30:00+09:00, 2026-06-12T19:00:00+09:00
0.078,1.95,0.92, 2026-06-12T19:00:00+09:00, 2026-06-12T19:30:00+09:00
0.057,1.42,0.92, 2026-06-12T19:30:00+09:00, 2026-06-12T20:00:00+09:00
0.024,0.6,0.92, 2026-06-12T20:00:00+09:00, 2026-06-12T20:30:00+09:00
0.048,1.2,0.92, 2026-06-12T20:30:00+09:00, 2026-06-12T21:00:00+09:00
0.039,0.97,0.92, 2026-06-12T21:00:00+09:00, 2026-06-12T21:30:00+09:00
0.035,0.87,0.92, 2026-06-12T21:30:00+09:00, 2026-06-12T22:00:00+09:00
0.047,1.17,0.92, 2026-06-12T22:00:00+09:00, 2026-06-12T22:30:00+09:00
0.121,3.02,0.92, 2026-06-12T22:30:00+09:00, 2026-06-12T23:00:00+09:00
0.11,2.75,0.92, 2026-06-12T23:00:00+09:00, 2026-06-12T23:30:00+09:00
0.218,5.45,0.92, 2026-06-12T23:30:00+09:00, 2026-06-13T00:00:00+09:00
0.297,7.42,0.92, 2026-06-13T00:00:00+09:00, 2026-06-13T00:30:00+09:00
0.047,1.17,0.92, 2026-06-13T00:30:00+09:00, 2026-06-13T01:00:00+09:00
0.029,0.72,0.92, 2026-06-13T01:00:00+09:00, 2026-06-13T01:30:00+09:00
0.048,1.2,0.92, 2026-06-13T01:30:00+09:00, 2026-06-13T02:00:00+09:00
0.036,0.9,0.92, 2026-06-13T02:00:00+09:00, 2026-06-13T02:30:00+09:00
0.037,0.92,0.92, 2026-06-13T02:30:00+09:00, 2026-06-13T03:00:00+09:00
0.044,1.1,0.92, 2026-06-13T03:00:00+09:00, 2026-06-13T03:30:00+09:00
0.027,0.67,0.92, 2026-06-13T03:30:00+09:00, 2026-06-13T04:00:00+09:00
0.047,1.17,0.92, 2026-06-13T04:00:00+09:00, 2026-06-13T04:30:00+09:00
0.029,0.72,0.92, 2026-06-13T04:30:00+09:00, 2026-06-13T05:00:00+09:00
0.042,1.05,0.92, 2026-06-13T05:00:00+09:00, 2026-06-13T05:30:00+09:00
0.087,2.17,0.92, 2026-06-13T05:30:00+09:00, 2026-06-13T06:00:00+09:00
0.033,0.82,0.92, 2026-06-13T06:00:00+09:00, 2026-06-13T06:30:00+09:00
1.231,30.75,0.92, 2026-06-13T06:30:00+09:00, 2026-06-13T07:00:00+09:00
1.53,38.22,0.92, 2026-06-13T07:00:00+09:00, 2026-06-13T07:30:00+09:00
0.406,10.14,0.92, 2026-06-13T07:30:00+09:00, 2026-06-13T08:00:00+09:00
0.049,1.22,0.92, 2026-06-13T08:00:00+09:00, 2026-06-13T08:30:00+09:00
0.055,1.37,0.92, 2026-06-13T08:30:00+09:00, 2026-06-13T09:00:00+09:00
0.057,1.42,0.92, 2026-06-13T09:00:00+09:00, 2026-06-13T09:30:00+09:00
0.028,0.7,0.92, 2026-06-13T09:30:00+09:00, 2026-06-13T10:00:00+09:00
0.039,0.97,0.92, 2026-06-13T10:00:00+09:00, 2026-06-13T10:30:00+09:00
0.032,0.8,0.92, 2026-06-13T10:30:00+09:00, 2026-06-13T11:00:00+09:00
0.023,0.57,0.92, 2026-06-13T11:00:00+09:00, 2026-06-13T11:30:00+09:00
0.04,1,0.92, 2026-06-13T11:30:00+09:00, 2026-06-13T12:00:00+09:00
0.025,0.62,0.92, 2026-06-13T12:00:00+09:00, 2026-06-13T12:30:00+09:00
0.033,0.82,0.92, 2026-06-13T12:30:00+09:00, 2026-06-13T13:00:00+09:00
0.034,0.85,0.92, 2026-06-13T13:00:00+09:00, 2026-06-13T13:30:00+09:00
0.02,0.5,0.92, 2026-06-13T13:30:00+09:00, 2026-06-13T14:00:00+09:00
0.04,1,0.92, 2026-06-13T14:00:00+09:00, 2026-06-13T14:30:00+09:00
0.02,0.5,0.92, 2026-06-13T14:30:00+09:00, 2026-06-13T15:00:00+09:00
0.034,0.85,0.92, 2026-06-13T15:00:00+09:00, 2026-06-13T15:30:00+09:00
0.036,0.9,0.92, 2026-06-13T15:30:00+09:00, 2026-06-13T16:00:00+09:00
0.028,0.7,0.92, 2026-06-13T16:00:00+09:00, 2026-06-13T16:30:00+09:00
0.054,1.35,0.92, 2026-06-13T16:30:00+09:00, 2026-06-13T17:00:00+09:00
0.028,0.7,0.92, 2026-06-13T17:00:00+09:00, 2026-06-13T17:30:00+09:00
0.05,1.25,0.92, 2026-06-13T17:30:00+09:00, 2026-06-13T18:00:00+09:00
0.043,1.07,0.92, 2026-06-13T18:00:00+09:00, 2026-06-13T18:30:00+09:00
0.071,1.77,0.92, 2026-06-13T18:30:00+09:00, 2026-06-13T19:00:00+09:00
0.053,1.32,0.92, 2026-06-13T19:00:00+09:00, 2026-06-13T19:30:00+09:00
0.037,0.92,0.92, 2026-06-13T19:30:00+09:00, 2026-06-13T20:00:00+09:00
0.047,1.17,0.92, 2026-06-13T20:00:00+09:00, 2026-06-13T20:30:00+09:00
0.027,0.67,0.92, 2026-06-13T20:30:00+09:00, 2026-06-13T21:00:00+09:00
0.048,1.2,0.92, 2026-06-13T21:00:00+09:00, 2026-06-13T21:30:00+09:00
0.035,0.87,0.92, 2026-06-13T21:30:00+09:00, 2026-06-13T22:00:00+09:00
0.035,0.87,0.92, 2026-06-13T22:00:00+09:00, 2026-06-13T22:30:00+09:00
0.045,1.12,0.92, 2026-06-13T22:30:00+09:00, 2026-06-13T23:00:00+09:00
0.026,0.65,0.92, 2026-06-13T23:00:00+09:00, 2026-06-13T23:30:00+09:00
0.047,1.17,0.92, 2026-06-13T23:30:00+09:00, 2026-06-14T00:00:00+09:00
0.025,0.62,0.92, 2026-06-14T00:00:00+09:00, 2026-06-14T00:30:00+09:00
0.046,1.15,0.92, 2026-06-14T00:30:00+09:00, 2026-06-14T01:00:00+09:00
0.031,0.77,0.92, 2026-06-14T01:00:00+09:00, 2026-06-14T01:30:00+09:00
0.04,1,0.92, 2026-06-14T01:30:00+09:00, 2026-06-14T02:00:00+09:00
0.037,0.92,0.92, 2026-06-14T02:00:00+09:00, 2026-06-14T02:30:00+09:00
0.034,0.85,0.92, 2026-06-14T02:30:00+09:00, 2026-06-14T03:00:00+09:00
0.042,1.05,0.92, 2026-06-14T03:00:00+09:00, 2026-06-14T03:30:00+09:00
0.03,0.75,0.92, 2026-06-14T03:30:00+09:00, 2026-06-14T04:00:00+09:00
0.046,1.15,0.92, 2026-06-14T04:00:00+09:00, 2026-06-14T04:30:00+09:00
0.025,0.62,0.92, 2026-06-14T04:30:00+09:00, 2026-06-14T05:00:00+09:00
0.05,1.25,0.92, 2026-06-14T05:00:00+09:00, 2026-06-14T05:30:00+09:00
1,24.98,0.92, 2026-06-14T05:30:00+09:00, 2026-06-14T06:00:00+09:00
0.062,1.55,0.92, 2026-06-14T06:00:00+09:00, 2026-06-14T06:30:00+09:00
0.061,1.52,0.92, 2026-06-14T06:30:00+09:00, 2026-06-14T07:00:00+09:00
0.036,0.9,0.92, 2026-06-14T07:00:00+09:00, 2026-06-14T07:30:00+09:00
0.046,1.15,0.92, 2026-06-14T07:30:00+09:00, 2026-06-14T08:00:00+09:00
1.032,25.78,0.92, 2026-06-14T08:00:00+09:00, 2026-06-14T08:30:00+09:00
0.504,12.59,0.92, 2026-06-14T08:30:00+09:00, 2026-06-14T09:00:00+09:00
0.034,0.85,0.92, 2026-06-14T09:00:00+09:00, 2026-06-14T09:30:00+09:00
0.176,4.4,0.92, 2026-06-14T09:30:00+09:00, 2026-06-14T10:00:00+09:00
0.062,1.55,0.92, 2026-06-14T10:00:00+09:00, 2026-06-14T10:30:00+09:00
0.02,0.5,0.92, 2026-06-14T10:30:00+09:00, 2026-06-14T11:00:00+09:00
0.04,1,0.92, 2026-06-14T11:00:00+09:00, 2026-06-14T11:30:00+09:00
0.02,0.5,0.92, 2026-06-14T11:30:00+09:00, 2026-06-14T12:00:00+09:00
0.034,0.85,0.92, 2026-06-14T12:00:00+09:00, 2026-06-14T12:30:00+09:00
0.029,0.72,0.92, 2026-06-14T12:30:00+09:00, 2026-06-14T13:00:00+09:00
0.026,0.65,0.92, 2026-06-14T13:00:00+09:00, 2026-06-14T13:30:00+09:00
0.036,0.9,0.92, 2026-06-14T13:30:00+09:00, 2026-06-14T14:00:00+09:00
0.018,0.45,0.92, 2026-06-14T14:00:00+09:00, 2026-06-14T14:30:00+09:00
0.039,0.97,0.92, 2026-06-14T14:30:00+09:00, 2026-06-14T15:00:00+09:00
0.019,0.47,0.92, 2026-06-14T15:00:00+09:00, 2026-06-14T15:30:00+09:00
0.037,0.92,0.92, 2026-06-14T15:30:00+09:00, 2026-06-14T16:00:00+09:00
0.034,0.85,0.92, 2026-06-14T16:00:00+09:00, 2026-06-14T16:30:00+09:00
0.037,0.92,0.92, 2026-06-14T16:30:00+09:00, 2026-06-14T17:00:00+09:00
0.04,1,0.92, 2026-06-14T17:00:00+09:00, 2026-06-14T17:30:00+09:00
0.037,0.92,0.92, 2026-06-14T17:30:00+09:00, 2026-06-14T18:00:00+09:00
0.068,1.7,0.92, 2026-06-14T18:00:00+09:00, 2026-06-14T18:30:00+09:00
0.049,1.22,0.92, 2026-06-14T18:30:00+09:00, 2026-06-14T19:00:00+09:00
0.226,5.65,0.92, 2026-06-14T19:00:00+09:00, 2026-06-14T19:30:00+09:00
0.023,0.57,0.92, 2026-06-14T19:30:00+09:00, 2026-06-14T20:00:00+09:00
0.075,1.87,0.92, 2026-06-14T20:00:00+09:00, 2026-06-14T20:30:00+09:00
0.034,0.85,0.92, 2026-06-14T20:30:00+09:00, 2026-06-14T21:00:00+09:00
0.044,1.1,0.92, 2026-06-14T21:00:00+09:00, 2026-06-14T21:30:00+09:00
0.036,0.9,0.92, 2026-06-14T21:30:00+09:00, 2026-06-14T22:00:00+09:00
0.036,0.9,0.92, 2026-06-14T22:00:00+09:00, 2026-06-14T22:30:00+09:00
0.061,1.52,0.92, 2026-06-14T22:30:00+09:00, 2026-06-14T23:00:00+09:00
0.113,2.82,0.92, 2026-06-14T23:00:00+09:00, 2026-06-14T23:30:00+09:00
0.1,2.5,0.92, 2026-06-14T23:30:00+09:00, 2026-06-15T00:00:00+09:00
0.028,0.7,0.92, 2026-06-15T00:00:00+09:00, 2026-06-15T00:30:00+09:00
0.062,1.55,0.92, 2026-06-15T00:30:00+09:00, 2026-06-15T01:00:00+09:00
0.028,0.7,0.92, 2026-06-15T01:00:00+09:00, 2026-06-15T01:30:00+09:00
0.063,1.57,0.92, 2026-06-15T01:30:00+09:00, 2026-06-15T02:00:00+09:00
0.03,0.75,0.92, 2026-06-15T02:00:00+09:00, 2026-06-15T02:30:00+09:00
0.04,1,0.92, 2026-06-15T02:30:00+09:00, 2026-06-15T03:00:00+09:00
0.065,1.62,0.92, 2026-06-15T03:00:00+09:00, 2026-06-15T03:30:00+09:00
1.49,37.22,0.92, 2026-06-15T03:30:00+09:00, 2026-06-15T04:00:00+09:00
1.46,36.47,0.92, 2026-06-15T04:00:00+09:00, 2026-06-15T04:30:00+09:00
0.041,1.02,0.92, 2026-06-15T04:30:00+09:00, 2026-06-15T05:00:00+09:00
0.05,1.25,0.92, 2026-06-15T05:00:00+09:00, 2026-06-15T05:30:00+09:00
0.158,3.95,0.92, 2026-06-15T05:30:00+09:00, 2026-06-15T06:00:00+09:00
0.054,1.35,0.92, 2026-06-15T06:00:00+09:00, 2026-06-15T06:30:00+09:00
0.042,1.05,0.92, 2026-06-15T06:30:00+09:00, 2026-06-15T07:00:00+09:00
0.033,0.82,0.92, 2026-06-15T07:00:00+09:00, 2026-06-15T07:30:00+09:00
0.046,1.15,0.92, 2026-06-15T07:30:00+09:00, 2026-06-15T08:00:00+09:00
0.016,0.4,0.92, 2026-06-15T08:00:00+09:00, 2026-06-15T08:30:00+09:00
0.068,1.7,0.92, 2026-06-15T08:30:00+09:00, 2026-06-15T09:00:00+09:00
0.028,0.7,0.92, 2026-06-15T09:00:00+09:00, 2026-06-15T09:30:00+09:00
0.034,0.85,0.92, 2026-06-15T09:30:00+09:00, 2026-06-15T10:00:00+09:00
0.029,0.72,0.92, 2026-06-15T10:00:00+09:00, 2026-06-15T10:30:00+09:00
0.027,0.67,0.92, 2026-06-15T10:30:00+09:00, 2026-06-15T11:00:00+09:00
0.039,0.97,0.92, 2026-06-15T11:00:00+09:00, 2026-06-15T11:30:00+09:00
0.016,0.4,0.92, 2026-06-15T11:30:00+09:00, 2026-06-15T12:00:00+09:00
0.039,0.97,0.92, 2026-06-15T12:00:00+09:00, 2026-06-15T12:30:00+09:00
0.02,0.5,0.92, 2026-06-15T12:30:00+09:00, 2026-06-15T13:00:00+09:00
0.035,0.87,0.92, 2026-06-15T13:00:00+09:00, 2026-06-15T13:30:00+09:00
0.027,0.67,0.92, 2026-06-15T13:30:00+09:00, 2026-06-15T14:00:00+09:00
0.029,0.72,0.92, 2026-06-15T14:00:00+09:00, 2026-06-15T14:30:00+09:00
0.036,0.9,0.92, 2026-06-15T14:30:00+09:00, 2026-06-15T15:00:00+09:00
0.021,0.52,0.92, 2026-06-15T15:00:00+09:00, 2026-06-15T15:30:00+09:00
0.047,1.17,0.92, 2026-06-15T15:30:00+09:00, 2026-06-15T16:00:00+09:00
0.028,0.7,0.92, 2026-06-15T16:00:00+09:00, 2026-06-15T16:30:00+09:00
0.062,1.55,0.92, 2026-06-15T16:30:00+09:00, 2026-06-15T17:00:00+09:00
0.041,1.02,0.92, 2026-06-15T17:00:00+09:00, 2026-06-15T17:30:00+09:00
0.052,1.3,0.92, 2026-06-15T17:30:00+09:00, 2026-06-15T18:00:00+09:00
0.031,0.77,0.92, 2026-06-15T18:00:00+09:00, 2026-06-15T18:30:00+09:00
0.049,1.22,0.92, 2026-06-15T18:30:00+09:00, 2026-06-15T19:00:00+09:00
0.054,1.35,0.92, 2026-06-15T19:00:00+09:00, 2026-06-15T19:30:00+09:00
0.029,0.72,0.92, 2026-06-15T19:30:00+09:00, 2026-06-15T20:00:00+09:00
0.048,1.2,0.92, 2026-06-15T20:00:00+09:00, 2026-06-15T20:30:00+09:00
0.023,0.57,0.92, 2026-06-15T20:30:00+09:00, 2026-06-15T21:00:00+09:00
0.048,1.2,0.92, 2026-06-15T21:00:00+09:00, 2026-06-15T21:30:00+09:00
0.026,0.65,0.92, 2026-06-15T21:30:00+09:00, 2026-06-15T22:00:00+09:00
0.046,1.15,0.92, 2026-06-15T22:00:00+09:00, 2026-06-15T22:30:00+09:00
0.031,0.77,0.92, 2026-06-15T22:30:00+09:00, 2026-06-15T23:00:00+09:00
0.041,1.02,0.92, 2026-06-15T23:00:00+09:00, 2026-06-15T23:30:00+09:00
0.035,0.87,0.92, 2026-06-15T23:30:00+09:00, 2026-06-16T00:00:00+09:00
0.037,0.92,0.92, 2026-06-16T00:00:00+09:00, 2026-06-16T00:30:00+09:00
0.039,0.97,0.92, 2026-06-16T00:30:00+09:00, 2026-06-16T01:00:00+09:00
0.033,0.82,0.92, 2026-06-16T01:00:00+09:00, 2026-06-16T01:30:00+09:00
0.043,1.07,0.92, 2026-06-16T01:30:00+09:00, 2026-06-16T02:00:00+09:00
0.031,0.77,0.92, 2026-06-16T02:00:00+09:00, 2026-06-16T02:30:00+09:00
0.047,1.17,0.92, 2026-06-16T02:30:00+09:00, 2026-06-16T03:00:00+09:00
0.028,0.7,0.92, 2026-06-16T03:00:00+09:00, 2026-06-16T03:30:00+09:00
0.05,1.25,0.92, 2026-06-16T03:30:00+09:00, 2026-06-16T04:00:00+09:00
0.025,0.62,0.92, 2026-06-16T04:00:00+09:00, 2026-06-16T04:30:00+09:00
0.049,1.22,0.92, 2026-06-16T04:30:00+09:00, 2026-06-16T05:00:00+09:00
1.016,25.38,0.92, 2026-06-16T05:00:00+09:00, 2026-06-16T05:30:00+09:00
0.584,14.59,0.92, 2026-06-16T05:30:00+09:00, 2026-06-16T06:00:00+09:00
0.048,1.2,0.92, 2026-06-16T06:00:00+09:00, 2026-06-16T06:30:00+09:00
0.053,1.32,0.92, 2026-06-16T06:30:00+09:00, 2026-06-16T07:00:00+09:00
0.063,1.57,0.92, 2026-06-16T07:00:00+09:00, 2026-06-16T07:30:00+09:00
0.035,0.87,0.92, 2026-06-16T07:30:00+09:00, 2026-06-16T08:00:00+09:00
0.202,5.05,0.92, 2026-06-16T08:00:00+09:00, 2026-06-16T08:30:00+09:00
0.041,1.02,0.92, 2026-06-16T08:30:00+09:00, 2026-06-16T09:00:00+09:00
0.047,1.17,0.92, 2026-06-16T09:00:00+09:00, 2026-06-16T09:30:00+09:00
0.034,0.85,0.92, 2026-06-16T09:30:00+09:00, 2026-06-16T10:00:00+09:00
0.03,0.75,0.92, 2026-06-16T10:00:00+09:00, 2026-06-16T10:30:00+09:00
0.047,1.17,0.92, 2026-06-16T10:30:00+09:00, 2026-06-16T11:00:00+09:00
0.018,0.45,0.92, 2026-06-16T11:00:00+09:00, 2026-06-16T11:30:00+09:00
0.041,1.02,0.92, 2026-06-16T11:30:00+09:00, 2026-06-16T12:00:00+09:00
0.019,0.47,0.92, 2026-06-16T12:00:00+09:00, 2026-06-16T12:30:00+09:00
0.037,0.92,0.92, 2026-06-16T12:30:00+09:00, 2026-06-16T13:00:00+09:00
0.026,0.65,0.92, 2026-06-16T13:00:00+09:00, 2026-06-16T13:30:00+09:00
0.03,0.75,0.92, 2026-06-16T13:30:00+09:00, 2026-06-16T14:00:00+09:00
0.032,0.8,0.92, 2026-06-16T14:00:00+09:00, 2026-06-16T14:30:00+09:00
0.025,0.62,0.92, 2026-06-16T14:30:00+09:00, 2026-06-16T15:00:00+09:00
0.037,0.92,0.92, 2026-06-16T15:00:00+09:00, 2026-06-16T15:30:00+09:00
0.021,0.52,0.92, 2026-06-16T15:30:00+09:00, 2026-06-16T16:00:00+09:00
0.047,1.17,0.92, 2026-06-16T16:00:00+09:00, 2026-06-16T16:30:00+09:00
0.027,0.67,0.92, 2026-06-16T16:30:00+09:00, 2026-06-16T17:00:00+09:00
0.046,1.15,0.92, 2026-06-16T17:00:00+09:00, 2026-06-16T17:30:00+09:00
0.032,0.8,0.92, 2026-06-16T17:30:00+09:00, 2026-06-16T18:00:00+09:00
0.039,0.97,0.92, 2026-06-16T18:00:00+09:00, 2026-06-16T18:30:00+09:00
0.04,1,0.92, 2026-06-16T18:30:00+09:00, 2026-06-16T19:00:00+09:00
0.054,1.35,0.92, 2026-06-16T19:00:00+09:00, 2026-06-16T19:30:00+09:00
0.057,1.42,0.92, 2026-06-16T19:30:00+09:00, 2026-06-16T20:00:00+09:00
0.038,0.95,0.92, 2026-06-16T20:00:00+09:00, 2026-06-16T20:30:00+09:00
0.054,1.35,0.92, 2026-06-16T20:30:00+09:00, 2026-06-16T21:00:00+09:00
0.039,0.97,0.92, 2026-06-16T21:00:00+09:00, 2026-06-16T21:30:00+09:00
0.045,1.12,0.92, 2026-06-16T21:30:00+09:00, 2026-06-16T22:00:00+09:00
0.043,1.07,0.92, 2026-06-16T22:00:00+09:00, 2026-06-16T22:30:00+09:00
0.033,0.82,0.92, 2026-06-16T22:30:00+09:00, 2026-06-16T23:00:00+09:00
0.049,1.22,0.92, 2026-06-16T23:00:00+09:00, 2026-06-16T23:30:00+09:00
0.025,0.62,0.92, 2026-06-16T23:30:00+09:00, 2026-06-17T00:00:00+09:00
0.051,1.27,0.92, 2026-06-17T00:00:00+09:00, 2026-06-17T00:30:00+09:00
0.028,0.7,0.92, 2026-06-17T00:30:00+09:00, 2026-06-17T01:00:00+09:00
0.137,3.42,0.92, 2026-06-17T01:00:00+09:00, 2026-06-17T01:30:00+09:00
0.062,1.55,0.92, 2026-06-17T01:30:00+09:00, 2026-06-17T02:00:00+09:00
0.033,0.82,0.92, 2026-06-17T02:00:00+09:00, 2026-06-17T02:30:00+09:00
0.056,1.4,0.92, 2026-06-17T02:30:00+09:00, 2026-06-17T03:00:00+09:00
0.031,0.77,0.92, 2026-06-17T03:00:00+09:00, 2026-06-17T03:30:00+09:00
0.143,3.57,0.92, 2026-06-17T03:30:00+09:00, 2026-06-17T04:00:00+09:00
0.027,0.67,0.92, 2026-06-17T04:00:00+09:00, 2026-06-17T04:30:00+09:00
0.053,1.32,0.92, 2026-06-17T04:30:00+09:00, 2026-06-17T05:00:00+09:00
0.031,0.77,0.92, 2026-06-17T05:00:00+09:00, 2026-06-17T05:30:00+09:00
0.094,2.35,0.92, 2026-06-17T05:30:00+09:00, 2026-06-17T06:00:00+09:00
0.726,18.14,0.92, 2026-06-17T06:00:00+09:00, 2026-06-17T06:30:00+09:00
0.226,5.65,0.92, 2026-06-17T06:30:00+09:00, 2026-06-17T07:00:00+09:00
0.054,1.35,0.92, 2026-06-17T07:00:00+09:00, 2026-06-17T07:30:00+09:00
0.059,1.47,0.92, 2026-06-17T07:30:00+09:00, 2026-06-17T08:00:00+09:00
0.142,3.55,0.92, 2026-06-17T08:00:00+09:00, 2026-06-17T08:30:00+09:00
0.028,0.7,0.92, 2026-06-17T08:30:00+09:00, 2026-06-17T09:00:00+09:00
0.052,1.3,0.92, 2026-06-17T09:00:00+09:00, 2026-06-17T09:30:00+09:00
0.043,1.07,0.92, 2026-06-17T09:30:00+09:00, 2026-06-17T10:00:00+09:00
0.031,0.77,0.92, 2026-06-17T10:00:00+09:00, 2026-06-17T10:30:00+09:00
0.037,0.92,0.92, 2026-06-17T10:30:00+09:00, 2026-06-17T11:00:00+09:00
0.021,0.52,0.92, 2026-06-17T11:00:00+09:00, 2026-06-17T11:30:00+09:00
0.042,1.05,0.92, 2026-06-17T11:30:00+09:00, 2026-06-17T12:00:00+09:00
0.016,0.4,0.92, 2026-06-17T12:00:00+09:00, 2026-06-17T12:30:00+09:00
0.042,1.05,0.92, 2026-06-17T12:30:00+09:00, 2026-06-17T13:00:00+09:00
0.022,0.55,0.92, 2026-06-17T13:00:00+09:00, 2026-06-17T13:30:00+09:00
0.035,0.87,0.92, 2026-06-17T13:30:00+09:00, 2026-06-17T14:00:00+09:00
0.033,0.82,0.92, 2026-06-17T14:00:00+09:00, 2026-06-17T14:30:00+09:00
0.024,0.6,0.92, 2026-06-17T14:30:00+09:00, 2026-06-17T15:00:00+09:00
0.039,0.97,0.92, 2026-06-17T15:00:00+09:00, 2026-06-17T15:30:00+09:00
0.02,0.5,0.92, 2026-06-17T15:30:00+09:00, 2026-06-17T16:00:00+09:00
0.05,1.25,0.92, 2026-06-17T16:00:00+09:00, 2026-06-17T16:30:00+09:00
0.03,0.75,0.92, 2026-06-17T16:30:00+09:00, 2026-06-17T17:00:00+09:00
0.054,1.35,0.92, 2026-06-17T17:00:00+09:00, 2026-06-17T17:30:00+09:00
0.035,0.87,0.92, 2026-06-17T17:30:00+09:00, 2026-06-17T18:00:00+09:00
0.057,1.42,0.92, 2026-06-17T18:00:00+09:00, 2026-06-17T18:30:00+09:00
0.051,1.27,0.92, 2026-06-17T18:30:00+09:00, 2026-06-17T19:00:00+09:00
1.136,28.38,0.92, 2026-06-17T19:00:00+09:00, 2026-06-17T19:30:00+09:00
1.516,37.87,0.92, 2026-06-17T19:30:00+09:00, 2026-06-17T20:00:00+09:00
1.485,37.1,0.92, 2026-06-17T20:00:00+09:00, 2026-06-17T20:30:00+09:00
0.907,22.66,0.92, 2026-06-17T20:30:00+09:00, 2026-06-17T21:00:00+09:00
0.04,1,0.92, 2026-06-17T21:00:00+09:00, 2026-06-17T21:30:00+09:00
0.036,0.9,0.92, 2026-06-17T21:30:00+09:00, 2026-06-17T22:00:00+09:00
0.048,1.2,0.92, 2026-06-17T22:00:00+09:00, 2026-06-17T22:30:00+09:00
0.027,0.67,0.92, 2026-06-17T22:30:00+09:00, 2026-06-17T23:00:00+09:00
0.051,1.27,0.92, 2026-06-17T23:00:00+09:00, 2026-06-17T23:30:00+09:00
0.027,0.67,0.92, 2026-06-17T23:30:00+09:00, 2026-06-18T00:00:00+09:00
0.049,1.22,0.92, 2026-06-18T00:00:00+09:00, 2026-06-18T00:30:00+09:00
0.034,0.85,0.92, 2026-06-18T00:30:00+09:00, 2026-06-18T01:00:00+09:00
0.042,1.05,0.92, 2026-06-18T01:00:00+09:00, 2026-06-18T01:30:00+09:00
0.041,1.02,0.92, 2026-06-18T01:30:00+09:00, 2026-06-18T02:00:00+09:00
0.035,0.87,0.92, 2026-06-18T02:00:00+09:00, 2026-06-18T02:30:00+09:00
0.047,1.17,0.92, 2026-06-18T02:30:00+09:00, 2026-06-18T03:00:00+09:00
0.157,3.92,0.92, 2026-06-18T03:00:00+09:00, 2026-06-18T03:30:00+09:00
0.685,17.11,0.92, 2026-06-18T03:30:00+09:00, 2026-06-18T04:00:00+09:00
0.023,0.57,0.92, 2026-06-18T04:00:00+09:00, 2026-06-18T04:30:00+09:00
0.05,1.25,0.92, 2026-06-18T04:30:00+09:00, 2026-06-18T05:00:00+09:00
0.026,0.65,0.92, 2026-06-18T05:00:00+09:00, 2026-06-18T05:30:00+09:00
0.048,1.2,0.92, 2026-06-18T05:30:00+09:00, 2026-06-18T06:00:00+09:00
0.03,0.75,0.92, 2026-06-18T06:00:00+09:00, 2026-06-18T06:30:00+09:00
0.043,1.07,0.92, 2026-06-18T06:30:00+09:00, 2026-06-18T07:00:00+09:00
0.036,0.9,0.92, 2026-06-18T07:00:00+09:00, 2026-06-18T07:30:00+09:00
0.036,0.9,0.92, 2026-06-18T07:30:00+09:00, 2026-06-18T08:00:00+09:00
0.047,1.17,0.92, 2026-06-18T08:00:00+09:00, 2026-06-18T08:30:00+09:00
0.041,1.02,0.92, 2026-06-18T08:30:00+09:00, 2026-06-18T09:00:00+09:00
0.065,1.62,0.92, 2026-06-18T09:00:00+09:00, 2026-06-18T09:30:00+09:00
0.026,0.65,0.92, 2026-06-18T09:30:00+09:00, 2026-06-18T10:00:00+09:00
0.042,1.05,0.92, 2026-06-18T10:00:00+09:00, 2026-06-18T10:30:00+09:00
0.025,0.62,0.92, 2026-06-18T10:30:00+09:00, 2026-06-18T11:00:00+09:00
0.032,0.8,0.92, 2026-06-18T11:00:00+09:00, 2026-06-18T11:30:00+09:00
0.034,0.85,0.92, 2026-06-18T11:30:00+09:00, 2026-06-18T12:00:00+09:00
0.023,0.57,0.92, 2026-06-18T12:00:00+09:00, 2026-06-18T12:30:00+09:00
0.041,1.02,0.92, 2026-06-18T12:30:00+09:00, 2026-06-18T13:00:00+09:00
0.016,0.4,0.92, 2026-06-18T13:00:00+09:00, 2026-06-18T13:30:00+09:00
0.042,1.05,0.92, 2026-06-18T13:30:00+09:00, 2026-06-18T14:00:00+09:00
0.018,0.45,0.92, 2026-06-18T14:00:00+09:00, 2026-06-18T14:30:00+09:00
0.039,0.97,0.92, 2026-06-18T14:30:00+09:00, 2026-06-18T15:00:00+09:00
0.025,0.62,0.92, 2026-06-18T15:00:00+09:00, 2026-06-18T15:30:00+09:00
0.034,0.85,0.92, 2026-06-18T15:30:00+09:00, 2026-06-18T16:00:00+09:00
0.038,0.95,0.92, 2026-06-18T16:00:00+09:00, 2026-06-18T16:30:00+09:00
0.035,0.87,0.92, 2026-06-18T16:30:00+09:00, 2026-06-18T17:00:00+09:00
0.045,1.12,0.92, 2026-06-18T17:00:00+09:00, 2026-06-18T17:30:00+09:00
0.032,0.8,0.92, 2026-06-18T17:30:00+09:00, 2026-06-18T18:00:00+09:00
0.051,1.27,0.92, 2026-06-18T18:00:00+09:00, 2026-06-18T18:30:00+09:00
0.029,0.72,0.92, 2026-06-18T18:30:00+09:00, 2026-06-18T19:00:00+09:00
0.052,1.3,0.92, 2026-06-18T19:00:00+09:00, 2026-06-18T19:30:00+09:00
0.051,1.27,0.92, 2026-06-18T19:30:00+09:00, 2026-06-18T20:00:00+09:00
0.032,0.8,0.92, 2026-06-18T20:00:00+09:00, 2026-06-18T20:30:00+09:00
0.051,1.27,0.92, 2026-06-18T20:30:00+09:00, 2026-06-18T21:00:00+09:00
0.026,0.65,0.92, 2026-06-18T21:00:00+09:00, 2026-06-18T21:30:00+09:00
0.05,1.25,0.92, 2026-06-18T21:30:00+09:00, 2026-06-18T22:00:00+09:00
0.037,0.92,0.92, 2026-06-18T22:00:00+09:00, 2026-06-18T22:30:00+09:00
0.059,1.47,0.92, 2026-06-18T22:30:00+09:00, 2026-06-18T23:00:00+09:00
0.048,1.2,0.92, 2026-06-18T23:00:00+09:00, 2026-06-18T23:30:00+09:00
0.029,0.72,0.92, 2026-06-18T23:30:00+09:00, 2026-06-19T00:00:00+09:00
0.051,1.27,0.92, 2026-06-19T00:00:00+09:00, 2026-06-19T00:30:00+09:00
0.039,0.97,0.92, 2026-06-19T00:30:00+09:00, 2026-06-19T01:00:00+09:00
0.41,10.24,0.92, 2026-06-19T01:00:00+09:00, 2026-06-19T01:30:00+09:00
0.038,0.95,0.92, 2026-06-19T01:30:00+09:00, 2026-06-19T02:00:00+09:00
0.045,1.12,0.92, 2026-06-19T02:00:00+09:00, 2026-06-19T02:30:00+09:00
0.042,1.05,0.92, 2026-06-19T02:30:00+09:00, 2026-06-19T03:00:00+09:00
0.033,0.82,0.92, 2026-06-19T03:00:00+09:00, 2026-06-19T03:30:00+09:00
0.051,1.27,0.92, 2026-06-19T03:30:00+09:00, 2026-06-19T04:00:00+09:00
0.025,0.62,0.92, 2026-06-19T04:00:00+09:00, 2026-06-19T04:30:00+09:00
0.055,1.37,0.92, 2026-06-19T04:30:00+09:00, 2026-06-19T05:00:00+09:00
0.064,1.6,0.92, 2026-06-19T05:00:00+09:00, 2026-06-19T05:30:00+09:00
0.105,2.62,0.92, 2026-06-19T05:30:00+09:00, 2026-06-19T06:00:00+09:00
0.056,1.4,0.92, 2026-06-19T06:00:00+09:00, 2026-06-19T06:30:00+09:00
0.041,1.02,0.92, 2026-06-19T06:30:00+09:00, 2026-06-19T07:00:00+09:00
1.508,37.67,0.92, 2026-06-19T07:00:00+09:00, 2026-06-19T07:30:00+09:00
0.137,3.42,0.92, 2026-06-19T07:30:00+09:00, 2026-06-19T08:00:00+09:00
0.06,1.5,0.92, 2026-06-19T08:00:00+09:00, 2026-06-19T08:30:00+09:00
0.048,1.2,0.92, 2026-06-19T08:30:00+09:00, 2026-06-19T09:00:00+09:00
0.04,1,0.92, 2026-06-19T09:00:00+09:00, 2026-06-19T09:30:00+09:00
0.029,0.72,0.92, 2026-06-19T09:30:00+09:00, 2026-06-19T10:00:00+09:00
0.029,0.72,0.92, 2026-06-19T10:00:00+09:00, 2026-06-19T10:30:00+09:00
0.036,0.9,0.92, 2026-06-19T10:30:00+09:00, 2026-06-19T11:00:00+09:00
0.022,0.55,0.92, 2026-06-19T11:00:00+09:00, 2026-06-19T11:30:00+09:00
0.043,1.07,0.92, 2026-06-19T11:30:00+09:00, 2026-06-19T12:00:00+09:00
0.015,0.37,0.92, 2026-06-19T12:00:00+09:00, 2026-06-19T12:30:00+09:00
0.043,1.07,0.92, 2026-06-19T12:30:00+09:00, 2026-06-19T13:00:00+09:00
0.02,0.5,0.92, 2026-06-19T13:00:00+09:00, 2026-06-19T13:30:00+09:00
0.037,0.92,0.92, 2026-06-19T13:30:00+09:00, 2026-06-19T14:00:00+09:00
0.027,0.67,0.92, 2026-06-19T14:00:00+09:00, 2026-06-19T14:30:00+09:00
0.034,0.85,0.92, 2026-06-19T14:30:00+09:00, 2026-06-19T15:00:00+09:00
0.961,24.01,0.92, 2026-06-19T15:00:00+09:00, 2026-06-19T15:30:00+09:00
0.549,13.71,0.92, 2026-06-19T15:30:00+09:00, 2026-06-19T16:00:00+09:00
0.044,1.1,0.92, 2026-06-19T16:00:00+09:00, 2026-06-19T16:30:00+09:00
0.052,1.3,0.92, 2026-06-19T16:30:00+09:00, 2026-06-19T17:00:00+09:00
0.058,1.45,0.92, 2026-06-19T17:00:00+09:00, 2026-06-19T17:30:00+09:00
0.026,0.65,0.92, 2026-06-19T17:30:00+09:00, 2026-06-19T18:00:00+09:00
0.05,1.25,0.92, 2026-06-19T18:00:00+09:00, 2026-06-19T18:30:00+09:00
0.033,0.82,0.92, 2026-06-19T18:30:00+09:00, 2026-06-19T19:00:00+09:00
0.076,1.9,0.92, 2026-06-19T19:00:00+09:00, 2026-06-19T19:30:00+09:00
0.045,1.12,0.92, 2026-06-19T19:30:00+09:00, 2026-06-19T20:00:00+09:00
0.046,1.15,0.92, 2026-06-19T20:00:00+09:00, 2026-06-19T20:30:00+09:00
0.043,1.07,0.92, 2026-06-19T20:30:00+09:00, 2026-06-19T21:00:00+09:00
0.032,0.8,0.92, 2026-06-19T21:00:00+09:00, 2026-06-19T21:30:00+09:00
0.049,1.22,0.92, 2026-06-19T21:30:00+09:00, 2026-06-19T22:00:00+09:00
0.033,0.82,0.92, 2026-06-19T22:00:00+09:00, 2026-06-19T22:30:00+09:00
0.046,1.15,0.92, 2026-06-19T22:30:00+09:00, 2026-06-19T23:00:00+09:00
0.047,1.17,0.92, 2026-06-19T23:00:00+09:00, 2026-06-19T23:30:00+09:00
0.046,1.15,0.92, 2026-06-19T23:30:00+09:00, 2026-06-20T00:00:00+09:00
0.058,1.45,0.92, 2026-06-20T00:00:00+09:00, 2026-06-20T00:30:00+09:00
0.311,7.77,0.92, 2026-06-20T00:30:00+09:00, 2026-06-20T01:00:00+09:00
0.053,1.32,0.92, 2026-06-20T01:00:00+09:00, 2026-06-20T01:30:00+09:00
0.046,1.15,0.92, 2026-06-20T01:30:00+09:00, 2026-06-20T02:00:00+09:00
0.046,1.15,0.92, 2026-06-20T02:00:00+09:00, 2026-06-20T02:30:00+09:00
0.029,0.72,0.92, 2026-06-20T02:30:00+09:00, 2026-06-20T03:00:00+09:00
0.053,1.32,0.92, 2026-06-20T03:00:00+09:00, 2026-06-20T03:30:00+09:00
0.023,0.57,0.92, 2026-06-20T03:30:00+09:00, 2026-06-20T04:00:00+09:00
0.053,1.32,0.92, 2026-06-20T04:00:00+09:00, 2026-06-20T04:30:00+09:00
0.029,0.72,0.92, 2026-06-20T04:30:00+09:00, 2026-06-20T05:00:00+09:00
0.049,1.22,0.92, 2026-06-20T05:00:00+09:00, 2026-06-20T05:30:00+09:00
0.092,2.3,0.92, 2026-06-20T05:30:00+09:00, 2026-06-20T06:00:00+09:00
0.031,0.77,0.92, 2026-06-20T06:00:00+09:00, 2026-06-20T06:30:00+09:00
0.049,1.22,0.92, 2026-06-20T06:30:00+09:00, 2026-06-20T07:00:00+09:00
0.024,0.6,0.92, 2026-06-20T07:00:00+09:00, 2026-06-20T07:30:00+09:00
0.05,1.25,0.92, 2026-06-20T07:30:00+09:00, 2026-06-20T08:00:00+09:00
0.018,0.45,0.92, 2026-06-20T08:00:00+09:00, 2026-06-20T08:30:00+09:00
0.038,0.95,0.92, 2026-06-20T08:30:00+09:00, 2026-06-20T09:00:00+09:00
0.047,1.17,0.92, 2026-06-20T09:00:00+09:00, 2026-06-20T09:30:00+09:00
0.053,1.32,0.92, 2026-06-20T09:30:00+09:00, 2026-06-20T10:00:00+09:00
0.049,1.22,0.92, 2026-06-20T10:00:00+09:00, 2026-06-20T10:30:00+09:00
0.022,0.55,0.92, 2026-06-20T10:30:00+09:00, 2026-06-20T11:00:00+09:00
0.042,1.05,0.92, 2026-06-20T11:00:00+09:00, 2026-06-20T11:30:00+09:00
0.018,0.45,0.92, 2026-06-20T11:30:00+09:00, 2026-06-20T12:00:00+09:00
0.038,0.95,0.92, 2026-06-20T12:00:00+09:00, 2026-06-20T12:30:00+09:00
0.027,0.67,0.92, 2026-06-20T12:30:00+09:00, 2026-06-20T13:00:00+09:00
0.03,0.75,0.92, 2026-06-20T13:00:00+09:00, 2026-06-20T13:30:00+09:00
0.035,0.87,0.92, 2026-06-20T13:30:00+09:00, 2026-06-20T14:00:00+09:00
0.022,0.55,0.92, 2026-06-20T14:00:00+09:00, 2026-06-20T14:30:00+09:00
0.041,1.02,0.92, 2026-06-20T14:30:00+09:00, 2026-06-20T15:00:00+09:00
0.016,0.4,0.92, 2026-06-20T15:00:00+09:00, 2026-06-20T15:30:00+09:00
0.043,1.07,0.92, 2026-06-20T15:30:00+09:00, 2026-06-20T16:00:00+09:00
0.025,0.62,0.92, 2026-06-20T16:00:00+09:00, 2026-06-20T16:30:00+09:00
0.06,1.5,0.92, 2026-06-20T16:30:00+09:00, 2026-06-20T17:00:00+09:00
0.046,1.15,0.92, 2026-06-20T17:00:00+09:00, 2026-06-20T17:30:00+09:00
0.028,0.7,0.92, 2026-06-20T17:30:00+09:00, 2026-06-20T18:00:00+09:00
0.055,1.37,0.92, 2026-06-20T18:00:00+09:00, 2026-06-20T18:30:00+09:00
0.048,1.2,0.92, 2026-06-20T18:30:00+09:00, 2026-06-20T19:00:00+09:00
0.05,1.25,0.92, 2026-06-20T19:00:00+09:00, 2026-06-20T19:30:00+09:00
0.041,1.02,0.92, 2026-06-20T19:30:00+09:00, 2026-06-20T20:00:00+09:00
0.053,1.32,0.92, 2026-06-20T20:00:00+09:00, 2026-06-20T20:30:00+09:00
0.035,0.87,0.92, 2026-06-20T20:30:00+09:00, 2026-06-20T21:00:00+09:00
0.058,1.45,0.92, 2026-06-20T21:00:00+09:00, 2026-06-20T21:30:00+09:00
0.034,0.85,0.92, 2026-06-20T21:30:00+09:00, 2026-06-20T22:00:00+09:00
0.063,1.57,0.92, 2026-06-20T22:00:00+09:00, 2026-06-20T22:30:00+09:00
0.045,1.12,0.92, 2026-06-20T22:30:00+09:00, 2026-06-20T23:00:00+09:00
0.881,22.01,0.92, 2026-06-20T23:00:00+09:00, 2026-06-20T23:30:00+09:00
0.045,1.12,0.92, 2026-06-20T23:30:00+09:00, 2026-06-21T00:00:00+09:00
0.136,3.4,0.92, 2026-06-21T00:00:00+09:00, 2026-06-21T00:30:00+09:00
0.067,1.67,0.92, 2026-06-21T00:30:00+09:00, 2026-06-21T01:00:00+09:00
0.123,3.07,0.92, 2026-06-21T01:00:00+09:00, 2026-06-21T01:30:00+09:00
0.098,2.45,0.92, 2026-06-21T01:30:00+09:00, 2026-06-21T02:00:00+09:00
0.652,16.29,0.92, 2026-06-21T02:00:00+09:00, 2026-06-21T02:30:00+09:00
0.063,1.57,0.92, 2026-06-21T02:30:00+09:00, 2026-06-21T03:00:00+09:00
0.055,1.37,0.92, 2026-06-21T03:00:00+09:00, 2026-06-21T03:30:00+09:00
0.034,0.85,0.92, 2026-06-21T03:30:00+09:00, 2026-06-21T04:00:00+09:00
0.058,1.45,0.92, 2026-06-21T04:00:00+09:00, 2026-06-21T04:30:00+09:00
0.037,0.92,0.92, 2026-06-21T04:30:00+09:00, 2026-06-21T05:00:00+09:00
0.051,1.27,0.92, 2026-06-21T05:00:00+09:00, 2026-06-21T05:30:00+09:00
0.093,2.32,0.92, 2026-06-21T05:30:00+09:00, 2026-06-21T06:00:00+09:00
0.04,1,0.92, 2026-06-21T06:00:00+09:00, 2026-06-21T06:30:00+09:00
0.054,1.35,0.92, 2026-06-21T06:30:00+09:00, 2026-06-21T07:00:00+09:00
0.03,0.75,0.92, 2026-06-21T07:00:00+09:00, 2026-06-21T07:30:00+09:00
0.054,1.35,0.92, 2026-06-21T07:30:00+09:00, 2026-06-21T08:00:00+09:00
0.086,2.15,0.92, 2026-06-21T08:00:00+09:00, 2026-06-21T08:30:00+09:00
0.051,1.27,0.92, 2026-06-21T08:30:00+09:00, 2026-06-21T09:00:00+09:00
0.061,1.52,0.92, 2026-06-21T09:00:00+09:00, 2026-06-21T09:30:00+09:00
0.045,1.12,0.92, 2026-06-21T09:30:00+09:00, 2026-06-21T10:00:00+09:00
0.05,1.25,0.92, 2026-06-21T10:00:00+09:00, 2026-06-21T10:30:00+09:00
0.017,0.42,0.92, 2026-06-21T10:30:00+09:00, 2026-06-21T11:00:00+09:00
0.043,1.07,0.92, 2026-06-21T11:00:00+09:00, 2026-06-21T11:30:00+09:00
0.026,0.65,0.92, 2026-06-21T11:30:00+09:00, 2026-06-21T12:00:00+09:00
0.032,0.8,0.92, 2026-06-21T12:00:00+09:00, 2026-06-21T12:30:00+09:00
0.036,0.9,0.92, 2026-06-21T12:30:00+09:00, 2026-06-21T13:00:00+09:00
0.022,0.55,0.92, 2026-06-21T13:00:00+09:00, 2026-06-21T13:30:00+09:00
0.043,1.07,0.92, 2026-06-21T13:30:00+09:00, 2026-06-21T14:00:00+09:00
0.018,0.45,0.92, 2026-06-21T14:00:00+09:00, 2026-06-21T14:30:00+09:00
0.04,1,0.92, 2026-06-21T14:30:00+09:00, 2026-06-21T15:00:00+09:00
0.032,0.8,0.92, 2026-06-21T15:00:00+09:00, 2026-06-21T15:30:00+09:00
0.026,0.65,0.92, 2026-06-21T15:30:00+09:00, 2026-06-21T16:00:00+09:00
0.05,1.25,0.92, 2026-06-21T16:00:00+09:00, 2026-06-21T16:30:00+09:00
0.028,0.7,0.92, 2026-06-21T16:30:00+09:00, 2026-06-21T17:00:00+09:00
0.053,1.32,0.92, 2026-06-21T17:00:00+09:00, 2026-06-21T17:30:00+09:00
0.038,0.95,0.92, 2026-06-21T17:30:00+09:00, 2026-06-21T18:00:00+09:00
0.747,18.66,0.92, 2026-06-21T18:00:00+09:00, 2026-06-21T18:30:00+09:00
0.817,20.41,0.92, 2026-06-21T18:30:00+09:00, 2026-06-21T19:00:00+09:00
0.042,1.05,0.92, 2026-06-21T19:00:00+09:00, 2026-06-21T19:30:00+09:00
0.054,1.35,0.92, 2026-06-21T19:30:00+09:00, 2026-06-21T20:00:00+09:00
0.048,1.2,0.92, 2026-06-21T20:00:00+09:00, 2026-06-21T20:30:00+09:00
0.064,1.6,0.92, 2026-06-21T20:30:00+09:00, 2026-06-21T21:00:00+09:00
0.033,0.82,0.92, 2026-06-21T21:00:00+09:00, 2026-06-21T21:30:00+09:00
0.044,1.1,0.92, 2026-06-21T21:30:00+09:00, 2026-06-21T22:00:00+09:00
0.045,1.12,0.92, 2026-06-21T22:00:00+09:00, 2026-06-21T22:30:00+09:00
0.03,0.75,0.92, 2026-06-21T22:30:00+09:00, 2026-06-21T23:00:00+09:00
0.053,1.32,0.92, 2026-06-21T23:00:00+09:00, 2026-06-21T23:30:00+09:00
0.034,0.85,0.92, 2026-06-21T23:30:00+09:00, 2026-06-22T00:00:00+09:00
0.044,1.1,0.92, 2026-06-22T00:00:00+09:00, 2026-06-22T00:30:00+09:00
0.144,3.6,0.92, 2026-06-22T00:30:00+09:00, 2026-06-22T01:00:00+09:00
0.077,1.92,0.92, 2026-06-22T01:00:00+09:00, 2026-06-22T01:30:00+09:00
0.048,1.2,0.92, 2026-06-22T01:30:00+09:00, 2026-06-22T02:00:00+09:00
0.038,0.95,0.92, 2026-06-22T02:00:00+09:00, 2026-06-22T02:30:00+09:00
0.049,1.22,0.92, 2026-06-22T02:30:00+09:00, 2026-06-22T03:00:00+09:00
0.445,11.12,0.92, 2026-06-22T03:00:00+09:00, 2026-06-22T03:30:00+09:00
0.151,3.77,0.92, 2026-06-22T03:30:00+09:00, 2026-06-22T04:00:00+09:00
0.065,1.62,0.92, 2026-06-22T04:00:00+09:00, 2026-06-22T04:30:00+09:00
0.059,1.47,0.92, 2026-06-22T04:30:00+09:00, 2026-06-22T05:00:00+09:00
0.037,0.92,0.92, 2026-06-22T05:00:00+09:00, 2026-06-22T05:30:00+09:00
0.101,2.52,0.92, 2026-06-22T05:30:00+09:00, 2026-06-22T06:00:00+09:00
0.03,0.75,0.92, 2026-06-22T06:00:00+09:00, 2026-06-22T06:30:00+09:00
0.053,1.32,0.92, 2026-06-22T06:30:00+09:00, 2026-06-22T07:00:00+09:00
0.034,0.85,0.92, 2026-06-22T07:00:00+09:00, 2026-06-22T07:30:00+09:00
0.049,1.22,0.92, 2026-06-22T07:30:00+09:00, 2026-06-22T08:00:00+09:00
0.069,1.72,0.92, 2026-06-22T08:00:00+09:00, 2026-06-22T08:30:00+09:00
0.04,1,0.92, 2026-06-22T08:30:00+09:00, 2026-06-22T09:00:00+09:00
0.045,1.12,0.92, 2026-06-22T09:00:00+09:00, 2026-06-22T09:30:00+09:00
0.035,0.87,0.92, 2026-06-22T09:30:00+09:00, 2026-06-22T10:00:00+09:00
0.026,0.65,0.92, 2026-06-22T10:00:00+09:00, 2026-06-22T10:30:00+09:00
0.045,1.12,0.92, 2026-06-22T10:30:00+09:00, 2026-06-22T11:00:00+09:00
0.025,0.62,0.92, 2026-06-22T11:00:00+09:00, 2026-06-22T11:30:00+09:00
0.036,0.9,0.92, 2026-06-22T11:30:00+09:00, 2026-06-22T12:00:00+09:00
0.034,0.85,0.92, 2026-06-22T12:00:00+09:00, 2026-06-22T12:30:00+09:00
0.025,0.62,0.92, 2026-06-22T12:30:00+09:00, 2026-06-22T13:00:00+09:00
0.043,1.07,0.92, 2026-06-22T13:00:00+09:00, 2026-06-22T13:30:00+09:00
0.019,0.47,0.92, 2026-06-22T13:30:00+09:00, 2026-06-22T14:00:00+09:00
0.039,0.97,0.92, 2026-06-22T14:00:00+09:00, 2026-06-22T14:30:00+09:00
0.03,0.75,0.92, 2026-06-22T14:30:00+09:00, 2026-06-22T15:00:00+09:00
0.029,0.72,0.92, 2026-06-22T15:00:00+09:00, 2026-06-22T15:30:00+09:00
0.043,1.07,0.92, 2026-06-22T15:30:00+09:00, 2026-06-22T16:00:00+09:00
0.033,0.82,0.92, 2026-06-22T16:00:00+09:00, 2026-06-22T16:30:00+09:00
0.176,4.4,0.92, 2026-06-22T16:30:00+09:00, 2026-06-22T17:00:00+09:00
0.116,2.9,0.92, 2026-06-22T17:00:00+09:00, 2026-06-22T17:30:00+09:00
0.113,2.82,0.92, 2026-06-22T17:30:00+09:00, 2026-06-22T18:00:00+09:00
0.065,1.62,0.92, 2026-06-22T18:00:00+09:00, 2026-06-22T18:30:00+09:00
0.037,0.92,0.92, 2026-06-22T18:30:00+09:00, 2026-06-22T19:00:00+09:00
0.056,1.4,0.92, 2026-06-22T19:00:00+09:00, 2026-06-22T19:30:00+09:00
0.043,1.07,0.92, 2026-06-22T19:30:00+09:00, 2026-06-22T20:00:00+09:00
0.055,1.37,0.92, 2026-06-22T20:00:00+09:00, 2026-06-22T20:30:00+09:00
0.033,0.82,0.92, 2026-06-22T20:30:00+09:00, 2026-06-22T21:00:00+09:00
0.043,1.07,0.92, 2026-06-22T21:00:00+09:00, 2026-06-22T21:30:00+09:00
0.048,1.2,0.92, 2026-06-22T21:30:00+09:00, 2026-06-22T22:00:00+09:00
0.034,0.85,0.92, 2026-06-22T22:00:00+09:00, 2026-06-22T22:30:00+09:00
0.058,1.45,0.92, 2026-06-22T22:30:00+09:00, 2026-06-22T23:00:00+09:00
0.045,1.12,0.92, 2026-06-22T23:00:00+09:00, 2026-06-22T23:30:00+09:00
0.036,0.9,0.92, 2026-06-22T23:30:00+09:00, 2026-06-23T00:00:00+09:00
0.062,1.55,0.92, 2026-06-23T00:00:00+09:00, 2026-06-23T00:30:00+09:00
0.149,3.72,0.92, 2026-06-23T00:30:00+09:00, 2026-06-23T01:00:00+09:00
0.056,1.4,0.92, 2026-06-23T01:00:00+09:00, 2026-06-23T01:30:00+09:00
0.057,1.42,0.92, 2026-06-23T01:30:00+09:00, 2026-06-23T02:00:00+09:00
0.031,0.77,0.92, 2026-06-23T02:00:00+09:00, 2026-06-23T02:30:00+09:00
0.059,1.47,0.92, 2026-06-23T02:30:00+09:00, 2026-06-23T03:00:00+09:00
0.041,1.02,0.92, 2026-06-23T03:00:00+09:00, 2026-06-23T03:30:00+09:00
0.049,1.22,0.92, 2026-06-23T03:30:00+09:00, 2026-06-23T04:00:00+09:00
0.07,1.75,0.92, 2026-06-23T04:00:00+09:00, 2026-06-23T04:30:00+09:00
0.066,1.65,0.92, 2026-06-23T04:30:00+09:00, 2026-06-23T05:00:00+09:00
0.071,1.77,0.92, 2026-06-23T05:00:00+09:00, 2026-06-23T05:30:00+09:00
0.088,2.2,0.92, 2026-06-23T05:30:00+09:00, 2026-06-23T06:00:00+09:00
0.053,1.32,0.92, 2026-06-23T06:00:00+09:00, 2026-06-23T06:30:00+09:00
0.033,0.82,0.92, 2026-06-23T06:30:00+09:00, 2026-06-23T07:00:00+09:00
0.043,1.07,0.92, 2026-06-23T07:00:00+09:00, 2026-06-23T07:30:00+09:00
0.042,1.05,0.92, 2026-06-23T07:30:00+09:00, 2026-06-23T08:00:00+09:00
0.081,2.02,0.92, 2026-06-23T08:00:00+09:00, 2026-06-23T08:30:00+09:00
0.054,1.35,0.92, 2026-06-23T08:30:00+09:00, 2026-06-23T09:00:00+09:00
0.032,0.8,0.92, 2026-06-23T09:00:00+09:00, 2026-06-23T09:30:00+09:00
0.029,0.72,0.92, 2026-06-23T09:30:00+09:00, 2026-06-23T10:00:00+09:00
0.044,1.1,0.92, 2026-06-23T10:00:00+09:00, 2026-06-23T10:30:00+09:00
0.019,0.47,0.92, 2026-06-23T10:30:00+09:00, 2026-06-23T11:00:00+09:00
0.042,1.05,0.92, 2026-06-23T11:00:00+09:00, 2026-06-23T11:30:00+09:00
0.028,0.7,0.92, 2026-06-23T11:30:00+09:00, 2026-06-23T12:00:00+09:00
0.033,0.82,0.92, 2026-06-23T12:00:00+09:00, 2026-06-23T12:30:00+09:00
0.041,1.02,0.92, 2026-06-23T12:30:00+09:00, 2026-06-23T13:00:00+09:00
0.019,0.47,0.92, 2026-06-23T13:00:00+09:00, 2026-06-23T13:30:00+09:00
0.044,1.1,0.92, 2026-06-23T13:30:00+09:00, 2026-06-23T14:00:00+09:00
0.022,0.55,0.92, 2026-06-23T14:00:00+09:00, 2026-06-23T14:30:00+09:00
0.038,0.95,0.92, 2026-06-23T14:30:00+09:00, 2026-06-23T15:00:00+09:00
0.037,0.92,0.92, 2026-06-23T15:00:00+09:00, 2026-06-23T15:30:00+09:00
0.029,0.72,0.92, 2026-06-23T15:30:00+09:00, 2026-06-23T16:00:00+09:00
0.056,1.4,0.92, 2026-06-23T16:00:00+09:00, 2026-06-23T16:30:00+09:00
0.031,0.77,0.92, 2026-06-23T16:30:00+09:00, 2026-06-23T17:00:00+09:00
0.057,1.42,0.92, 2026-06-23T17:00:00+09:00, 2026-06-23T17:30:00+09:00
0.042,1.05,0.92, 2026-06-23T17:30:00+09:00, 2026-06-23T18:00:00+09:00
0.059,1.47,0.92, 2026-06-23T18:00:00+09:00, 2026-06-23T18:30:00+09:00
1.341,33.5,0.92, 2026-06-23T18:30:00+09:00, 2026-06-23T19:00:00+09:00
0.198,4.95,0.92, 2026-06-23T19:00:00+09:00, 2026-06-23T19:30:00+09:00
0.052,1.3,0.92, 2026-06-23T19:30:00+09:00, 2026-06-23T20:00:00+09:00
0.026,0.65,0.92, 2026-06-23T20:00:00+09:00, 2026-06-23T20:30:00+09:00
0.055,1.37,0.92, 2026-06-23T20:30:00+09:00, 2026-06-23T21:00:00+09:00
0.029,0.72,0.92, 2026-06-23T21:00:00+09:00, 2026-06-23T21:30:00+09:00
0.053,1.32,0.92, 2026-06-23T21:30:00+09:00, 2026-06-23T22:00:00+09:00
0.042,1.05,0.92, 2026-06-23T22:00:00+09:00, 2026-06-23T22:30:00+09:00
0.037,0.92,0.92, 2026-06-23T22:30:00+09:00, 2026-06-23T23:00:00+09:00
0.066,1.65,0.92, 2026-06-23T23:00:00+09:00, 2026-06-23T23:30:00+09:00
0.035,0.87,0.92, 2026-06-23T23:30:00+09:00, 2026-06-24T00:00:00+09:00
0.052,1.3,0.92, 2026-06-24T00:00:00+09:00, 2026-06-24T00:30:00+09:00
0.034,0.85,0.92, 2026-06-24T00:30:00+09:00, 2026-06-24T01:00:00+09:00
0.052,1.3,0.92, 2026-06-24T01:00:00+09:00, 2026-06-24T01:30:00+09:00
0.053,1.32,0.92, 2026-06-24T01:30:00+09:00, 2026-06-24T02:00:00+09:00
0.043,1.07,0.92, 2026-06-24T02:00:00+09:00, 2026-06-24T02:30:00+09:00
0.088,2.2,0.92, 2026-06-24T02:30:00+09:00, 2026-06-24T03:00:00+09:00
0.053,1.32,0.92, 2026-06-24T03:00:00+09:00, 2026-06-24T03:30:00+09:00
0.037,0.92,0.92, 2026-06-24T03:30:00+09:00, 2026-06-24T04:00:00+09:00
0.04,1,0.92, 2026-06-24T04:00:00+09:00, 2026-06-24T04:30:00+09:00
0.071,1.77,0.92, 2026-06-24T04:30:00+09:00, 2026-06-24T05:00:00+09:00
0.032,0.8,0.92, 2026-06-24T05:00:00+09:00, 2026-06-24T05:30:00+09:00
0.103,2.57,0.92, 2026-06-24T05:30:00+09:00, 2026-06-24T06:00:00+09:00
0.028,0.7,0.92, 2026-06-24T06:00:00+09:00, 2026-06-24T06:30:00+09:00
0.048,1.2,0.92, 2026-06-24T06:30:00+09:00, 2026-06-24T07:00:00+09:00
0.046,1.15,0.92, 2026-06-24T07:00:00+09:00, 2026-06-24T07:30:00+09:00
1.446,36.12,0.92, 2026-06-24T07:30:00+09:00, 2026-06-24T08:00:00+09:00
0.2,5,0.92, 2026-06-24T08:00:00+09:00, 2026-06-24T08:30:00+09:00
0.039,0.97,0.92, 2026-06-24T08:30:00+09:00, 2026-06-24T09:00:00+09:00
0.04,1,0.92, 2026-06-24T09:00:00+09:00, 2026-06-24T09:30:00+09:00
0.03,0.75,0.92, 2026-06-24T09:30:00+09:00, 2026-06-24T10:00:00+09:00
0.031,0.77,0.92, 2026-06-24T10:00:00+09:00, 2026-06-24T10:30:00+09:00
0.037,0.92,0.92, 2026-06-24T10:30:00+09:00, 2026-06-24T11:00:00+09:00
0.026,0.65,0.92, 2026-06-24T11:00:00+09:00, 2026-06-24T11:30:00+09:00
0.044,1.1,0.92, 2026-06-24T11:30:00+09:00, 2026-06-24T12:00:00+09:00
0.022,0.55,0.92, 2026-06-24T12:00:00+09:00, 2026-06-24T12:30:00+09:00
0.042,1.05,0.92, 2026-06-24T12:30:00+09:00, 2026-06-24T13:00:00+09:00
0.025,0.62,0.92, 2026-06-24T13:00:00+09:00, 2026-06-24T13:30:00+09:00
0.037,0.92,0.92, 2026-06-24T13:30:00+09:00, 2026-06-24T14:00:00+09:00
0.03,0.75,0.92, 2026-06-24T14:00:00+09:00, 2026-06-24T14:30:00+09:00
0.031,0.77,0.92, 2026-06-24T14:30:00+09:00, 2026-06-24T15:00:00+09:00
0.036,0.9,0.92, 2026-06-24T15:00:00+09:00, 2026-06-24T15:30:00+09:00
0.029,0.72,0.92, 2026-06-24T15:30:00+09:00, 2026-06-24T16:00:00+09:00
0.051,1.27,0.92, 2026-06-24T16:00:00+09:00, 2026-06-24T16:30:00+09:00
0.031,0.77,0.92, 2026-06-24T16:30:00+09:00, 2026-06-24T17:00:00+09:00
0.051,1.27,0.92, 2026-06-24T17:00:00+09:00, 2026-06-24T17:30:00+09:00
0.025,0.62,0.92, 2026-06-24T17:30:00+09:00, 2026-06-24T18:00:00+09:00
0.074,1.85,0.92, 2026-06-24T18:00:00+09:00, 2026-06-24T18:30:00+09:00
0.045,1.12,0.92, 2026-06-24T18:30:00+09:00, 2026-06-24T19:00:00+09:00
0.049,1.22,0.92, 2026-06-24T19:00:00+09:00, 2026-06-24T19:30:00+09:00
0.051,1.27,0.92, 2026-06-24T19:30:00+09:00, 2026-06-24T20:00:00+09:00
0.031,0.77,0.92, 2026-06-24T20:00:00+09:00, 2026-06-24T20:30:00+09:00
0.054,1.35,0.92, 2026-06-24T20:30:00+09:00, 2026-06-24T21:00:00+09:00
0.032,0.8,0.92, 2026-06-24T21:00:00+09:00, 2026-06-24T21:30:00+09:00
0.056,1.4,0.92, 2026-06-24T21:30:00+09:00, 2026-06-24T22:00:00+09:00
0.043,1.07,0.92, 2026-06-24T22:00:00+09:00, 2026-06-24T22:30:00+09:00
0.1,2.5,0.92, 2026-06-24T22:30:00+09:00, 2026-06-24T23:00:00+09:00
0.39,9.74,0.92, 2026-06-24T23:00:00+09:00, 2026-06-24T23:30:00+09:00
0.051,1.27,0.92, 2026-06-24T23:30:00+09:00, 2026-06-25T00:00:00+09:00
0.069,1.72,0.92, 2026-06-25T00:00:00+09:00, 2026-06-25T00:30:00+09:00
0.048,1.2,0.92, 2026-06-25T00:30:00+09:00, 2026-06-25T01:00:00+09:00
0.062,1.55,0.92, 2026-06-25T01:00:00+09:00, 2026-06-25T01:30:00+09:00
0.045,1.12,0.92, 2026-06-25T01:30:00+09:00, 2026-06-25T02:00:00+09:00
0.048,1.2,0.92, 2026-06-25T02:00:00+09:00, 2026-06-25T02:30:00+09:00
0.05,1.25,0.92, 2026-06-25T02:30:00+09:00, 2026-06-25T03:00:00+09:00
0.043,1.07,0.92, 2026-06-25T03:00:00+09:00, 2026-06-25T03:30:00+09:00
0.056,1.4,0.92, 2026-06-25T03:30:00+09:00, 2026-06-25T04:00:00+09:00
0.031,0.77,0.92, 2026-06-25T04:00:00+09:00, 2026-06-25T04:30:00+09:00
0.053,1.32,0.92, 2026-06-25T04:30:00+09:00, 2026-06-25T05:00:00+09:00
0.026,0.65,0.92, 2026-06-25T05:00:00+09:00, 2026-06-25T05:30:00+09:00
0.104,2.6,0.92, 2026-06-25T05:30:00+09:00, 2026-06-25T06:00:00+09:00
0.027,0.67,0.92, 2026-06-25T06:00:00+09:00, 2026-06-25T06:30:00+09:00
0.764,19.09,0.92, 2026-06-25T06:30:00+09:00, 2026-06-25T07:00:00+09:00
0.793,19.81,0.92, 2026-06-25T07:00:00+09:00, 2026-06-25T07:30:00+09:00
0.046,1.15,0.92, 2026-06-25T07:30:00+09:00, 2026-06-25T08:00:00+09:00
0.029,0.72,0.92, 2026-06-25T08:00:00+09:00, 2026-06-25T08:30:00+09:00
0.033,0.82,0.92, 2026-06-25T08:30:00+09:00, 2026-06-25T09:00:00+09:00
0.149,3.72,0.92, 2026-06-25T09:00:00+09:00, 2026-06-25T09:30:00+09:00
0.061,1.52,0.92, 2026-06-25T09:30:00+09:00, 2026-06-25T10:00:00+09:00
0.041,1.02,0.92, 2026-06-25T10:00:00+09:00, 2026-06-25T10:30:00+09:00
0.03,0.75,0.92, 2026-06-25T10:30:00+09:00, 2026-06-25T11:00:00+09:00
0.039,0.97,0.92, 2026-06-25T11:00:00+09:00, 2026-06-25T11:30:00+09:00
0.025,0.62,0.92, 2026-06-25T11:30:00+09:00, 2026-06-25T12:00:00+09:00
0.043,1.07,0.92, 2026-06-25T12:00:00+09:00, 2026-06-25T12:30:00+09:00
0.02,0.5,0.92, 2026-06-25T12:30:00+09:00, 2026-06-25T13:00:00+09:00
0.047,1.17,0.92, 2026-06-25T13:00:00+09:00, 2026-06-25T13:30:00+09:00
0.016,0.4,0.92, 2026-06-25T13:30:00+09:00, 2026-06-25T14:00:00+09:00
0.048,1.2,0.92, 2026-06-25T14:00:00+09:00, 2026-06-25T14:30:00+09:00
0.018,0.45,0.92, 2026-06-25T14:30:00+09:00, 2026-06-25T15:00:00+09:00
0.051,1.27,0.92, 2026-06-25T15:00:00+09:00, 2026-06-25T15:30:00+09:00
0.017,0.42,0.92, 2026-06-25T15:30:00+09:00, 2026-06-25T16:00:00+09:00
0.06,1.5,0.92, 2026-06-25T16:00:00+09:00, 2026-06-25T16:30:00+09:00
0.025,0.62,0.92, 2026-06-25T16:30:00+09:00, 2026-06-25T17:00:00+09:00
0.988,24.68,0.92, 2026-06-25T17:00:00+09:00, 2026-06-25T17:30:00+09:00
0.762,19.04,0.92, 2026-06-25T17:30:00+09:00, 2026-06-25T18:00:00+09:00
0.067,1.67,0.92, 2026-06-25T18:00:00+09:00, 2026-06-25T18:30:00+09:00
0.086,2.15,0.92, 2026-06-25T18:30:00+09:00, 2026-06-25T19:00:00+09:00
0.046,1.15,0.92, 2026-06-25T19:00:00+09:00, 2026-06-25T19:30:00+09:00
0.079,1.97,0.92, 2026-06-25T19:30:00+09:00, 2026-06-25T20:00:00+09:00
0.05,1.25,0.92, 2026-06-25T20:00:00+09:00, 2026-06-25T20:30:00+09:00
0.046,1.15,0.92, 2026-06-25T20:30:00+09:00, 2026-06-25T21:00:00+09:00
0.053,1.32,0.92, 2026-06-25T21:00:00+09:00, 2026-06-25T21:30:00+09:00
0.039,0.97,0.92, 2026-06-25T21:30:00+09:00, 2026-06-25T22:00:00+09:00
0.059,1.47,0.92, 2026-06-25T22:00:00+09:00, 2026-06-25T22:30:00+09:00
0.049,1.22,0.92, 2026-06-25T22:30:00+09:00, 2026-06-25T23:00:00+09:00
0.064,1.6,0.92, 2026-06-25T23:00:00+09:00, 2026-06-25T23:30:00+09:00
0.034,0.85,0.92, 2026-06-25T23:30:00+09:00, 2026-06-26T00:00:00+09:00
0.054,1.35,0.92, 2026-06-26T00:00:00+09:00, 2026-06-26T00:30:00+09:00
0.053,1.32,0.92, 2026-06-26T00:30:00+09:00, 2026-06-26T01:00:00+09:00
0.051,1.27,0.92, 2026-06-26T01:00:00+09:00, 2026-06-26T01:30:00+09:00
0.054,1.35,0.92, 2026-06-26T01:30:00+09:00, 2026-06-26T02:00:00+09:00
0.049,1.22,0.92, 2026-06-26T02:00:00+09:00, 2026-06-26T02:30:00+09:00
0.05,1.25,0.92, 2026-06-26T02:30:00+09:00, 2026-06-26T03:00:00+09:00
0.034,0.85,0.92, 2026-06-26T03:00:00+09:00, 2026-06-26T03:30:00+09:00
0.056,1.4,0.92, 2026-06-26T03:30:00+09:00, 2026-06-26T04:00:00+09:00
0.168,4.2,0.92, 2026-06-26T04:00:00+09:00, 2026-06-26T04:30:00+09:00
0.13,3.25,0.92, 2026-06-26T04:30:00+09:00, 2026-06-26T05:00:00+09:00
0.063,1.57,0.92, 2026-06-26T05:00:00+09:00, 2026-06-26T05:30:00+09:00
0.11,2.75,0.92, 2026-06-26T05:30:00+09:00, 2026-06-26T06:00:00+09:00
0.052,1.3,0.92, 2026-06-26T06:00:00+09:00, 2026-06-26T06:30:00+09:00
0.029,0.72,0.92, 2026-06-26T06:30:00+09:00, 2026-06-26T07:00:00+09:00
0.06,1.5,0.92, 2026-06-26T07:00:00+09:00, 2026-06-26T07:30:00+09:00
0.038,0.95,0.92, 2026-06-26T07:30:00+09:00, 2026-06-26T08:00:00+09:00
0.039,0.97,0.92, 2026-06-26T08:00:00+09:00, 2026-06-26T08:30:00+09:00
0.036,0.9,0.92, 2026-06-26T08:30:00+09:00, 2026-06-26T09:00:00+09:00
0.034,0.85,0.92, 2026-06-26T09:00:00+09:00, 2026-06-26T09:30:00+09:00
0.038,0.95,0.92, 2026-06-26T09:30:00+09:00, 2026-06-26T10:00:00+09:00
0.063,1.57,0.92, 2026-06-26T10:00:00+09:00, 2026-06-26T10:30:00+09:00
0.06,1.5,0.92, 2026-06-26T10:30:00+09:00, 2026-06-26T11:00:00+09:00
0.032,0.8,0.92, 2026-06-26T11:00:00+09:00, 2026-06-26T11:30:00+09:00
0.043,1.07,0.92, 2026-06-26T11:30:00+09:00, 2026-06-26T12:00:00+09:00
0.033,0.82,0.92, 2026-06-26T12:00:00+09:00, 2026-06-26T12:30:00+09:00
0.036,0.9,0.92, 2026-06-26T12:30:00+09:00, 2026-06-26T13:00:00+09:00
0.035,0.87,0.92, 2026-06-26T13:00:00+09:00, 2026-06-26T13:30:00+09:00
0.036,0.9,0.92, 2026-06-26T13:30:00+09:00, 2026-06-26T14:00:00+09:00
0.035,0.87,0.92, 2026-06-26T14:00:00+09:00, 2026-06-26T14:30:00+09:00
0.035,0.87,0.92, 2026-06-26T14:30:00+09:00, 2026-06-26T15:00:00+09:00
0.036,0.9,0.92, 2026-06-26T15:00:00+09:00, 2026-06-26T15:30:00+09:00
0.034,0.85,0.92, 2026-06-26T15:30:00+09:00, 2026-06-26T16:00:00+09:00
0.045,1.12,0.92, 2026-06-26T16:00:00+09:00, 2026-06-26T16:30:00+09:00
0.044,1.1,0.92, 2026-06-26T16:30:00+09:00, 2026-06-26T17:00:00+09:00
0.046,1.15,0.92, 2026-06-26T17:00:00+09:00, 2026-06-26T17:30:00+09:00
0.04,1,0.92, 2026-06-26T17:30:00+09:00, 2026-06-26T18:00:00+09:00
0.059,1.47,0.92, 2026-06-26T18:00:00+09:00, 2026-06-26T18:30:00+09:00
0.048,1.2,0.92, 2026-06-26T18:30:00+09:00, 2026-06-26T19:00:00+09:00
0.043,1.07,0.92, 2026-06-26T19:00:00+09:00, 2026-06-26T19:30:00+09:00
0.045,1.12,0.92, 2026-06-26T19:30:00+09:00, 2026-06-26T20:00:00+09:00
0.043,1.07,0.92, 2026-06-26T20:00:00+09:00, 2026-06-26T20:30:00+09:00
0.545,13.61,0.92, 2026-06-26T20:30:00+09:00, 2026-06-26T21:00:00+09:00
1.054,26.33,0.92, 2026-06-26T21:00:00+09:00, 2026-06-26T21:30:00+09:00
0.049,1.22,0.92, 2026-06-26T21:30:00+09:00, 2026-06-26T22:00:00+09:00
0.065,1.62,0.92, 2026-06-26T22:00:00+09:00, 2026-06-26T22:30:00+09:00
0.058,1.45,0.92, 2026-06-26T22:30:00+09:00, 2026-06-26T23:00:00+09:00
0.039,0.97,0.92, 2026-06-26T23:00:00+09:00, 2026-06-26T23:30:00+09:00
0.059,1.47,0.92, 2026-06-26T23:30:00+09:00, 2026-06-27T00:00:00+09:00
0.049,1.22,0.92, 2026-06-27T00:00:00+09:00, 2026-06-27T00:30:00+09:00
0.059,1.47,0.92, 2026-06-27T00:30:00+09:00, 2026-06-27T01:00:00+09:00
0.052,1.3,0.92, 2026-06-27T01:00:00+09:00, 2026-06-27T01:30:00+09:00
0.079,1.97,0.92, 2026-06-27T01:30:00+09:00, 2026-06-27T02:00:00+09:00
0.036,0.9,0.92, 2026-06-27T02:00:00+09:00, 2026-06-27T02:30:00+09:00
0.049,1.22,0.92, 2026-06-27T02:30:00+09:00, 2026-06-27T03:00:00+09:00
0.036,0.9,0.92, 2026-06-27T03:00:00+09:00, 2026-06-27T03:30:00+09:00
0.047,1.17,0.92, 2026-06-27T03:30:00+09:00, 2026-06-27T04:00:00+09:00
0.039,0.97,0.92, 2026-06-27T04:00:00+09:00, 2026-06-27T04:30:00+09:00
0.044,1.1,0.92, 2026-06-27T04:30:00+09:00, 2026-06-27T05:00:00+09:00
0.042,1.05,0.92, 2026-06-27T05:00:00+09:00, 2026-06-27T05:30:00+09:00
0.091,2.27,0.92, 2026-06-27T05:30:00+09:00, 2026-06-27T06:00:00+09:00
0.043,1.07,0.92, 2026-06-27T06:00:00+09:00, 2026-06-27T06:30:00+09:00
0.04,1,0.92, 2026-06-27T06:30:00+09:00, 2026-06-27T07:00:00+09:00
0.043,1.07,0.92, 2026-06-27T07:00:00+09:00, 2026-06-27T07:30:00+09:00
0.038,0.95,0.92, 2026-06-27T07:30:00+09:00, 2026-06-27T08:00:00+09:00
0.04,1,0.92, 2026-06-27T08:00:00+09:00, 2026-06-27T08:30:00+09:00
0.072,1.8,0.92, 2026-06-27T08:30:00+09:00, 2026-06-27T09:00:00+09:00
0.039,0.97,0.92, 2026-06-27T09:00:00+09:00, 2026-06-27T09:30:00+09:00
0.049,1.22,0.92, 2026-06-27T09:30:00+09:00, 2026-06-27T10:00:00+09:00
0.024,0.6,0.92, 2026-06-27T10:00:00+09:00, 2026-06-27T10:30:00+09:00
0.05,1.25,0.92, 2026-06-27T10:30:00+09:00, 2026-06-27T11:00:00+09:00
0.022,0.55,0.92, 2026-06-27T11:00:00+09:00, 2026-06-27T11:30:00+09:00
0.051,1.27,0.92, 2026-06-27T11:30:00+09:00, 2026-06-27T12:00:00+09:00
0.021,0.52,0.92, 2026-06-27T12:00:00+09:00, 2026-06-27T12:30:00+09:00
0.052,1.3,0.92, 2026-06-27T12:30:00+09:00, 2026-06-27T13:00:00+09:00
0.017,0.42,0.92, 2026-06-27T13:00:00+09:00, 2026-06-27T13:30:00+09:00
0.053,1.32,0.92, 2026-06-27T13:30:00+09:00, 2026-06-27T14:00:00+09:00
0.019,0.47,0.92, 2026-06-27T14:00:00+09:00, 2026-06-27T14:30:00+09:00
0.052,1.3,0.92, 2026-06-27T14:30:00+09:00, 2026-06-27T15:00:00+09:00
0.022,0.55,0.92, 2026-06-27T15:00:00+09:00, 2026-06-27T15:30:00+09:00
0.049,1.22,0.92, 2026-06-27T15:30:00+09:00, 2026-06-27T16:00:00+09:00
0.032,0.8,0.92, 2026-06-27T16:00:00+09:00, 2026-06-27T16:30:00+09:00
0.059,1.47,0.92, 2026-06-27T16:30:00+09:00, 2026-06-27T17:00:00+09:00
0.038,0.95,0.92, 2026-06-27T17:00:00+09:00, 2026-06-27T17:30:00+09:00
0.059,1.47,0.92, 2026-06-27T17:30:00+09:00, 2026-06-27T18:00:00+09:00
0.036,0.9,0.92, 2026-06-27T18:00:00+09:00, 2026-06-27T18:30:00+09:00
0.057,1.42,0.92, 2026-06-27T18:30:00+09:00, 2026-06-27T19:00:00+09:00
0.049,1.22,0.92, 2026-06-27T19:00:00+09:00, 2026-06-27T19:30:00+09:00
0.065,1.62,0.92, 2026-06-27T19:30:00+09:00, 2026-06-27T20:00:00+09:00
0.049,1.22,0.92, 2026-06-27T20:00:00+09:00, 2026-06-27T20:30:00+09:00
0.059,1.47,0.92, 2026-06-27T20:30:00+09:00, 2026-06-27T21:00:00+09:00
0.032,0.8,0.92, 2026-06-27T21:00:00+09:00, 2026-06-27T21:30:00+09:00
0.057,1.42,0.92, 2026-06-27T21:30:00+09:00, 2026-06-27T22:00:00+09:00
0.033,0.82,0.92, 2026-06-27T22:00:00+09:00, 2026-06-27T22:30:00+09:00
0.067,1.67,0.92, 2026-06-27T22:30:00+09:00, 2026-06-27T23:00:00+09:00
0.034,0.85,0.92, 2026-06-27T23:00:00+09:00, 2026-06-27T23:30:00+09:00
0.066,1.65,0.92, 2026-06-27T23:30:00+09:00, 2026-06-28T00:00:00+09:00
0.039,0.97,0.92, 2026-06-28T00:00:00+09:00, 2026-06-28T00:30:00+09:00
0.359,8.97,0.92, 2026-06-28T00:30:00+09:00, 2026-06-28T01:00:00+09:00
0.14,3.5,0.92, 2026-06-28T01:00:00+09:00, 2026-06-28T01:30:00+09:00
0.055,1.37,0.92, 2026-06-28T01:30:00+09:00, 2026-06-28T02:00:00+09:00
0.642,16.04,0.92, 2026-06-28T02:00:00+09:00, 2026-06-28T02:30:00+09:00
0.947,23.66,0.92, 2026-06-28T02:30:00+09:00, 2026-06-28T03:00:00+09:00
0.028,0.7,0.92, 2026-06-28T03:00:00+09:00, 2026-06-28T03:30:00+09:00
0.06,1.5,0.92, 2026-06-28T03:30:00+09:00, 2026-06-28T04:00:00+09:00
0.027,0.67,0.92, 2026-06-28T04:00:00+09:00, 2026-06-28T04:30:00+09:00
0.058,1.45,0.92, 2026-06-28T04:30:00+09:00, 2026-06-28T05:00:00+09:00
0.028,0.7,0.92, 2026-06-28T05:00:00+09:00, 2026-06-28T05:30:00+09:00
0.108,2.7,0.92, 2026-06-28T05:30:00+09:00, 2026-06-28T06:00:00+09:00
0.029,0.72,0.92, 2026-06-28T06:00:00+09:00, 2026-06-28T06:30:00+09:00
0.057,1.42,0.92, 2026-06-28T06:30:00+09:00, 2026-06-28T07:00:00+09:00
0.03,0.75,0.92, 2026-06-28T07:00:00+09:00, 2026-06-28T07:30:00+09:00
0.054,1.35,0.92, 2026-06-28T07:30:00+09:00, 2026-06-28T08:00:00+09:00
0.025,0.62,0.92, 2026-06-28T08:00:00+09:00, 2026-06-28T08:30:00+09:00
0.05,1.25,0.92, 2026-06-28T08:30:00+09:00, 2026-06-28T09:00:00+09:00
1.598,39.92,0.92, 2026-06-28T09:00:00+09:00, 2026-06-28T09:30:00+09:00
0.103,2.57,0.92, 2026-06-28T09:30:00+09:00, 2026-06-28T10:00:00+09:00
0.088,2.2,0.92, 2026-06-28T10:00:00+09:00, 2026-06-28T10:30:00+09:00
0.032,0.8,0.92, 2026-06-28T10:30:00+09:00, 2026-06-28T11:00:00+09:00
0.041,1.02,0.92, 2026-06-28T11:00:00+09:00, 2026-06-28T11:30:00+09:00
0.031,0.77,0.92, 2026-06-28T11:30:00+09:00, 2026-06-28T12:00:00+09:00
0.041,1.02,0.92, 2026-06-28T12:00:00+09:00, 2026-06-28T12:30:00+09:00
0.029,0.72,0.92, 2026-06-28T12:30:00+09:00, 2026-06-28T13:00:00+09:00
0.043,1.07,0.92, 2026-06-28T13:00:00+09:00, 2026-06-28T13:30:00+09:00
0.027,0.67,0.92, 2026-06-28T13:30:00+09:00, 2026-06-28T14:00:00+09:00
0.044,1.1,0.92, 2026-06-28T14:00:00+09:00, 2026-06-28T14:30:00+09:00
0.026,0.65,0.92, 2026-06-28T14:30:00+09:00, 2026-06-28T15:00:00+09:00
0.045,1.12,0.92, 2026-06-28T15:00:00+09:00, 2026-06-28T15:30:00+09:00
0.026,0.65,0.92, 2026-06-28T15:30:00+09:00, 2026-06-28T16:00:00+09:00
0.053,1.32,0.92, 2026-06-28T16:00:00+09:00, 2026-06-28T16:30:00+09:00
0.035,0.87,0.92, 2026-06-28T16:30:00+09:00, 2026-06-28T17:00:00+09:00
0.054,1.35,0.92, 2026-06-28T17:00:00+09:00, 2026-06-28T17:30:00+09:00
0.039,0.97,0.92, 2026-06-28T17:30:00+09:00, 2026-06-28T18:00:00+09:00
0.055,1.37,0.92, 2026-06-28T18:00:00+09:00, 2026-06-28T18:30:00+09:00
0.048,1.2,0.92, 2026-06-28T18:30:00+09:00, 2026-06-28T19:00:00+09:00
0.062,1.55,0.92, 2026-06-28T19:00:00+09:00, 2026-06-28T19:30:00+09:00
0.043,1.07,0.92, 2026-06-28T19:30:00+09:00, 2026-06-28T20:00:00+09:00
0.065,1.62,0.92, 2026-06-28T20:00:00+09:00, 2026-06-28T20:30:00+09:00
0.055,1.37,0.92, 2026-06-28T20:30:00+09:00, 2026-06-28T21:00:00+09:00
0.041,1.02,0.92, 2026-06-28T21:00:00+09:00, 2026-06-28T21:30:00+09:00
0.061,1.52,0.92, 2026-06-28T21:30:00+09:00, 2026-06-28T22:00:00+09:00
0.034,0.85,0.92, 2026-06-28T22:00:00+09:00, 2026-06-28T22:30:00+09:00
0.054,1.35,0.92, 2026-06-28T22:30:00+09:00, 2026-06-28T23:00:00+09:00
0.05,1.25,0.92, 2026-06-28T23:00:00+09:00, 2026-06-28T23:30:00+09:00
0.039,0.97,0.92, 2026-06-28T23:30:00+09:00, 2026-06-29T00:00:00+09:00
0.532,13.29,0.92, 2026-06-29T00:00:00+09:00, 2026-06-29T00:30:00+09:00
1.019,25.46,0.92, 2026-06-29T00:30:00+09:00, 2026-06-29T01:00:00+09:00
0.049,1.22,0.92, 2026-06-29T01:00:00+09:00, 2026-06-29T01:30:00+09:00
0.081,2.02,0.92, 2026-06-29T01:30:00+09:00, 2026-06-29T02:00:00+09:00
0.176,4.4,0.92, 2026-06-29T02:00:00+09:00, 2026-06-29T02:30:00+09:00
0.063,1.57,0.92, 2026-06-29T02:30:00+09:00, 2026-06-29T03:00:00+09:00
0.053,1.32,0.92, 2026-06-29T03:00:00+09:00, 2026-06-29T03:30:00+09:00
0.064,1.6,0.92, 2026-06-29T03:30:00+09:00, 2026-06-29T04:00:00+09:00
0.062,1.55,0.92, 2026-06-29T04:00:00+09:00, 2026-06-29T04:30:00+09:00
0.033,0.82,0.92, 2026-06-29T04:30:00+09:00, 2026-06-29T05:00:00+09:00
0.061,1.52,0.92, 2026-06-29T05:00:00+09:00, 2026-06-29T05:30:00+09:00
0.089,2.22,0.92, 2026-06-29T05:30:00+09:00, 2026-06-29T06:00:00+09:00
0.048,1.2,0.92, 2026-06-29T06:00:00+09:00, 2026-06-29T06:30:00+09:00
0.053,1.32,0.92, 2026-06-29T06:30:00+09:00, 2026-06-29T07:00:00+09:00
0.065,1.62,0.92, 2026-06-29T07:00:00+09:00, 2026-06-29T07:30:00+09:00
0.077,1.92,0.92, 2026-06-29T07:30:00+09:00, 2026-06-29T08:00:00+09:00
0.071,1.77,0.92, 2026-06-29T08:00:00+09:00, 2026-06-29T08:30:00+09:00
0.184,4.6,0.92, 2026-06-29T08:30:00+09:00, 2026-06-29T09:00:00+09:00
0.062,1.55,0.92, 2026-06-29T09:00:00+09:00, 2026-06-29T09:30:00+09:00
0.041,1.02,0.92, 2026-06-29T09:30:00+09:00, 2026-06-29T10:00:00+09:00
0.034,0.85,0.92, 2026-06-29T10:00:00+09:00, 2026-06-29T10:30:00+09:00
0.036,0.9,0.92, 2026-06-29T10:30:00+09:00, 2026-06-29T11:00:00+09:00
0.035,0.87,0.92, 2026-06-29T11:00:00+09:00, 2026-06-29T11:30:00+09:00
0.033,0.82,0.92, 2026-06-29T11:30:00+09:00, 2026-06-29T12:00:00+09:00
0.037,0.92,0.92, 2026-06-29T12:00:00+09:00, 2026-06-29T12:30:00+09:00
0.033,0.82,0.92, 2026-06-29T12:30:00+09:00, 2026-06-29T13:00:00+09:00
0.044,1.1,0.92, 2026-06-29T13:00:00+09:00, 2026-06-29T13:30:00+09:00
0.026,0.65,0.92, 2026-06-29T13:30:00+09:00, 2026-06-29T14:00:00+09:00
0.043,1.07,0.92, 2026-06-29T14:00:00+09:00, 2026-06-29T14:30:00+09:00
0.026,0.65,0.92, 2026-06-29T14:30:00+09:00, 2026-06-29T15:00:00+09:00
0.043,1.07,0.92, 2026-06-29T15:00:00+09:00, 2026-06-29T15:30:00+09:00
0.026,0.65,0.92, 2026-06-29T15:30:00+09:00, 2026-06-29T16:00:00+09:00
0.051,1.27,0.92, 2026-06-29T16:00:00+09:00, 2026-06-29T16:30:00+09:00
0.033,0.82,0.92, 2026-06-29T16:30:00+09:00, 2026-06-29T17:00:00+09:00
0.058,1.45,0.92, 2026-06-29T17:00:00+09:00, 2026-06-29T17:30:00+09:00
0.041,1.02,0.92, 2026-06-29T17:30:00+09:00, 2026-06-29T18:00:00+09:00
0.067,1.67,0.92, 2026-06-29T18:00:00+09:00, 2026-06-29T18:30:00+09:00
0.048,1.2,0.92, 2026-06-29T18:30:00+09:00, 2026-06-29T19:00:00+09:00
0.066,1.65,0.92, 2026-06-29T19:00:00+09:00, 2026-06-29T19:30:00+09:00
0.039,0.97,0.92, 2026-06-29T19:30:00+09:00, 2026-06-29T20:00:00+09:00
0.067,1.67,0.92, 2026-06-29T20:00:00+09:00, 2026-06-29T20:30:00+09:00
0.044,1.1,0.92, 2026-06-29T20:30:00+09:00, 2026-06-29T21:00:00+09:00
0.049,1.22,0.92, 2026-06-29T21:00:00+09:00, 2026-06-29T21:30:00+09:00
0.037,0.92,0.92, 2026-06-29T21:30:00+09:00, 2026-06-29T22:00:00+09:00
0.05,1.25,0.92, 2026-06-29T22:00:00+09:00, 2026-06-29T22:30:00+09:00
0.05,1.25,0.92, 2026-06-29T22:30:00+09:00, 2026-06-29T23:00:00+09:00
0.252,6.3,0.92, 2026-06-29T23:00:00+09:00, 2026-06-29T23:30:00+09:00
0.045,1.12,0.92, 2026-06-29T23:30:00+09:00, 2026-06-30T00:00:00+09:00
0.064,1.6,0.92, 2026-06-30T00:00:00+09:00, 2026-06-30T00:30:00+09:00
0.045,1.12,0.92, 2026-06-30T00:30:00+09:00, 2026-06-30T01:00:00+09:00
0.062,1.55,0.92, 2026-06-30T01:00:00+09:00, 2026-06-30T01:30:00+09:00
0.045,1.12,0.92, 2026-06-30T01:30:00+09:00, 2026-06-30T02:00:00+09:00
0.053,1.32,0.92, 2026-06-30T02:00:00+09:00, 2026-06-30T02:30:00+09:00
0.032,0.8,0.92, 2026-06-30T02:30:00+09:00, 2026-06-30T03:00:00+09:00
0.054,1.35,0.92, 2026-06-30T03:00:00+09:00, 2026-06-30T03:30:00+09:00
0.031,0.77,0.92, 2026-06-30T03:30:00+09:00, 2026-06-30T04:00:00+09:00
0.057,1.42,0.92, 2026-06-30T04:00:00+09:00, 2026-06-30T04:30:00+09:00
0.044,1.1,0.92, 2026-06-30T04:30:00+09:00, 2026-06-30T05:00:00+09:00
0.664,16.59,0.92, 2026-06-30T05:00:00+09:00, 2026-06-30T05:30:00+09:00
0.967,24.16,0.92, 2026-06-30T05:30:00+09:00, 2026-06-30T06:00:00+09:00
0.05,1.25,0.92, 2026-06-30T06:00:00+09:00, 2026-06-30T06:30:00+09:00
0.039,0.97,0.92, 2026-06-30T06:30:00+09:00, 2026-06-30T07:00:00+09:00
0.053,1.32,0.92, 2026-06-30T07:00:00+09:00, 2026-06-30T07:30:00+09:00
0.034,0.85,0.92, 2026-06-30T07:30:00+09:00, 2026-06-30T08:00:00+09:00
0.045,1.12,0.92, 2026-06-30T08:00:00+09:00, 2026-06-30T08:30:00+09:00
0.035,0.87,0.92, 2026-06-30T08:30:00+09:00, 2026-06-30T09:00:00+09:00
0.065,1.62,0.92, 2026-06-30T09:00:00+09:00, 2026-06-30T09:30:00+09:00
0.027,0.67,0.92, 2026-06-30T09:30:00+09:00, 2026-06-30T10:00:00+09:00
0.046,1.15,0.92, 2026-06-30T10:00:00+09:00, 2026-06-30T10:30:00+09:00
0.024,0.6,0.92, 2026-06-30T10:30:00+09:00, 2026-06-30T11:00:00+09:00
0.047,1.17,0.92, 2026-06-30T11:00:00+09:00, 2026-06-30T11:30:00+09:00
0.024,0.6,0.92, 2026-06-30T11:30:00+09:00, 2026-06-30T12:00:00+09:00
0.046,1.15,0.92, 2026-06-30T12:00:00+09:00, 2026-06-30T12:30:00+09:00
0.023,0.57,0.92, 2026-06-30T12:30:00+09:00, 2026-06-30T13:00:00+09:00
0.047,1.17,0.92, 2026-06-30T13:00:00+09:00, 2026-06-30T13:30:00+09:00
0.022,0.55,0.92, 2026-06-30T13:30:00+09:00, 2026-06-30T14:00:00+09:00
0.047,1.17,0.92, 2026-06-30T14:00:00+09:00, 2026-06-30T14:30:00+09:00
0.022,0.55,0.92, 2026-06-30T14:30:00+09:00, 2026-06-30T15:00:00+09:00
0.047,1.17,0.92, 2026-06-30T15:00:00+09:00, 2026-06-30T15:30:00+09:00
0.023,0.57,0.92, 2026-06-30T15:30:00+09:00, 2026-06-30T16:00:00+09:00
0.061,1.52,0.92, 2026-06-30T16:00:00+09:00, 2026-06-30T16:30:00+09:00
0.028,0.7,0.92, 2026-06-30T16:30:00+09:00, 2026-06-30T17:00:00+09:00
0.068,1.7,0.92, 2026-06-30T17:00:00+09:00, 2026-06-30T17:30:00+09:00
0.044,1.1,0.92, 2026-06-30T17:30:00+09:00, 2026-06-30T18:00:00+09:00
0.07,1.75,0.92, 2026-06-30T18:00:00+09:00, 2026-06-30T18:30:00+09:00
0.043,1.07,0.92, 2026-06-30T18:30:00+09:00, 2026-06-30T19:00:00+09:00
0.065,1.62,0.92, 2026-06-30T19:00:00+09:00, 2026-06-30T19:30:00+09:00
1.028,25.68,0.92, 2026-06-30T19:30:00+09:00, 2026-06-30T20:00:00+09:00
0.554,13.84,0.92, 2026-06-30T20:00:00+09:00, 2026-06-30T20:30:00+09:00
0.037,0.92,0.92, 2026-06-30T20:30:00+09:00, 2026-06-30T21:00:00+09:00
0.124,3.1,0.92, 2026-06-30T21:00:00+09:00, 2026-06-30T21:30:00+09:00
0.045,1.12,0.92, 2026-06-30T21:30:00+09:00, 2026-06-30T22:00:00+09:00
0.074,1.85,0.92, 2026-06-30T22:00:00+09:00, 2026-06-30T22:30:00+09:00
0.036,0.9,0.92, 2026-06-30T22:30:00+09:00, 2026-06-30T23:00:00+09:00
0.056,1.4,0.92, 2026-06-30T23:00:00+09:00, 2026-06-30T23:30:00+09:00
0.112,2.8,0.92, 2026-06-30T23:30:00+09:00, 2026-07-01T00:00:00+09:00
0.094,2.35,0.92, 2026-07-01T00:00:00+09:00, 2026-07-01T00:30:00+09:00
0.066,1.65,0.92, 2026-07-01T00:30:00+09:00, 2026-07-01T01:00:00+09:00
0.071,1.77,0.92, 2026-07-01T01:00:00+09:00, 2026-07-01T01:30:00+09:00
0.037,0.92,0.92, 2026-07-01T01:30:00+09:00, 2026-07-01T02:00:00+09:00
0.054,1.35,0.92, 2026-07-01T02:00:00+09:00, 2026-07-01T02:30:00+09:00
0.039,0.97,0.92, 2026-07-01T02:30:00+09:00, 2026-07-01T03:00:00+09:00
0.058,1.45,0.92, 2026-07-01T03:00:00+09:00, 2026-07-01T03:30:00+09:00
0.032,0.8,0.92, 2026-07-01T03:30:00+09:00, 2026-07-01T04:00:00+09:00
0.053,1.32,0.92, 2026-07-01T04:00:00+09:00, 2026-07-01T04:30:00+09:00
0.034,0.85,0.92, 2026-07-01T04:30:00+09:00, 2026-07-01T05:00:00+09:00
0.052,1.3,0.92, 2026-07-01T05:00:00+09:00, 2026-07-01T05:30:00+09:00
0.087,2.17,0.92, 2026-07-01T05:30:00+09:00, 2026-07-01T06:00:00+09:00
0.048,1.2,0.92, 2026-07-01T06:00:00+09:00, 2026-07-01T06:30:00+09:00
0.038,0.95,0.92, 2026-07-01T06:30:00+09:00, 2026-07-01T07:00:00+09:00
0.056,1.4,0.92, 2026-07-01T07:00:00+09:00, 2026-07-01T07:30:00+09:00
0.03,0.75,0.92, 2026-07-01T07:30:00+09:00, 2026-07-01T08:00:00+09:00
0.068,1.8,0.97, 2026-07-01T08:00:00+09:00, 2026-07-01T08:30:00+09:00
0.04,1.06,0.97, 2026-07-01T08:30:00+09:00, 2026-07-01T09:00:00+09:00
0.074,1.95,0.97, 2026-07-01T09:00:00+09:00, 2026-07-01T09:30:00+09:00
0.04,1.06,0.97, 2026-07-01T09:30:00+09:00, 2026-07-01T10:00:00+09:00
0.054,1.43,0.97, 2026-07-01T10:00:00+09:00, 2026-07-01T10:30:00+09:00
0.035,0.92,0.97, 2026-07-01T10:30:00+09:00, 2026-07-01T11:00:00+09:00
0.041,1.08,0.97, 2026-07-01T11:00:00+09:00, 2026-07-01T11:30:00+09:00
0.03,0.79,0.97, 2026-07-01T11:30:00+09:00, 2026-07-01T12:00:00+09:00
0.04,1.06,0.97, 2026-07-01T12:00:00+09:00, 2026-07-01T12:30:00+09:00
0.03,0.79,0.97, 2026-07-01T12:30:00+09:00, 2026-07-01T13:00:00+09:00
0.039,1.03,0.97, 2026-07-01T13:00:00+09:00, 2026-07-01T13:30:00+09:00
0.03,0.79,0.97, 2026-07-01T13:30:00+09:00, 2026-07-01T14:00:00+09:00
0.039,1.03,0.97, 2026-07-01T14:00:00+09:00, 2026-07-01T14:30:00+09:00
0.029,0.77,0.97, 2026-07-01T14:30:00+09:00, 2026-07-01T15:00:00+09:00
0.039,1.03,0.97, 2026-07-01T15:00:00+09:00, 2026-07-01T15:30:00+09:00
0.03,0.79,0.97, 2026-07-01T15:30:00+09:00, 2026-07-01T16:00:00+09:00
0.05,1.32,0.97, 2026-07-01T16:00:00+09:00, 2026-07-01T16:30:00+09:00
0.046,1.22,0.97, 2026-07-01T16:30:00+09:00, 2026-07-01T17:00:00+09:00
0.056,1.48,0.97, 2026-07-01T17:00:00+09:00, 2026-07-01T17:30:00+09:00
0.034,0.9,0.97, 2026-07-01T17:30:00+09:00, 2026-07-01T18:00:00+09:00
0.058,1.53,0.97, 2026-07-01T18:00:00+09:00, 2026-07-01T18:30:00+09:00
0.06,1.58,0.97, 2026-07-01T18:30:00+09:00, 2026-07-01T19:00:00+09:00
0.049,1.29,0.97, 2026-07-01T19:00:00+09:00, 2026-07-01T19:30:00+09:00
0.052,1.37,0.97, 2026-07-01T19:30:00+09:00, 2026-07-01T20:00:00+09:00
0.039,1.03,0.97, 2026-07-01T20:00:00+09:00, 2026-07-01T20:30:00+09:00
0.051,1.35,0.97, 2026-07-01T20:30:00+09:00, 2026-07-01T21:00:00+09:00
0.036,0.95,0.97, 2026-07-01T21:00:00+09:00, 2026-07-01T21:30:00+09:00
0.052,1.37,0.97, 2026-07-01T21:30:00+09:00, 2026-07-01T22:00:00+09:00
0.032,0.85,0.97, 2026-07-01T22:00:00+09:00, 2026-07-01T22:30:00+09:00
0.054,1.43,0.97, 2026-07-01T22:30:00+09:00, 2026-07-01T23:00:00+09:00
0.03,0.79,0.97, 2026-07-01T23:00:00+09:00, 2026-07-01T23:30:00+09:00
0.054,1.43,0.97, 2026-07-01T23:30:00+09:00, 2026-07-02T00:00:00+09:00
0.031,0.82,0.97, 2026-07-02T00:00:00+09:00, 2026-07-02T00:30:00+09:00
0.054,1.43,0.97, 2026-07-02T00:30:00+09:00, 2026-07-02T01:00:00+09:00
0.03,0.79,0.97, 2026-07-02T01:00:00+09:00, 2026-07-02T01:30:00+09:00
0.054,1.43,0.97, 2026-07-02T01:30:00+09:00, 2026-07-02T02:00:00+09:00
0.03,0.79,0.97, 2026-07-02T02:00:00+09:00, 2026-07-02T02:30:00+09:00
0.053,1.4,0.97, 2026-07-02T02:30:00+09:00, 2026-07-02T03:00:00+09:00
0.032,0.85,0.97, 2026-07-02T03:00:00+09:00, 2026-07-02T03:30:00+09:00
0.052,1.37,0.97, 2026-07-02T03:30:00+09:00, 2026-07-02T04:00:00+09:00
0.033,0.87,0.97, 2026-07-02T04:00:00+09:00, 2026-07-02T04:30:00+09:00
0.051,1.35,0.97, 2026-07-02T04:30:00+09:00, 2026-07-02T05:00:00+09:00
1.076,28.42,0.97, 2026-07-02T05:00:00+09:00, 2026-07-02T05:30:00+09:00
0.562,14.85,0.97, 2026-07-02T05:30:00+09:00, 2026-07-02T06:00:00+09:00
0.047,1.24,0.97, 2026-07-02T06:00:00+09:00, 2026-07-02T06:30:00+09:00
0.06,1.58,0.97, 2026-07-02T06:30:00+09:00, 2026-07-02T07:00:00+09:00
0.047,1.24,0.97, 2026-07-02T07:00:00+09:00, 2026-07-02T07:30:00+09:00
0.06,1.58,0.97, 2026-07-02T07:30:00+09:00, 2026-07-02T08:00:00+09:00
0.192,5.07,0.97, 2026-07-02T08:00:00+09:00, 2026-07-02T08:30:00+09:00
0.059,1.56,0.97, 2026-07-02T08:30:00+09:00, 2026-07-02T09:00:00+09:00
0.043,1.14,0.97, 2026-07-02T09:00:00+09:00, 2026-07-02T09:30:00+09:00
0.049,1.29,0.97, 2026-07-02T09:30:00+09:00, 2026-07-02T10:00:00+09:00
0.029,0.77,0.97, 2026-07-02T10:00:00+09:00, 2026-07-02T10:30:00+09:00
0.042,1.11,0.97, 2026-07-02T10:30:00+09:00, 2026-07-02T11:00:00+09:00
0.028,0.74,0.97, 2026-07-02T11:00:00+09:00, 2026-07-02T11:30:00+09:00
0.042,1.11,0.97, 2026-07-02T11:30:00+09:00, 2026-07-02T12:00:00+09:00
0.027,0.71,0.97, 2026-07-02T12:00:00+09:00, 2026-07-02T12:30:00+09:00
0.042,1.11,0.97, 2026-07-02T12:30:00+09:00, 2026-07-02T13:00:00+09:00
0.027,0.71,0.97, 2026-07-02T13:00:00+09:00, 2026-07-02T13:30:00+09:00
0.043,1.14,0.97, 2026-07-02T13:30:00+09:00, 2026-07-02T14:00:00+09:00
0.025,0.66,0.97, 2026-07-02T14:00:00+09:00, 2026-07-02T14:30:00+09:00
0.043,1.14,0.97, 2026-07-02T14:30:00+09:00, 2026-07-02T15:00:00+09:00
0.032,0.85,0.97, 2026-07-02T15:00:00+09:00, 2026-07-02T15:30:00+09:00
0.037,0.98,0.97, 2026-07-02T15:30:00+09:00, 2026-07-02T16:00:00+09:00
0.04,1.06,0.97, 2026-07-02T16:00:00+09:00, 2026-07-02T16:30:00+09:00
0.044,1.16,0.97, 2026-07-02T16:30:00+09:00, 2026-07-02T17:00:00+09:00
0.046,1.22,0.97, 2026-07-02T17:00:00+09:00, 2026-07-02T17:30:00+09:00
0.045,1.19,0.97, 2026-07-02T17:30:00+09:00, 2026-07-02T18:00:00+09:00
0.04,1.06,0.97, 2026-07-02T18:00:00+09:00, 2026-07-02T18:30:00+09:00
0.069,1.82,0.97, 2026-07-02T18:30:00+09:00, 2026-07-02T19:00:00+09:00
0.051,1.35,0.97, 2026-07-02T19:00:00+09:00, 2026-07-02T19:30:00+09:00
0.056,1.48,0.97, 2026-07-02T19:30:00+09:00, 2026-07-02T20:00:00+09:00
0.059,1.56,0.97, 2026-07-02T20:00:00+09:00, 2026-07-02T20:30:00+09:00
0.033,0.87,0.97, 2026-07-02T20:30:00+09:00, 2026-07-02T21:00:00+09:00
0.061,1.61,0.97, 2026-07-02T21:00:00+09:00, 2026-07-02T21:30:00+09:00
0.047,1.24,0.97, 2026-07-02T21:30:00+09:00, 2026-07-02T22:00:00+09:00
0.052,1.37,0.97, 2026-07-02T22:00:00+09:00, 2026-07-02T22:30:00+09:00
0.43,11.36,0.97, 2026-07-02T22:30:00+09:00, 2026-07-02T23:00:00+09:00
0.575,15.19,0.97, 2026-07-02T23:00:00+09:00, 2026-07-02T23:30:00+09:00
0.05,1.32,0.97, 2026-07-02T23:30:00+09:00, 2026-07-03T00:00:00+09:00
0.132,3.49,0.97, 2026-07-03T00:00:00+09:00, 2026-07-03T00:30:00+09:00
0.068,1.8,0.97, 2026-07-03T00:30:00+09:00, 2026-07-03T01:00:00+09:00
0.047,1.24,0.97, 2026-07-03T01:00:00+09:00, 2026-07-03T01:30:00+09:00
0.057,1.51,0.97, 2026-07-03T01:30:00+09:00, 2026-07-03T02:00:00+09:00
0.04,1.06,0.97, 2026-07-03T02:00:00+09:00, 2026-07-03T02:30:00+09:00
0.059,1.56,0.97, 2026-07-03T02:30:00+09:00, 2026-07-03T03:00:00+09:00
0.492,13,0.97, 2026-07-03T03:00:00+09:00, 2026-07-03T03:30:00+09:00
0.075,1.98,0.97, 2026-07-03T03:30:00+09:00, 2026-07-03T04:00:00+09:00
0.04,1.06,0.97, 2026-07-03T04:00:00+09:00, 2026-07-03T04:30:00+09:00
0.056,1.48,0.97, 2026-07-03T04:30:00+09:00, 2026-07-03T05:00:00+09:00
0.054,1.43,0.97, 2026-07-03T05:00:00+09:00, 2026-07-03T05:30:00+09:00
0.095,2.51,0.97, 2026-07-03T05:30:00+09:00, 2026-07-03T06:00:00+09:00
0.049,1.29,0.97, 2026-07-03T06:00:00+09:00, 2026-07-03T06:30:00+09:00
0.038,1,0.97, 2026-07-03T06:30:00+09:00, 2026-07-03T07:00:00+09:00
0.05,1.32,0.97, 2026-07-03T07:00:00+09:00, 2026-07-03T07:30:00+09:00
0.034,0.9,0.97, 2026-07-03T07:30:00+09:00, 2026-07-03T08:00:00+09:00
0.042,1.11,0.97, 2026-07-03T08:00:00+09:00, 2026-07-03T08:30:00+09:00
0.079,2.09,0.97, 2026-07-03T08:30:00+09:00, 2026-07-03T09:00:00+09:00
0.063,1.66,0.97, 2026-07-03T09:00:00+09:00, 2026-07-03T09:30:00+09:00
0.04,1.06,0.97, 2026-07-03T09:30:00+09:00, 2026-07-03T10:00:00+09:00
0.051,1.35,0.97, 2026-07-03T10:00:00+09:00, 2026-07-03T10:30:00+09:00
0.023,0.61,0.97, 2026-07-03T10:30:00+09:00, 2026-07-03T11:00:00+09:00
0.047,1.24,0.97, 2026-07-03T11:00:00+09:00, 2026-07-03T11:30:00+09:00
0.02,0.53,0.97, 2026-07-03T11:30:00+09:00, 2026-07-03T12:00:00+09:00
0.049,1.29,0.97, 2026-07-03T12:00:00+09:00, 2026-07-03T12:30:00+09:00
0.017,0.45,0.97, 2026-07-03T12:30:00+09:00, 2026-07-03T13:00:00+09:00
0.05,1.32,0.97, 2026-07-03T13:00:00+09:00, 2026-07-03T13:30:00+09:00
0.017,0.45,0.97, 2026-07-03T13:30:00+09:00, 2026-07-03T14:00:00+09:00
0.048,1.27,0.97, 2026-07-03T14:00:00+09:00, 2026-07-03T14:30:00+09:00
0.019,0.5,0.97, 2026-07-03T14:30:00+09:00, 2026-07-03T15:00:00+09:00
0.046,1.22,0.97, 2026-07-03T15:00:00+09:00, 2026-07-03T15:30:00+09:00
0.025,0.66,0.97, 2026-07-03T15:30:00+09:00, 2026-07-03T16:00:00+09:00
0.051,1.35,0.97, 2026-07-03T16:00:00+09:00, 2026-07-03T16:30:00+09:00
0.043,1.14,0.97, 2026-07-03T16:30:00+09:00, 2026-07-03T17:00:00+09:00
0.054,1.43,0.97, 2026-07-03T17:00:00+09:00, 2026-07-03T17:30:00+09:00
0.035,0.92,0.97, 2026-07-03T17:30:00+09:00, 2026-07-03T18:00:00+09:00
0.055,1.45,0.97, 2026-07-03T18:00:00+09:00, 2026-07-03T18:30:00+09:00
0.043,1.14,0.97, 2026-07-03T18:30:00+09:00, 2026-07-03T19:00:00+09:00
0.056,1.48,0.97, 2026-07-03T19:00:00+09:00, 2026-07-03T19:30:00+09:00
0.034,0.9,0.97, 2026-07-03T19:30:00+09:00, 2026-07-03T20:00:00+09:00
0.049,1.29,0.97, 2026-07-03T20:00:00+09:00, 2026-07-03T20:30:00+09:00
0.036,0.95,0.97, 2026-07-03T20:30:00+09:00, 2026-07-03T21:00:00+09:00
0.045,1.19,0.97, 2026-07-03T21:00:00+09:00, 2026-07-03T21:30:00+09:00
0.039,1.03,0.97, 2026-07-03T21:30:00+09:00, 2026-07-03T22:00:00+09:00
0.132,3.49,0.97, 2026-07-03T22:00:00+09:00, 2026-07-03T22:30:00+09:00
0.078,2.06,0.97, 2026-07-03T22:30:00+09:00, 2026-07-03T23:00:00+09:00
0.159,4.2,0.97, 2026-07-03T23:00:00+09:00, 2026-07-03T23:30:00+09:00
0.076,2.01,0.97, 2026-07-03T23:30:00+09:00, 2026-07-04T00:00:00+09:00
0.049,1.29,0.97, 2026-07-04T00:00:00+09:00, 2026-07-04T00:30:00+09:00
0.06,1.58,0.97, 2026-07-04T00:30:00+09:00, 2026-07-04T01:00:00+09:00
0.039,1.03,0.97, 2026-07-04T01:00:00+09:00, 2026-07-04T01:30:00+09:00
0.051,1.35,0.97, 2026-07-04T01:30:00+09:00, 2026-07-04T02:00:00+09:00
0.041,1.08,0.97, 2026-07-04T02:00:00+09:00, 2026-07-04T02:30:00+09:00
0.056,1.48,0.97, 2026-07-04T02:30:00+09:00, 2026-07-04T03:00:00+09:00
0.031,0.82,0.97, 2026-07-04T03:00:00+09:00, 2026-07-04T03:30:00+09:00
0.059,1.56,0.97, 2026-07-04T03:30:00+09:00, 2026-07-04T04:00:00+09:00
0.037,0.98,0.97, 2026-07-04T04:00:00+09:00, 2026-07-04T04:30:00+09:00
0.056,1.48,0.97, 2026-07-04T04:30:00+09:00, 2026-07-04T05:00:00+09:00
0.025,0.66,0.97, 2026-07-04T05:00:00+09:00, 2026-07-04T05:30:00+09:00
0.222,5.86,0.97, 2026-07-04T05:30:00+09:00, 2026-07-04T06:00:00+09:00
0.047,1.24,0.97, 2026-07-04T06:00:00+09:00, 2026-07-04T06:30:00+09:00
0.078,2.06,0.97, 2026-07-04T06:30:00+09:00, 2026-07-04T07:00:00+09:00
0.035,0.92,0.97, 2026-07-04T07:00:00+09:00, 2026-07-04T07:30:00+09:00
0.048,1.27,0.97, 2026-07-04T07:30:00+09:00, 2026-07-04T08:00:00+09:00
0.025,0.66,0.97, 2026-07-04T08:00:00+09:00, 2026-07-04T08:30:00+09:00
0.042,1.11,0.97, 2026-07-04T08:30:00+09:00, 2026-07-04T09:00:00+09:00
0.024,0.63,0.97, 2026-07-04T09:00:00+09:00, 2026-07-04T09:30:00+09:00
0.045,1.19,0.97, 2026-07-04T09:30:00+09:00, 2026-07-04T10:00:00+09:00
0.035,0.92,0.97, 2026-07-04T10:00:00+09:00, 2026-07-04T10:30:00+09:00
0.039,1.03,0.97, 2026-07-04T10:30:00+09:00, 2026-07-04T11:00:00+09:00
0.028,0.74,0.97, 2026-07-04T11:00:00+09:00, 2026-07-04T11:30:00+09:00
0.039,1.03,0.97, 2026-07-04T11:30:00+09:00, 2026-07-04T12:00:00+09:00
0.03,0.79,0.97, 2026-07-04T12:00:00+09:00, 2026-07-04T12:30:00+09:00
0.037,0.98,0.97, 2026-07-04T12:30:00+09:00, 2026-07-04T13:00:00+09:00
0.028,0.74,0.97, 2026-07-04T13:00:00+09:00, 2026-07-04T13:30:00+09:00
0.039,1.03,0.97, 2026-07-04T13:30:00+09:00, 2026-07-04T14:00:00+09:00
0.027,0.71,0.97, 2026-07-04T14:00:00+09:00, 2026-07-04T14:30:00+09:00
0.038,1,0.97, 2026-07-04T14:30:00+09:00, 2026-07-04T15:00:00+09:00
0.026,0.69,0.97, 2026-07-04T15:00:00+09:00, 2026-07-04T15:30:00+09:00
0.039,1.03,0.97, 2026-07-04T15:30:00+09:00, 2026-07-04T16:00:00+09:00
0.035,0.92,0.97, 2026-07-04T16:00:00+09:00, 2026-07-04T16:30:00+09:00
0.045,1.19,0.97, 2026-07-04T16:30:00+09:00, 2026-07-04T17:00:00+09:00
0.126,3.33,0.97, 2026-07-04T17:00:00+09:00, 2026-07-04T17:30:00+09:00
0.094,2.48,0.97, 2026-07-04T17:30:00+09:00, 2026-07-04T18:00:00+09:00
0.049,1.29,0.97, 2026-07-04T18:00:00+09:00, 2026-07-04T18:30:00+09:00
0.059,1.56,0.97, 2026-07-04T18:30:00+09:00, 2026-07-04T19:00:00+09:00
0.065,1.72,0.97, 2026-07-04T19:00:00+09:00, 2026-07-04T19:30:00+09:00
0.043,1.14,0.97, 2026-07-04T19:30:00+09:00, 2026-07-04T20:00:00+09:00
0.051,1.35,0.97, 2026-07-04T20:00:00+09:00, 2026-07-04T20:30:00+09:00
0.037,0.98,0.97, 2026-07-04T20:30:00+09:00, 2026-07-04T21:00:00+09:00
0.048,1.27,0.97, 2026-07-04T21:00:00+09:00, 2026-07-04T21:30:00+09:00
0.041,1.08,0.97, 2026-07-04T21:30:00+09:00, 2026-07-04T22:00:00+09:00
0.05,1.32,0.97, 2026-07-04T22:00:00+09:00, 2026-07-04T22:30:00+09:00
0.048,1.27,0.97, 2026-07-04T22:30:00+09:00, 2026-07-04T23:00:00+09:00
0.04,1.06,0.97, 2026-07-04T23:00:00+09:00, 2026-07-04T23:30:00+09:00
0.044,1.16,0.97, 2026-07-04T23:30:00+09:00, 2026-07-05T00:00:00+09:00
1.083,28.61,0.97, 2026-07-05T00:00:00+09:00, 2026-07-05T00:30:00+09:00
0.483,12.76,0.97, 2026-07-05T00:30:00+09:00, 2026-07-05T01:00:00+09:00
0.053,1.4,0.97, 2026-07-05T01:00:00+09:00, 2026-07-05T01:30:00+09:00
0.11,2.91,0.97, 2026-07-05T01:30:00+09:00, 2026-07-05T02:00:00+09:00
0.042,1.11,0.97, 2026-07-05T02:00:00+09:00, 2026-07-05T02:30:00+09:00
0.073,1.93,0.97, 2026-07-05T02:30:00+09:00, 2026-07-05T03:00:00+09:00
0.036,0.95,0.97, 2026-07-05T03:00:00+09:00, 2026-07-05T03:30:00+09:00
0.048,1.27,0.97, 2026-07-05T03:30:00+09:00, 2026-07-05T04:00:00+09:00
0.046,1.22,0.97, 2026-07-05T04:00:00+09:00, 2026-07-05T04:30:00+09:00
0.04,1.06,0.97, 2026-07-05T04:30:00+09:00, 2026-07-05T05:00:00+09:00
0.044,1.16,0.97, 2026-07-05T05:00:00+09:00, 2026-07-05T05:30:00+09:00
0.212,5.6,0.97, 2026-07-05T05:30:00+09:00, 2026-07-05T06:00:00+09:00
0.063,1.66,0.97, 2026-07-05T06:00:00+09:00, 2026-07-05T06:30:00+09:00
0.054,1.43,0.97, 2026-07-05T06:30:00+09:00, 2026-07-05T07:00:00+09:00
0.038,1,0.97, 2026-07-05T07:00:00+09:00, 2026-07-05T07:30:00+09:00
0.049,1.29,0.97, 2026-07-05T07:30:00+09:00, 2026-07-05T08:00:00+09:00
0.039,1.03,0.97, 2026-07-05T08:00:00+09:00, 2026-07-05T08:30:00+09:00
0.053,1.4,0.97, 2026-07-05T08:30:00+09:00, 2026-07-05T09:00:00+09:00
0.034,0.9,0.97, 2026-07-05T09:00:00+09:00, 2026-07-05T09:30:00+09:00
0.061,1.61,0.97, 2026-07-05T09:30:00+09:00, 2026-07-05T10:00:00+09:00
0.028,0.74,0.97, 2026-07-05T10:00:00+09:00, 2026-07-05T10:30:00+09:00
0.042,1.11,0.97, 2026-07-05T10:30:00+09:00, 2026-07-05T11:00:00+09:00
0.025,0.66,0.97, 2026-07-05T11:00:00+09:00, 2026-07-05T11:30:00+09:00
0.041,1.08,0.97, 2026-07-05T11:30:00+09:00, 2026-07-05T12:00:00+09:00
0.025,0.66,0.97, 2026-07-05T12:00:00+09:00, 2026-07-05T12:30:00+09:00
0.045,1.19,0.97, 2026-07-05T12:30:00+09:00, 2026-07-05T13:00:00+09:00
0.021,0.55,0.97, 2026-07-05T13:00:00+09:00, 2026-07-05T13:30:00+09:00
0.044,1.16,0.97, 2026-07-05T13:30:00+09:00, 2026-07-05T14:00:00+09:00
0.023,0.61,0.97, 2026-07-05T14:00:00+09:00, 2026-07-05T14:30:00+09:00
0.042,1.11,0.97, 2026-07-05T14:30:00+09:00, 2026-07-05T15:00:00+09:00
0.023,0.61,0.97, 2026-07-05T15:00:00+09:00, 2026-07-05T15:30:00+09:00
0.043,1.14,0.97, 2026-07-05T15:30:00+09:00, 2026-07-05T16:00:00+09:00
0.031,0.82,0.97, 2026-07-05T16:00:00+09:00, 2026-07-05T16:30:00+09:00
0.05,1.32,0.97, 2026-07-05T16:30:00+09:00, 2026-07-05T17:00:00+09:00
0.032,0.85,0.97, 2026-07-05T17:00:00+09:00, 2026-07-05T17:30:00+09:00
0.055,1.45,0.97, 2026-07-05T17:30:00+09:00, 2026-07-05T18:00:00+09:00
0.036,0.95,0.97, 2026-07-05T18:00:00+09:00, 2026-07-05T18:30:00+09:00
0.055,1.45,0.97, 2026-07-05T18:30:00+09:00, 2026-07-05T19:00:00+09:00
0.035,0.92,0.97, 2026-07-05T19:00:00+09:00, 2026-07-05T19:30:00+09:00
0.074,1.95,0.97, 2026-07-05T19:30:00+09:00, 2026-07-05T20:00:00+09:00
0.03,0.79,0.97, 2026-07-05T20:00:00+09:00, 2026-07-05T20:30:00+09:00
0.057,1.51,0.97, 2026-07-05T20:30:00+09:00, 2026-07-05T21:00:00+09:00
0.027,0.71,0.97, 2026-07-05T21:00:00+09:00, 2026-07-05T21:30:00+09:00
0.058,1.53,0.97, 2026-07-05T21:30:00+09:00, 2026-07-05T22:00:00+09:00
0.031,0.82,0.97, 2026-07-05T22:00:00+09:00, 2026-07-05T22:30:00+09:00
0.054,1.43,0.97, 2026-07-05T22:30:00+09:00, 2026-07-05T23:00:00+09:00
0.132,3.49,0.97, 2026-07-05T23:00:00+09:00, 2026-07-05T23:30:00+09:00
0.363,9.59,0.97, 2026-07-05T23:30:00+09:00, 2026-07-06T00:00:00+09:00
0.045,1.19,0.97, 2026-07-06T00:00:00+09:00, 2026-07-06T00:30:00+09:00
0.069,1.82,0.97, 2026-07-06T00:30:00+09:00, 2026-07-06T01:00:00+09:00
0.036,0.95,0.97, 2026-07-06T01:00:00+09:00, 2026-07-06T01:30:00+09:00
0.066,1.74,0.97, 2026-07-06T01:30:00+09:00, 2026-07-06T02:00:00+09:00
0.046,1.22,0.97, 2026-07-06T02:00:00+09:00, 2026-07-06T02:30:00+09:00
0.073,1.93,0.97, 2026-07-06T02:30:00+09:00, 2026-07-06T03:00:00+09:00
1.353,35.74,0.97, 2026-07-06T03:00:00+09:00, 2026-07-06T03:30:00+09:00
0.198,5.23,0.97, 2026-07-06T03:30:00+09:00, 2026-07-06T04:00:00+09:00
0.03,0.79,0.97, 2026-07-06T04:00:00+09:00, 2026-07-06T04:30:00+09:00
0.176,4.65,0.97, 2026-07-06T04:30:00+09:00, 2026-07-06T05:00:00+09:00
1.402,37.04,0.97, 2026-07-06T05:00:00+09:00, 2026-07-06T05:30:00+09:00
0.098,2.59,0.97, 2026-07-06T05:30:00+09:00, 2026-07-06T06:00:00+09:00
0.037,0.98,0.97, 2026-07-06T06:00:00+09:00, 2026-07-06T06:30:00+09:00
0.049,1.29,0.97, 2026-07-06T06:30:00+09:00, 2026-07-06T07:00:00+09:00
0.045,1.19,0.97, 2026-07-06T07:00:00+09:00, 2026-07-06T07:30:00+09:00
0.072,1.9,0.97, 2026-07-06T07:30:00+09:00, 2026-07-06T08:00:00+09:00
0.049,1.29,0.97, 2026-07-06T08:00:00+09:00, 2026-07-06T08:30:00+09:00
0.058,1.53,0.97, 2026-07-06T08:30:00+09:00, 2026-07-06T09:00:00+09:00
0.023,0.61,0.97, 2026-07-06T09:00:00+09:00, 2026-07-06T09:30:00+09:00
0.05,1.32,0.97, 2026-07-06T09:30:00+09:00, 2026-07-06T10:00:00+09:00
0.02,0.53,0.97, 2026-07-06T10:00:00+09:00, 2026-07-06T10:30:00+09:00
0.05,1.32,0.97, 2026-07-06T10:30:00+09:00, 2026-07-06T11:00:00+09:00
0.02,0.53,0.97, 2026-07-06T11:00:00+09:00, 2026-07-06T11:30:00+09:00
0.049,1.29,0.97, 2026-07-06T11:30:00+09:00, 2026-07-06T12:00:00+09:00
0.021,0.55,0.97, 2026-07-06T12:00:00+09:00, 2026-07-06T12:30:00+09:00
0.048,1.27,0.97, 2026-07-06T12:30:00+09:00, 2026-07-06T13:00:00+09:00
0.022,0.58,0.97, 2026-07-06T13:00:00+09:00, 2026-07-06T13:30:00+09:00
0.046,1.22,0.97, 2026-07-06T13:30:00+09:00, 2026-07-06T14:00:00+09:00
0.023,0.61,0.97, 2026-07-06T14:00:00+09:00, 2026-07-06T14:30:00+09:00
0.045,1.19,0.97, 2026-07-06T14:30:00+09:00, 2026-07-06T15:00:00+09:00
0.024,0.63,0.97, 2026-07-06T15:00:00+09:00, 2026-07-06T15:30:00+09:00
0.045,1.19,0.97, 2026-07-06T15:30:00+09:00, 2026-07-06T16:00:00+09:00
0.032,0.85,0.97, 2026-07-06T16:00:00+09:00, 2026-07-06T16:30:00+09:00
0.051,1.35,0.97, 2026-07-06T16:30:00+09:00, 2026-07-06T17:00:00+09:00
0.04,1.06,0.97, 2026-07-06T17:00:00+09:00, 2026-07-06T17:30:00+09:00
0.061,1.61,0.97, 2026-07-06T17:30:00+09:00, 2026-07-06T18:00:00+09:00
0.044,1.16,0.97, 2026-07-06T18:00:00+09:00, 2026-07-06T18:30:00+09:00
0.049,1.29,0.97, 2026-07-06T18:30:00+09:00, 2026-07-06T19:00:00+09:00
0.041,1.08,0.97, 2026-07-06T19:00:00+09:00, 2026-07-06T19:30:00+09:00
0.055,1.45,0.97, 2026-07-06T19:30:00+09:00, 2026-07-06T20:00:00+09:00
0.056,1.48,0.97, 2026-07-06T20:00:00+09:00, 2026-07-06T20:30:00+09:00
0.051,1.35,0.97, 2026-07-06T20:30:00+09:00, 2026-07-06T21:00:00+09:00
0.038,1,0.97, 2026-07-06T21:00:00+09:00, 2026-07-06T21:30:00+09:00
0.045,1.19,0.97, 2026-07-06T21:30:00+09:00, 2026-07-06T22:00:00+09:00
0.053,1.4,0.97, 2026-07-06T22:00:00+09:00, 2026-07-06T22:30:00+09:00
0.04,1.06,0.97, 2026-07-06T22:30:00+09:00, 2026-07-06T23:00:00+09:00
0.046,1.22,0.97, 2026-07-06T23:00:00+09:00, 2026-07-06T23:30:00+09:00
0.038,1,0.97, 2026-07-06T23:30:00+09:00, 2026-07-07T00:00:00+09:00
0.045,1.19,0.97, 2026-07-07T00:00:00+09:00, 2026-07-07T00:30:00+09:00
0.039,1.03,0.97, 2026-07-07T00:30:00+09:00, 2026-07-07T01:00:00+09:00
0.251,6.63,0.97, 2026-07-07T01:00:00+09:00, 2026-07-07T01:30:00+09:00
0.241,6.37,0.97, 2026-07-07T01:30:00+09:00, 2026-07-07T02:00:00+09:00
0.051,1.35,0.97, 2026-07-07T02:00:00+09:00, 2026-07-07T02:30:00+09:00
0.05,1.32,0.97, 2026-07-07T02:30:00+09:00, 2026-07-07T03:00:00+09:00
0.036,0.95,0.97, 2026-07-07T03:00:00+09:00, 2026-07-07T03:30:00+09:00
0.093,2.46,0.97, 2026-07-07T03:30:00+09:00, 2026-07-07T04:00:00+09:00
0.038,1,0.97, 2026-07-07T04:00:00+09:00, 2026-07-07T04:30:00+09:00
0.048,1.27,0.97, 2026-07-07T04:30:00+09:00, 2026-07-07T05:00:00+09:00
0.036,0.95,0.97, 2026-07-07T05:00:00+09:00, 2026-07-07T05:30:00+09:00
0.095,2.51,0.97, 2026-07-07T05:30:00+09:00, 2026-07-07T06:00:00+09:00
0.832,21.98,0.97, 2026-07-07T06:00:00+09:00, 2026-07-07T06:30:00+09:00
0.773,20.42,0.97, 2026-07-07T06:30:00+09:00, 2026-07-07T07:00:00+09:00
0.047,1.24,0.97, 2026-07-07T07:00:00+09:00, 2026-07-07T07:30:00+09:00
0.065,1.72,0.97, 2026-07-07T07:30:00+09:00, 2026-07-07T08:00:00+09:00
0.045,1.19,0.97, 2026-07-07T08:00:00+09:00, 2026-07-07T08:30:00+09:00
0.057,1.51,0.97, 2026-07-07T08:30:00+09:00, 2026-07-07T09:00:00+09:00
0.028,0.74,0.97, 2026-07-07T09:00:00+09:00, 2026-07-07T09:30:00+09:00
0.044,1.16,0.97, 2026-07-07T09:30:00+09:00, 2026-07-07T10:00:00+09:00
0.026,0.69,0.97, 2026-07-07T10:00:00+09:00, 2026-07-07T10:30:00+09:00
0.044,1.16,0.97, 2026-07-07T10:30:00+09:00, 2026-07-07T11:00:00+09:00
0.024,0.63,0.97, 2026-07-07T11:00:00+09:00, 2026-07-07T11:30:00+09:00
0.045,1.19,0.97, 2026-07-07T11:30:00+09:00, 2026-07-07T12:00:00+09:00
0.024,0.63,0.97, 2026-07-07T12:00:00+09:00, 2026-07-07T12:30:00+09:00
0.045,1.19,0.97, 2026-07-07T12:30:00+09:00, 2026-07-07T13:00:00+09:00
0.022,0.58,0.97, 2026-07-07T13:00:00+09:00, 2026-07-07T13:30:00+09:00
0.046,1.22,0.97, 2026-07-07T13:30:00+09:00, 2026-07-07T14:00:00+09:00
0.022,0.58,0.97, 2026-07-07T14:00:00+09:00, 2026-07-07T14:30:00+09:00
0.046,1.22,0.97, 2026-07-07T14:30:00+09:00, 2026-07-07T15:00:00+09:00
0.022,0.58,0.97, 2026-07-07T15:00:00+09:00, 2026-07-07T15:30:00+09:00
0.046,1.22,0.97, 2026-07-07T15:30:00+09:00, 2026-07-07T16:00:00+09:00
0.031,0.82,0.97, 2026-07-07T16:00:00+09:00, 2026-07-07T16:30:00+09:00
0.053,1.4,0.97, 2026-07-07T16:30:00+09:00, 2026-07-07T17:00:00+09:00
0.117,3.09,0.97, 2026-07-07T17:00:00+09:00, 2026-07-07T17:30:00+09:00
0.08,2.11,0.97, 2026-07-07T17:30:00+09:00, 2026-07-07T18:00:00+09:00
0.03,0.79,0.97, 2026-07-07T18:00:00+09:00, 2026-07-07T18:30:00+09:00
0.283,7.48,0.97, 2026-07-07T18:30:00+09:00, 2026-07-07T19:00:00+09:00
0.064,1.69,0.97, 2026-07-07T19:00:00+09:00, 2026-07-07T19:30:00+09:00
0.062,1.64,0.97, 2026-07-07T19:30:00+09:00, 2026-07-07T20:00:00+09:00
0.03,0.79,0.97, 2026-07-07T20:00:00+09:00, 2026-07-07T20:30:00+09:00
0.059,1.56,0.97, 2026-07-07T20:30:00+09:00, 2026-07-07T21:00:00+09:00
0.058,1.53,0.97, 2026-07-07T21:00:00+09:00, 2026-07-07T21:30:00+09:00
0.033,0.87,0.97, 2026-07-07T21:30:00+09:00, 2026-07-07T22:00:00+09:00
0.056,1.48,0.97, 2026-07-07T22:00:00+09:00, 2026-07-07T22:30:00+09:00
0.052,1.37,0.97, 2026-07-07T22:30:00+09:00, 2026-07-07T23:00:00+09:00
0.036,0.95,0.97, 2026-07-07T23:00:00+09:00, 2026-07-07T23:30:00+09:00
0.058,1.53,0.97, 2026-07-07T23:30:00+09:00, 2026-07-08T00:00:00+09:00
0.029,0.77,0.97, 2026-07-08T00:00:00+09:00, 2026-07-08T00:30:00+09:00
0.059,1.56,0.97, 2026-07-08T00:30:00+09:00, 2026-07-08T01:00:00+09:00
0.034,0.9,0.97, 2026-07-08T01:00:00+09:00, 2026-07-08T01:30:00+09:00
0.053,1.4,0.97, 2026-07-08T01:30:00+09:00, 2026-07-08T02:00:00+09:00
0.038,1,0.97, 2026-07-08T02:00:00+09:00, 2026-07-08T02:30:00+09:00
0.048,1.27,0.97, 2026-07-08T02:30:00+09:00, 2026-07-08T03:00:00+09:00
0.042,1.11,0.97, 2026-07-08T03:00:00+09:00, 2026-07-08T03:30:00+09:00
0.044,1.16,0.97, 2026-07-08T03:30:00+09:00, 2026-07-08T04:00:00+09:00
0.043,1.14,0.97, 2026-07-08T04:00:00+09:00, 2026-07-08T04:30:00+09:00
0.042,1.11,0.97, 2026-07-08T04:30:00+09:00, 2026-07-08T05:00:00+09:00
0.044,1.16,0.97, 2026-07-08T05:00:00+09:00, 2026-07-08T05:30:00+09:00
0.09,2.38,0.97, 2026-07-08T05:30:00+09:00, 2026-07-08T06:00:00+09:00
0.045,1.19,0.97, 2026-07-08T06:00:00+09:00, 2026-07-08T06:30:00+09:00
0.038,1,0.97, 2026-07-08T06:30:00+09:00, 2026-07-08T07:00:00+09:00
0.047,1.24,0.97, 2026-07-08T07:00:00+09:00, 2026-07-08T07:30:00+09:00
0.036,0.95,0.97, 2026-07-08T07:30:00+09:00, 2026-07-08T08:00:00+09:00
1.56,41.21,0.97, 2026-07-08T08:00:00+09:00, 2026-07-08T08:30:00+09:00
0.128,3.38,0.97, 2026-07-08T08:30:00+09:00, 2026-07-08T09:00:00+09:00
0.066,1.74,0.97, 2026-07-08T09:00:00+09:00, 2026-07-08T09:30:00+09:00
0.021,0.55,0.97, 2026-07-08T09:30:00+09:00, 2026-07-08T10:00:00+09:00
0.049,1.29,0.97, 2026-07-08T10:00:00+09:00, 2026-07-08T10:30:00+09:00
0.022,0.58,0.97, 2026-07-08T10:30:00+09:00, 2026-07-08T11:00:00+09:00
0.049,1.29,0.97, 2026-07-08T11:00:00+09:00, 2026-07-08T11:30:00+09:00
0.021,0.55,0.97, 2026-07-08T11:30:00+09:00, 2026-07-08T12:00:00+09:00
0.048,1.27,0.97, 2026-07-08T12:00:00+09:00, 2026-07-08T12:30:00+09:00
0.021,0.55,0.97, 2026-07-08T12:30:00+09:00, 2026-07-08T13:00:00+09:00
0.049,1.29,0.97, 2026-07-08T13:00:00+09:00, 2026-07-08T13:30:00+09:00
0.02,0.53,0.97, 2026-07-08T13:30:00+09:00, 2026-07-08T14:00:00+09:00
0.049,1.29,0.97, 2026-07-08T14:00:00+09:00, 2026-07-08T14:30:00+09:00
0.027,0.71,0.97, 2026-07-08T14:30:00+09:00, 2026-07-08T15:00:00+09:00
0.042,1.11,0.97, 2026-07-08T15:00:00+09:00, 2026-07-08T15:30:00+09:00
0.028,0.74,0.97, 2026-07-08T15:30:00+09:00, 2026-07-08T16:00:00+09:00
0.049,1.29,0.97, 2026-07-08T16:00:00+09:00, 2026-07-08T16:30:00+09:00
0.036,0.95,0.97, 2026-07-08T16:30:00+09:00, 2026-07-08T17:00:00+09:00
0.059,1.56,0.97, 2026-07-08T17:00:00+09:00, 2026-07-08T17:30:00+09:00
0.041,1.08,0.97, 2026-07-08T17:30:00+09:00, 2026-07-08T18:00:00+09:00
0.056,1.48,0.97, 2026-07-08T18:00:00+09:00, 2026-07-08T18:30:00+09:00
0.063,1.66,0.97, 2026-07-08T18:30:00+09:00, 2026-07-08T19:00:00+09:00
0.057,1.51,0.97, 2026-07-08T19:00:00+09:00, 2026-07-08T19:30:00+09:00
0.055,1.45,0.97, 2026-07-08T19:30:00+09:00, 2026-07-08T20:00:00+09:00
0.061,1.61,0.97, 2026-07-08T20:00:00+09:00, 2026-07-08T20:30:00+09:00
0.04,1.06,0.97, 2026-07-08T20:30:00+09:00, 2026-07-08T21:00:00+09:00
0.063,1.66,0.97, 2026-07-08T21:00:00+09:00, 2026-07-08T21:30:00+09:00
0.032,0.85,0.97, 2026-07-08T21:30:00+09:00, 2026-07-08T22:00:00+09:00
0.054,1.43,0.97, 2026-07-08T22:00:00+09:00, 2026-07-08T22:30:00+09:00
0.032,0.85,0.97, 2026-07-08T22:30:00+09:00, 2026-07-08T23:00:00+09:00
0.053,1.4,0.97, 2026-07-08T23:00:00+09:00, 2026-07-08T23:30:00+09:00
0.041,1.08,0.97, 2026-07-08T23:30:00+09:00, 2026-07-09T00:00:00+09:00
0.051,1.35,0.97, 2026-07-09T00:00:00+09:00, 2026-07-09T00:30:00+09:00
0.036,0.95,0.97, 2026-07-09T00:30:00+09:00, 2026-07-09T01:00:00+09:00
0.068,1.8,0.97, 2026-07-09T01:00:00+09:00, 2026-07-09T01:30:00+09:00
0.039,1.03,0.97, 2026-07-09T01:30:00+09:00, 2026-07-09T02:00:00+09:00
0.227,6,0.97, 2026-07-09T02:00:00+09:00, 2026-07-09T02:30:00+09:00
0.047,1.24,0.97, 2026-07-09T02:30:00+09:00, 2026-07-09T03:00:00+09:00
0.051,1.35,0.97, 2026-07-09T03:00:00+09:00, 2026-07-09T03:30:00+09:00
0.044,1.16,0.97, 2026-07-09T03:30:00+09:00, 2026-07-09T04:00:00+09:00
0.058,1.53,0.97, 2026-07-09T04:00:00+09:00, 2026-07-09T04:30:00+09:00
0.056,1.48,0.97, 2026-07-09T04:30:00+09:00, 2026-07-09T05:00:00+09:00
0.046,1.22,0.97, 2026-07-09T05:00:00+09:00, 2026-07-09T05:30:00+09:00
0.092,2.43,0.97, 2026-07-09T05:30:00+09:00, 2026-07-09T06:00:00+09:00
0.677,17.88,0.97, 2026-07-09T06:00:00+09:00, 2026-07-09T06:30:00+09:00
0.917,24.22,0.97, 2026-07-09T06:30:00+09:00, 2026-07-09T07:00:00+09:00
0.062,1.64,0.97, 2026-07-09T07:00:00+09:00, 2026-07-09T07:30:00+09:00
0.054,1.43,0.97, 2026-07-09T07:30:00+09:00, 2026-07-09T08:00:00+09:00
0.053,1.4,0.97, 2026-07-09T08:00:00+09:00, 2026-07-09T08:30:00+09:00
0.05,1.32,0.97, 2026-07-09T08:30:00+09:00, 2026-07-09T09:00:00+09:00
0.049,1.29,0.97, 2026-07-09T09:00:00+09:00, 2026-07-09T09:30:00+09:00
0.04,1.06,0.97, 2026-07-09T09:30:00+09:00, 2026-07-09T10:00:00+09:00
0.036,0.95,0.97, 2026-07-09T10:00:00+09:00, 2026-07-09T10:30:00+09:00
0.037,0.98,0.97, 2026-07-09T10:30:00+09:00, 2026-07-09T11:00:00+09:00
0.034,0.9,0.97, 2026-07-09T11:00:00+09:00, 2026-07-09T11:30:00+09:00
0.04,1.06,0.97, 2026-07-09T11:30:00+09:00, 2026-07-09T12:00:00+09:00
0.032,0.85,0.97, 2026-07-09T12:00:00+09:00, 2026-07-09T12:30:00+09:00
0.038,1,0.97, 2026-07-09T12:30:00+09:00, 2026-07-09T13:00:00+09:00
0.031,0.82,0.97, 2026-07-09T13:00:00+09:00, 2026-07-09T13:30:00+09:00
0.042,1.11,0.97, 2026-07-09T13:30:00+09:00, 2026-07-09T14:00:00+09:00
0.027,0.71,0.97, 2026-07-09T14:00:00+09:00, 2026-07-09T14:30:00+09:00
0.045,1.19,0.97, 2026-07-09T14:30:00+09:00, 2026-07-09T15:00:00+09:00
0.023,0.61,0.97, 2026-07-09T15:00:00+09:00, 2026-07-09T15:30:00+09:00
0.049,1.29,0.97, 2026-07-09T15:30:00+09:00, 2026-07-09T16:00:00+09:00
0.03,0.79,0.97, 2026-07-09T16:00:00+09:00, 2026-07-09T16:30:00+09:00
0.063,1.66,0.97, 2026-07-09T16:30:00+09:00, 2026-07-09T17:00:00+09:00
0.039,1.03,0.97, 2026-07-09T17:00:00+09:00, 2026-07-09T17:30:00+09:00
0.069,1.82,0.97, 2026-07-09T17:30:00+09:00, 2026-07-09T18:00:00+09:00
0.031,0.82,0.97, 2026-07-09T18:00:00+09:00, 2026-07-09T18:30:00+09:00
0.059,1.56,0.97, 2026-07-09T18:30:00+09:00, 2026-07-09T19:00:00+09:00
0.023,0.61,0.97, 2026-07-09T19:00:00+09:00, 2026-07-09T19:30:00+09:00
0.077,2.03,0.97, 2026-07-09T19:30:00+09:00, 2026-07-09T20:00:00+09:00
0.041,1.08,0.97, 2026-07-09T20:00:00+09:00, 2026-07-09T20:30:00+09:00
0.067,1.77,0.97, 2026-07-09T20:30:00+09:00, 2026-07-09T21:00:00+09:00
0.026,0.69,0.97, 2026-07-09T21:00:00+09:00, 2026-07-09T21:30:00+09:00
0.06,1.58,0.97, 2026-07-09T21:30:00+09:00, 2026-07-09T22:00:00+09:00
0.025,0.66,0.97, 2026-07-09T22:00:00+09:00, 2026-07-09T22:30:00+09:00
0.06,1.58,0.97, 2026-07-09T22:30:00+09:00, 2026-07-09T23:00:00+09:00
0.038,1,0.97, 2026-07-09T23:00:00+09:00, 2026-07-09T23:30:00+09:00
0.058,1.53,0.97, 2026-07-09T23:30:00+09:00, 2026-07-10T00:00:00+09:00
0.048,1.27,0.97, 2026-07-10T00:00:00+09:00, 2026-07-10T00:30:00+09:00
0.476,12.57,0.97, 2026-07-10T00:30:00+09:00, 2026-07-10T01:00:00+09:00
0.07,1.85,0.97, 2026-07-10T01:00:00+09:00, 2026-07-10T01:30:00+09:00
0.041,1.08,0.97, 2026-07-10T01:30:00+09:00, 2026-07-10T02:00:00+09:00
0.062,1.64,0.97, 2026-07-10T02:00:00+09:00, 2026-07-10T02:30:00+09:00
0.045,1.19,0.97, 2026-07-10T02:30:00+09:00, 2026-07-10T03:00:00+09:00
0.059,1.56,0.97, 2026-07-10T03:00:00+09:00, 2026-07-10T03:30:00+09:00
0.035,0.92,0.97, 2026-07-10T03:30:00+09:00, 2026-07-10T04:00:00+09:00
0.063,1.66,0.97, 2026-07-10T04:00:00+09:00, 2026-07-10T04:30:00+09:00
0.032,0.85,0.97, 2026-07-10T04:30:00+09:00, 2026-07-10T05:00:00+09:00
0.06,1.58,0.97, 2026-07-10T05:00:00+09:00, 2026-07-10T05:30:00+09:00
0.075,1.98,0.97, 2026-07-10T05:30:00+09:00, 2026-07-10T06:00:00+09:00
0.059,1.56,0.97, 2026-07-10T06:00:00+09:00, 2026-07-10T06:30:00+09:00
0.029,0.77,0.97, 2026-07-10T06:30:00+09:00, 2026-07-10T07:00:00+09:00
0.055,1.45,0.97, 2026-07-10T07:00:00+09:00, 2026-07-10T07:30:00+09:00
0.033,0.87,0.97, 2026-07-10T07:30:00+09:00, 2026-07-10T08:00:00+09:00
0.042,1.11,0.97, 2026-07-10T08:00:00+09:00, 2026-07-10T08:30:00+09:00
0.483,12.76,0.97, 2026-07-10T08:30:00+09:00, 2026-07-10T09:00:00+09:00
1.181,31.2,0.97, 2026-07-10T09:00:00+09:00, 2026-07-10T09:30:00+09:00
0.059,1.56,0.97, 2026-07-10T09:30:00+09:00, 2026-07-10T10:00:00+09:00
0.055,1.45,0.97, 2026-07-10T10:00:00+09:00, 2026-07-10T10:30:00+09:00
0.049,1.29,0.97, 2026-07-10T10:30:00+09:00, 2026-07-10T11:00:00+09:00
0.028,0.74,0.97, 2026-07-10T11:00:00+09:00, 2026-07-10T11:30:00+09:00
0.046,1.22,0.97, 2026-07-10T11:30:00+09:00, 2026-07-10T12:00:00+09:00
0.024,0.63,0.97, 2026-07-10T12:00:00+09:00, 2026-07-10T12:30:00+09:00
0.05,1.32,0.97, 2026-07-10T12:30:00+09:00, 2026-07-10T13:00:00+09:00
0.027,0.71,0.97, 2026-07-10T13:00:00+09:00, 2026-07-10T13:30:00+09:00
0.045,1.19,0.97, 2026-07-10T13:30:00+09:00, 2026-07-10T14:00:00+09:00
0.024,0.63,0.97, 2026-07-10T14:00:00+09:00, 2026-07-10T14:30:00+09:00
0.05,1.32,0.97, 2026-07-10T14:30:00+09:00, 2026-07-10T15:00:00+09:00
0.018,0.48,0.97, 2026-07-10T15:00:00+09:00, 2026-07-10T15:30:00+09:00
0.054,1.43,0.97, 2026-07-10T15:30:00+09:00, 2026-07-10T16:00:00+09:00
0.034,0.9,0.97, 2026-07-10T16:00:00+09:00, 2026-07-10T16:30:00+09:00
0.063,1.66,0.97, 2026-07-10T16:30:00+09:00, 2026-07-10T17:00:00+09:00
0.03,0.79,0.97, 2026-07-10T17:00:00+09:00, 2026-07-10T17:30:00+09:00
0.068,1.8,0.97, 2026-07-10T17:30:00+09:00, 2026-07-10T18:00:00+09:00
0.034,0.9,0.97, 2026-07-10T18:00:00+09:00, 2026-07-10T18:30:00+09:00
0.062,1.64,0.97, 2026-07-10T18:30:00+09:00, 2026-07-10T19:00:00+09:00
0.042,1.11,0.97, 2026-07-10T19:00:00+09:00, 2026-07-10T19:30:00+09:00
0.061,1.61,0.97, 2026-07-10T19:30:00+09:00, 2026-07-10T20:00:00+09:00
0.057,1.51,0.97, 2026-07-10T20:00:00+09:00, 2026-07-10T20:30:00+09:00
0.055,1.45,0.97, 2026-07-10T20:30:00+09:00, 2026-07-10T21:00:00+09:00
0.047,1.24,0.97, 2026-07-10T21:00:00+09:00, 2026-07-10T21:30:00+09:00
0.04,1.06,0.97, 2026-07-10T21:30:00+09:00, 2026-07-10T22:00:00+09:00
0.053,1.4,0.97, 2026-07-10T22:00:00+09:00, 2026-07-10T22:30:00+09:00
1.157,30.56,0.97, 2026-07-10T22:30:00+09:00, 2026-07-10T23:00:00+09:00
0.424,11.2,0.97, 2026-07-10T23:00:00+09:00, 2026-07-10T23:30:00+09:00
0.037,0.98,0.97, 2026-07-10T23:30:00+09:00, 2026-07-11T00:00:00+09:00
0.075,1.98,0.97, 2026-07-11T00:00:00+09:00, 2026-07-11T00:30:00+09:00
0.075,1.98,0.97, 2026-07-11T00:30:00+09:00, 2026-07-11T01:00:00+09:00
0.204,5.39,0.97, 2026-07-11T01:00:00+09:00, 2026-07-11T01:30:00+09:00
0.033,0.87,0.97, 2026-07-11T01:30:00+09:00, 2026-07-11T02:00:00+09:00
0.07,1.85,0.97, 2026-07-11T02:00:00+09:00, 2026-07-11T02:30:00+09:00
0.048,1.27,0.97, 2026-07-11T02:30:00+09:00, 2026-07-11T03:00:00+09:00
0.06,1.58,0.97, 2026-07-11T03:00:00+09:00, 2026-07-11T03:30:00+09:00
0.035,0.92,0.97, 2026-07-11T03:30:00+09:00, 2026-07-11T04:00:00+09:00
0.064,1.69,0.97, 2026-07-11T04:00:00+09:00, 2026-07-11T04:30:00+09:00
0.039,1.03,0.97, 2026-07-11T04:30:00+09:00, 2026-07-11T05:00:00+09:00
0.043,1.14,0.97, 2026-07-11T05:00:00+09:00, 2026-07-11T05:30:00+09:00
0.096,2.54,0.97, 2026-07-11T05:30:00+09:00, 2026-07-11T06:00:00+09:00
0.036,0.95,0.97, 2026-07-11T06:00:00+09:00, 2026-07-11T06:30:00+09:00
0.08,2.11,0.97, 2026-07-11T06:30:00+09:00, 2026-07-11T07:00:00+09:00
0.033,0.87,0.97, 2026-07-11T07:00:00+09:00, 2026-07-11T07:30:00+09:00
0.06,1.58,0.97, 2026-07-11T07:30:00+09:00, 2026-07-11T08:00:00+09:00
0.034,0.9,0.97, 2026-07-11T08:00:00+09:00, 2026-07-11T08:30:00+09:00
0.069,1.82,0.97, 2026-07-11T08:30:00+09:00, 2026-07-11T09:00:00+09:00
0.022,0.58,0.97, 2026-07-11T09:00:00+09:00, 2026-07-11T09:30:00+09:00
0.053,1.4,0.97, 2026-07-11T09:30:00+09:00, 2026-07-11T10:00:00+09:00
0.022,0.58,0.97, 2026-07-11T10:00:00+09:00, 2026-07-11T10:30:00+09:00
0.053,1.4,0.97, 2026-07-11T10:30:00+09:00, 2026-07-11T11:00:00+09:00
0.019,0.5,0.97, 2026-07-11T11:00:00+09:00, 2026-07-11T11:30:00+09:00
0.053,1.4,0.97, 2026-07-11T11:30:00+09:00, 2026-07-11T12:00:00+09:00
0.02,0.53,0.97, 2026-07-11T12:00:00+09:00, 2026-07-11T12:30:00+09:00
0.048,1.27,0.97, 2026-07-11T12:30:00+09:00, 2026-07-11T13:00:00+09:00
0.025,0.66,0.97, 2026-07-11T13:00:00+09:00, 2026-07-11T13:30:00+09:00
0.044,1.16,0.97, 2026-07-11T13:30:00+09:00, 2026-07-11T14:00:00+09:00
0.028,0.74,0.97, 2026-07-11T14:00:00+09:00, 2026-07-11T14:30:00+09:00
0.041,1.08,0.97, 2026-07-11T14:30:00+09:00, 2026-07-11T15:00:00+09:00
0.031,0.82,0.97, 2026-07-11T15:00:00+09:00, 2026-07-11T15:30:00+09:00
0.043,1.14,0.97, 2026-07-11T15:30:00+09:00, 2026-07-11T16:00:00+09:00
0.038,1,0.97, 2026-07-11T16:00:00+09:00, 2026-07-11T16:30:00+09:00
0.048,1.27,0.97, 2026-07-11T16:30:00+09:00, 2026-07-11T17:00:00+09:00
0.045,1.19,0.97, 2026-07-11T17:00:00+09:00, 2026-07-11T17:30:00+09:00
0.041,1.08,0.97, 2026-07-11T17:30:00+09:00, 2026-07-11T18:00:00+09:00
0.065,1.72,0.97, 2026-07-11T18:00:00+09:00, 2026-07-11T18:30:00+09:00
0.063,1.66,0.97, 2026-07-11T18:30:00+09:00, 2026-07-11T19:00:00+09:00
0.036,0.95,0.97, 2026-07-11T19:00:00+09:00, 2026-07-11T19:30:00+09:00
0.055,1.45,0.97, 2026-07-11T19:30:00+09:00, 2026-07-11T20:00:00+09:00
0.059,1.56,0.97, 2026-07-11T20:00:00+09:00, 2026-07-11T20:30:00+09:00
0.037,0.98,0.97, 2026-07-11T20:30:00+09:00, 2026-07-11T21:00:00+09:00
0.052,1.37,0.97, 2026-07-11T21:00:00+09:00, 2026-07-11T21:30:00+09:00
0.057,1.51,0.97, 2026-07-11T21:30:00+09:00, 2026-07-11T22:00:00+09:00
0.034,0.9,0.97, 2026-07-11T22:00:00+09:00, 2026-07-11T22:30:00+09:00
0.063,1.66,0.97, 2026-07-11T22:30:00+09:00, 2026-07-11T23:00:00+09:00
0.057,1.51,0.97, 2026-07-11T23:00:00+09:00, 2026-07-11T23:30:00+09:00
0.043,1.14,0.97, 2026-07-11T23:30:00+09:00, 2026-07-12T00:00:00+09:00
0.078,2.06,0.97, 2026-07-12T00:00:00+09:00, 2026-07-12T00:30:00+09:00
0.04,1.06,0.97, 2026-07-12T00:30:00+09:00, 2026-07-12T01:00:00+09:00
0.349,9.22,0.97, 2026-07-12T01:00:00+09:00, 2026-07-12T01:30:00+09:00
0.139,3.67,0.97, 2026-07-12T01:30:00+09:00, 2026-07-12T02:00:00+09:00
0.05,1.32,0.97, 2026-07-12T02:00:00+09:00, 2026-07-12T02:30:00+09:00
0.058,1.53,0.97, 2026-07-12T02:30:00+09:00, 2026-07-12T03:00:00+09:00
0.028,0.74,0.97, 2026-07-12T03:00:00+09:00, 2026-07-12T03:30:00+09:00
0.059,1.56,0.97, 2026-07-12T03:30:00+09:00, 2026-07-12T04:00:00+09:00
0.038,1,0.97, 2026-07-12T04:00:00+09:00, 2026-07-12T04:30:00+09:00
0.072,1.9,0.97, 2026-07-12T04:30:00+09:00, 2026-07-12T05:00:00+09:00
0.047,1.24,0.97, 2026-07-12T05:00:00+09:00, 2026-07-12T05:30:00+09:00
0.094,2.48,0.97, 2026-07-12T05:30:00+09:00, 2026-07-12T06:00:00+09:00
0.049,1.29,0.97, 2026-07-12T06:00:00+09:00, 2026-07-12T06:30:00+09:00
0.04,1.06,0.97, 2026-07-12T06:30:00+09:00, 2026-07-12T07:00:00+09:00
0.053,1.4,0.97, 2026-07-12T07:00:00+09:00, 2026-07-12T07:30:00+09:00
0.034,0.9,0.97, 2026-07-12T07:30:00+09:00, 2026-07-12T08:00:00+09:00
0.05,1.32,0.97, 2026-07-12T08:00:00+09:00, 2026-07-12T08:30:00+09:00
0.021,0.55,0.97, 2026-07-12T08:30:00+09:00, 2026-07-12T09:00:00+09:00
1.387,36.64,0.97, 2026-07-12T09:00:00+09:00, 2026-07-12T09:30:00+09:00
0.196,5.18,0.97, 2026-07-12T09:30:00+09:00, 2026-07-12T10:00:00+09:00
0.053,1.4,0.97, 2026-07-12T10:00:00+09:00, 2026-07-12T10:30:00+09:00
0.032,0.85,0.97, 2026-07-12T10:30:00+09:00, 2026-07-12T11:00:00+09:00
0.067,1.77,0.97, 2026-07-12T11:00:00+09:00, 2026-07-12T11:30:00+09:00
0.024,0.63,0.97, 2026-07-12T11:30:00+09:00, 2026-07-12T12:00:00+09:00
0.05,1.32,0.97, 2026-07-12T12:00:00+09:00, 2026-07-12T12:30:00+09:00
0.03,0.79,0.97, 2026-07-12T12:30:00+09:00, 2026-07-12T13:00:00+09:00
0.042,1.11,0.97, 2026-07-12T13:00:00+09:00, 2026-07-12T13:30:00+09:00
0.034,0.9,0.97, 2026-07-12T13:30:00+09:00, 2026-07-12T14:00:00+09:00
0.038,1,0.97, 2026-07-12T14:00:00+09:00, 2026-07-12T14:30:00+09:00
0.037,0.98,0.97, 2026-07-12T14:30:00+09:00, 2026-07-12T15:00:00+09:00
0.035,0.92,0.97, 2026-07-12T15:00:00+09:00, 2026-07-12T15:30:00+09:00
0.041,1.08,0.97, 2026-07-12T15:30:00+09:00, 2026-07-12T16:00:00+09:00
0.043,1.14,0.97, 2026-07-12T16:00:00+09:00, 2026-07-12T16:30:00+09:00
0.044,1.16,0.97, 2026-07-12T16:30:00+09:00, 2026-07-12T17:00:00+09:00
0.044,1.16,0.97, 2026-07-12T17:00:00+09:00, 2026-07-12T17:30:00+09:00
0.053,1.4,0.97, 2026-07-12T17:30:00+09:00, 2026-07-12T18:00:00+09:00
0.04,1.06,0.97, 2026-07-12T18:00:00+09:00, 2026-07-12T18:30:00+09:00
0.052,1.37,0.97, 2026-07-12T18:30:00+09:00, 2026-07-12T19:00:00+09:00
0.097,2.56,0.97, 2026-07-12T19:00:00+09:00, 2026-07-12T19:30:00+09:00
0.177,4.68,0.97, 2026-07-12T19:30:00+09:00, 2026-07-12T20:00:00+09:00
0.08,2.11,0.97, 2026-07-12T20:00:00+09:00, 2026-07-12T20:30:00+09:00
0.047,1.24,0.97, 2026-07-12T20:30:00+09:00, 2026-07-12T21:00:00+09:00
0.056,1.48,0.97, 2026-07-12T21:00:00+09:00, 2026-07-12T21:30:00+09:00
0.037,0.98,0.97, 2026-07-12T21:30:00+09:00, 2026-07-12T22:00:00+09:00
0.825,21.79,0.97, 2026-07-12T22:00:00+09:00, 2026-07-12T22:30:00+09:00
0.721,19.05,0.97, 2026-07-12T22:30:00+09:00, 2026-07-12T23:00:00+09:00
0.059,1.56,0.97, 2026-07-12T23:00:00+09:00, 2026-07-12T23:30:00+09:00
0.04,1.06,0.97, 2026-07-12T23:30:00+09:00, 2026-07-13T00:00:00+09:00
0.073,1.93,0.97, 2026-07-13T00:00:00+09:00, 2026-07-13T00:30:00+09:00
0.035,0.92,0.97, 2026-07-13T00:30:00+09:00, 2026-07-13T01:00:00+09:00
0.064,1.69,0.97, 2026-07-13T01:00:00+09:00, 2026-07-13T01:30:00+09:00
0.046,1.22,0.97, 2026-07-13T01:30:00+09:00, 2026-07-13T02:00:00+09:00
0.043,1.14,0.97, 2026-07-13T02:00:00+09:00, 2026-07-13T02:30:00+09:00
0.047,1.24,0.97, 2026-07-13T02:30:00+09:00, 2026-07-13T03:00:00+09:00
0.037,0.98,0.97, 2026-07-13T03:00:00+09:00, 2026-07-13T03:30:00+09:00
0.066,1.74,0.97, 2026-07-13T03:30:00+09:00, 2026-07-13T04:00:00+09:00
0.035,0.92,0.97, 2026-07-13T04:00:00+09:00, 2026-07-13T04:30:00+09:00
0.061,1.61,0.97, 2026-07-13T04:30:00+09:00, 2026-07-13T05:00:00+09:00
0.027,0.71,0.97, 2026-07-13T05:00:00+09:00, 2026-07-13T05:30:00+09:00
0.111,2.93,0.97, 2026-07-13T05:30:00+09:00, 2026-07-13T06:00:00+09:00
0.029,0.77,0.97, 2026-07-13T06:00:00+09:00, 2026-07-13T06:30:00+09:00
0.061,1.61,0.97, 2026-07-13T06:30:00+09:00, 2026-07-13T07:00:00+09:00
0.028,0.74,0.97, 2026-07-13T07:00:00+09:00, 2026-07-13T07:30:00+09:00
0.058,1.53,0.97, 2026-07-13T07:30:00+09:00, 2026-07-13T08:00:00+09:00
0.023,0.61,0.97, 2026-07-13T08:00:00+09:00, 2026-07-13T08:30:00+09:00
0.057,1.51,0.97, 2026-07-13T08:30:00+09:00, 2026-07-13T09:00:00+09:00
0.077,2.03,0.97, 2026-07-13T09:00:00+09:00, 2026-07-13T09:30:00+09:00
0.04,1.06,0.97, 2026-07-13T09:30:00+09:00, 2026-07-13T10:00:00+09:00
0.058,1.53,0.97, 2026-07-13T10:00:00+09:00, 2026-07-13T10:30:00+09:00
0.03,0.79,0.97, 2026-07-13T10:30:00+09:00, 2026-07-13T11:00:00+09:00
0.045,1.19,0.97, 2026-07-13T11:00:00+09:00, 2026-07-13T11:30:00+09:00
0.032,0.85,0.97, 2026-07-13T11:30:00+09:00, 2026-07-13T12:00:00+09:00
0.043,1.14,0.97, 2026-07-13T12:00:00+09:00, 2026-07-13T12:30:00+09:00
0.035,0.92,0.97, 2026-07-13T12:30:00+09:00, 2026-07-13T13:00:00+09:00
0.037,0.98,0.97, 2026-07-13T13:00:00+09:00, 2026-07-13T13:30:00+09:00
0.036,0.95,0.97, 2026-07-13T13:30:00+09:00, 2026-07-13T14:00:00+09:00
0.036,0.95,0.97, 2026-07-13T14:00:00+09:00, 2026-07-13T14:30:00+09:00
0.039,1.03,0.97, 2026-07-13T14:30:00+09:00, 2026-07-13T15:00:00+09:00
0.031,0.82,0.97, 2026-07-13T15:00:00+09:00, 2026-07-13T15:30:00+09:00
0.045,1.19,0.97, 2026-07-13T15:30:00+09:00, 2026-07-13T16:00:00+09:00
0.032,0.85,0.97, 2026-07-13T16:00:00+09:00, 2026-07-13T16:30:00+09:00
0.062,1.64,0.97, 2026-07-13T16:30:00+09:00, 2026-07-13T17:00:00+09:00
0.042,1.11,0.97, 2026-07-13T17:00:00+09:00, 2026-07-13T17:30:00+09:00
0.069,1.82,0.97, 2026-07-13T17:30:00+09:00, 2026-07-13T18:00:00+09:00
0.03,0.79,0.97, 2026-07-13T18:00:00+09:00, 2026-07-13T18:30:00+09:00
0.072,1.9,0.97, 2026-07-13T18:30:00+09:00, 2026-07-13T19:00:00+09:00
0.037,0.98,0.97, 2026-07-13T19:00:00+09:00, 2026-07-13T19:30:00+09:00
0.063,1.66,0.97, 2026-07-13T19:30:00+09:00, 2026-07-13T20:00:00+09:00
0.033,0.87,0.97, 2026-07-13T20:00:00+09:00, 2026-07-13T20:30:00+09:00
0.061,1.61,0.97, 2026-07-13T20:30:00+09:00, 2026-07-13T21:00:00+09:00
0.031,0.82,0.97, 2026-07-13T21:00:00+09:00, 2026-07-13T21:30:00+09:00
0.065,1.72,0.97, 2026-07-13T21:30:00+09:00, 2026-07-13T22:00:00+09:00
0.041,1.08,0.97, 2026-07-13T22:00:00+09:00, 2026-07-13T22:30:00+09:00
0.067,1.77,0.97, 2026-07-13T22:30:00+09:00, 2026-07-13T23:00:00+09:00
0.032,0.85,0.97, 2026-07-13T23:00:00+09:00, 2026-07-13T23:30:00+09:00
0.059,1.56,0.97, 2026-07-13T23:30:00+09:00, 2026-07-14T00:00:00+09:00
0.032,0.85,0.97, 2026-07-14T00:00:00+09:00, 2026-07-14T00:30:00+09:00
0.054,1.43,0.97, 2026-07-14T00:30:00+09:00, 2026-07-14T01:00:00+09:00
0.053,1.4,0.97, 2026-07-14T01:00:00+09:00, 2026-07-14T01:30:00+09:00
0.063,1.66,0.97, 2026-07-14T01:30:00+09:00, 2026-07-14T02:00:00+09:00
0.076,2.01,0.97, 2026-07-14T02:00:00+09:00, 2026-07-14T02:30:00+09:00
0.442,11.68,0.97, 2026-07-14T02:30:00+09:00, 2026-07-14T03:00:00+09:00
0.045,1.19,0.97, 2026-07-14T03:00:00+09:00, 2026-07-14T03:30:00+09:00
0.049,1.29,0.97, 2026-07-14T03:30:00+09:00, 2026-07-14T04:00:00+09:00
0.042,1.11,0.97, 2026-07-14T04:00:00+09:00, 2026-07-14T04:30:00+09:00
0.84,22.19,0.97, 2026-07-14T04:30:00+09:00, 2026-07-14T05:00:00+09:00
0.735,19.42,0.97, 2026-07-14T05:00:00+09:00, 2026-07-14T05:30:00+09:00
0.088,2.32,0.97, 2026-07-14T05:30:00+09:00, 2026-07-14T06:00:00+09:00
0.073,1.93,0.97, 2026-07-14T06:00:00+09:00, 2026-07-14T06:30:00+09:00
0.045,1.19,0.97, 2026-07-14T06:30:00+09:00, 2026-07-14T07:00:00+09:00
0.063,1.66,0.97, 2026-07-14T07:00:00+09:00, 2026-07-14T07:30:00+09:00
0.03,0.79,0.97, 2026-07-14T07:30:00+09:00, 2026-07-14T08:00:00+09:00
0.113,2.99,0.97, 2026-07-14T08:00:00+09:00, 2026-07-14T08:30:00+09:00
0.064,1.69,0.97, 2026-07-14T08:30:00+09:00, 2026-07-14T09:00:00+09:00
0.066,1.74,0.97, 2026-07-14T09:00:00+09:00, 2026-07-14T09:30:00+09:00
0.048,1.27,0.97, 2026-07-14T09:30:00+09:00, 2026-07-14T10:00:00+09:00
0.042,1.11,0.97, 2026-07-14T10:00:00+09:00, 2026-07-14T10:30:00+09:00
0.035,0.92,0.97, 2026-07-14T10:30:00+09:00, 2026-07-14T11:00:00+09:00
0.035,0.92,0.97, 2026-07-14T11:00:00+09:00, 2026-07-14T11:30:00+09:00
0.04,1.06,0.97, 2026-07-14T11:30:00+09:00, 2026-07-14T12:00:00+09:00
0.028,0.74,0.97, 2026-07-14T12:00:00+09:00, 2026-07-14T12:30:00+09:00
0.043,1.14,0.97, 2026-07-14T12:30:00+09:00, 2026-07-14T13:00:00+09:00
0.03,0.79,0.97, 2026-07-14T13:00:00+09:00, 2026-07-14T13:30:00+09:00
0.042,1.11,0.97, 2026-07-14T13:30:00+09:00, 2026-07-14T14:00:00+09:00
0.025,0.66,0.97, 2026-07-14T14:00:00+09:00, 2026-07-14T14:30:00+09:00
0.045,1.19,0.97, 2026-07-14T14:30:00+09:00, 2026-07-14T15:00:00+09:00
0.022,0.58,0.97, 2026-07-14T15:00:00+09:00, 2026-07-14T15:30:00+09:00
0.053,1.4,0.97, 2026-07-14T15:30:00+09:00, 2026-07-14T16:00:00+09:00
0.024,0.63,0.97, 2026-07-14T16:00:00+09:00, 2026-07-14T16:30:00+09:00
0.061,1.61,0.97, 2026-07-14T16:30:00+09:00, 2026-07-14T17:00:00+09:00
0.035,0.92,0.97, 2026-07-14T17:00:00+09:00, 2026-07-14T17:30:00+09:00
0.062,1.64,0.97, 2026-07-14T17:30:00+09:00, 2026-07-14T18:00:00+09:00
0.04,1.06,0.97, 2026-07-14T18:00:00+09:00, 2026-07-14T18:30:00+09:00
0.979,25.86,0.97, 2026-07-14T18:30:00+09:00, 2026-07-14T19:00:00+09:00
1.515,40.02,0.97, 2026-07-14T19:00:00+09:00, 2026-07-14T19:30:00+09:00
0.621,16.4,0.97, 2026-07-14T19:30:00+09:00, 2026-07-14T20:00:00+09:00
0.032,0.85,0.97, 2026-07-14T20:00:00+09:00, 2026-07-14T20:30:00+09:00
0.052,1.37,0.97, 2026-07-14T20:30:00+09:00, 2026-07-14T21:00:00+09:00
0.035,0.92,0.97, 2026-07-14T21:00:00+09:00, 2026-07-14T21:30:00+09:00
0.048,1.27,0.97, 2026-07-14T21:30:00+09:00, 2026-07-14T22:00:00+09:00
0.039,1.03,0.97, 2026-07-14T22:00:00+09:00, 2026-07-14T22:30:00+09:00
0.044,1.16,0.97, 2026-07-14T22:30:00+09:00, 2026-07-14T23:00:00+09:00
0.044,1.16,0.97, 2026-07-14T23:00:00+09:00, 2026-07-14T23:30:00+09:00
0.038,1,0.97, 2026-07-14T23:30:00+09:00, 2026-07-15T00:00:00+09:00
0.049,1.29,0.97, 2026-07-15T00:00:00+09:00, 2026-07-15T00:30:00+09:00
0.032,0.85,0.97, 2026-07-15T00:30:00+09:00, 2026-07-15T01:00:00+09:00
0.053,1.4,0.97, 2026-07-15T01:00:00+09:00, 2026-07-15T01:30:00+09:00
0.026,0.69,0.97, 2026-07-15T01:30:00+09:00, 2026-07-15T02:00:00+09:00
0.059,1.56,0.97, 2026-07-15T02:00:00+09:00, 2026-07-15T02:30:00+09:00
0.023,0.61,0.97, 2026-07-15T02:30:00+09:00, 2026-07-15T03:00:00+09:00
0.057,1.51,0.97, 2026-07-15T03:00:00+09:00, 2026-07-15T03:30:00+09:00
0.029,0.77,0.97, 2026-07-15T03:30:00+09:00, 2026-07-15T04:00:00+09:00
0.051,1.35,0.97, 2026-07-15T04:00:00+09:00, 2026-07-15T04:30:00+09:00
0.036,0.95,0.97, 2026-07-15T04:30:00+09:00, 2026-07-15T05:00:00+09:00
0.046,1.22,0.97, 2026-07-15T05:00:00+09:00, 2026-07-15T05:30:00+09:00
0.092,2.43,0.97, 2026-07-15T05:30:00+09:00, 2026-07-15T06:00:00+09:00
0.041,1.08,0.97, 2026-07-15T06:00:00+09:00, 2026-07-15T06:30:00+09:00
0.047,1.24,0.97, 2026-07-15T06:30:00+09:00, 2026-07-15T07:00:00+09:00
0.059,1.56,0.97, 2026-07-15T07:00:00+09:00, 2026-07-15T07:30:00+09:00
0.069,1.82,0.97, 2026-07-15T07:30:00+09:00, 2026-07-15T08:00:00+09:00
0.159,4.2,0.97, 2026-07-15T08:00:00+09:00, 2026-07-15T08:30:00+09:00
0.054,1.43,0.97, 2026-07-15T08:30:00+09:00, 2026-07-15T09:00:00+09:00
0.048,1.27,0.97, 2026-07-15T09:00:00+09:00, 2026-07-15T09:30:00+09:00
0.053,1.4,0.97, 2026-07-15T09:30:00+09:00, 2026-07-15T10:00:00+09:00
0.046,1.22,0.97, 2026-07-15T10:00:00+09:00, 2026-07-15T10:30:00+09:00
0.048,1.27,0.97, 2026-07-15T10:30:00+09:00, 2026-07-15T11:00:00+09:00
0.038,1,0.97, 2026-07-15T11:00:00+09:00, 2026-07-15T11:30:00+09:00
0.049,1.29,0.97, 2026-07-15T11:30:00+09:00, 2026-07-15T12:00:00+09:00
0.025,0.66,0.97, 2026-07-15T12:00:00+09:00, 2026-07-15T12:30:00+09:00
0.047,1.24,0.97, 2026-07-15T12:30:00+09:00, 2026-07-15T13:00:00+09:00
0.02,0.53,0.97, 2026-07-15T13:00:00+09:00, 2026-07-15T13:30:00+09:00
0.052,1.37,0.97, 2026-07-15T13:30:00+09:00, 2026-07-15T14:00:00+09:00
0.017,0.45,0.97, 2026-07-15T14:00:00+09:00, 2026-07-15T14:30:00+09:00
0.051,1.35,0.97, 2026-07-15T14:30:00+09:00, 2026-07-15T15:00:00+09:00
0.022,0.58,0.97, 2026-07-15T15:00:00+09:00, 2026-07-15T15:30:00+09:00
0.045,1.19,0.97, 2026-07-15T15:30:00+09:00, 2026-07-15T16:00:00+09:00
0.036,0.95,0.97, 2026-07-15T16:00:00+09:00, 2026-07-15T16:30:00+09:00
0.124,3.28,0.97, 2026-07-15T16:30:00+09:00, 2026-07-15T17:00:00+09:00
0.084,2.22,0.97, 2026-07-15T17:00:00+09:00, 2026-07-15T17:30:00+09:00
0.071,1.88,0.97, 2026-07-15T17:30:00+09:00, 2026-07-15T18:00:00+09:00
0.055,1.45,0.97, 2026-07-15T18:00:00+09:00, 2026-07-15T18:30:00+09:00
0.046,1.22,0.97, 2026-07-15T18:30:00+09:00, 2026-07-15T19:00:00+09:00
0.78,20.6,0.97, 2026-07-15T19:00:00+09:00, 2026-07-15T19:30:00+09:00
1.499,39.6,0.97, 2026-07-15T19:30:00+09:00, 2026-07-15T20:00:00+09:00
0.803,21.21,0.97, 2026-07-15T20:00:00+09:00, 2026-07-15T20:30:00+09:00
0.029,0.77,0.97, 2026-07-15T20:30:00+09:00, 2026-07-15T21:00:00+09:00
0.059,1.56,0.97, 2026-07-15T21:00:00+09:00, 2026-07-15T21:30:00+09:00
0.025,0.66,0.97, 2026-07-15T21:30:00+09:00, 2026-07-15T22:00:00+09:00
0.059,1.56,0.97, 2026-07-15T22:00:00+09:00, 2026-07-15T22:30:00+09:00
0.028,0.74,0.97, 2026-07-15T22:30:00+09:00, 2026-07-15T23:00:00+09:00
0.053,1.4,0.97, 2026-07-15T23:00:00+09:00, 2026-07-15T23:30:00+09:00
0.033,0.87,0.97, 2026-07-15T23:30:00+09:00, 2026-07-16T00:00:00+09:00
0.046,1.22,0.97, 2026-07-16T00:00:00+09:00, 2026-07-16T00:30:00+09:00
0.038,1,0.97, 2026-07-16T00:30:00+09:00, 2026-07-16T01:00:00+09:00
0.04,1.06,0.97, 2026-07-16T01:00:00+09:00, 2026-07-16T01:30:00+09:00
0.046,1.22,0.97, 2026-07-16T01:30:00+09:00, 2026-07-16T02:00:00+09:00
0.031,0.82,0.97, 2026-07-16T02:00:00+09:00, 2026-07-16T02:30:00+09:00
0.054,1.43,0.97, 2026-07-16T02:30:00+09:00, 2026-07-16T03:00:00+09:00
0.024,0.63,0.97, 2026-07-16T03:00:00+09:00, 2026-07-16T03:30:00+09:00
0.06,1.58,0.97, 2026-07-16T03:30:00+09:00, 2026-07-16T04:00:00+09:00
0.024,0.63,0.97, 2026-07-16T04:00:00+09:00, 2026-07-16T04:30:00+09:00
0.055,1.45,0.97, 2026-07-16T04:30:00+09:00, 2026-07-16T05:00:00+09:00
0.031,0.82,0.97, 2026-07-16T05:00:00+09:00, 2026-07-16T05:30:00+09:00
0.1,2.64,0.97, 2026-07-16T05:30:00+09:00, 2026-07-16T06:00:00+09:00
0.038,1,0.97, 2026-07-16T06:00:00+09:00, 2026-07-16T06:30:00+09:00
0.044,1.16,0.97, 2026-07-16T06:30:00+09:00, 2026-07-16T07:00:00+09:00
0.044,1.16,0.97, 2026-07-16T07:00:00+09:00, 2026-07-16T07:30:00+09:00
0.038,1,0.97, 2026-07-16T07:30:00+09:00, 2026-07-16T08:00:00+09:00
1.285,33.95,0.97, 2026-07-16T08:00:00+09:00, 2026-07-16T08:30:00+09:00
0.304,8.03,0.97, 2026-07-16T08:30:00+09:00, 2026-07-16T09:00:00+09:00
0.069,1.82,0.97, 2026-07-16T09:00:00+09:00, 2026-07-16T09:30:00+09:00
0.027,0.71,0.97, 2026-07-16T09:30:00+09:00, 2026-07-16T10:00:00+09:00
0.046,1.22,0.97, 2026-07-16T10:00:00+09:00, 2026-07-16T10:30:00+09:00
0.029,0.77,0.97, 2026-07-16T10:30:00+09:00, 2026-07-16T11:00:00+09:00
0.043,1.14,0.97, 2026-07-16T11:00:00+09:00, 2026-07-16T11:30:00+09:00
0.03,0.79,0.97, 2026-07-16T11:30:00+09:00, 2026-07-16T12:00:00+09:00
0.041,1.08,0.97, 2026-07-16T12:00:00+09:00, 2026-07-16T12:30:00+09:00
0.034,0.9,0.97, 2026-07-16T12:30:00+09:00, 2026-07-16T13:00:00+09:00
0.035,0.92,0.97, 2026-07-16T13:00:00+09:00, 2026-07-16T13:30:00+09:00
0.039,1.03,0.97, 2026-07-16T13:30:00+09:00, 2026-07-16T14:00:00+09:00
0.029,0.77,0.97, 2026-07-16T14:00:00+09:00, 2026-07-16T14:30:00+09:00
0.043,1.14,0.97, 2026-07-16T14:30:00+09:00, 2026-07-16T15:00:00+09:00
0.024,0.63,0.97, 2026-07-16T15:00:00+09:00, 2026-07-16T15:30:00+09:00
0.051,1.35,0.97, 2026-07-16T15:30:00+09:00, 2026-07-16T16:00:00+09:00
0.033,0.87,0.97, 2026-07-16T16:00:00+09:00, 2026-07-16T16:30:00+09:00
0.066,1.74,0.97, 2026-07-16T16:30:00+09:00, 2026-07-16T17:00:00+09:00
0.028,0.74,0.97, 2026-07-16T17:00:00+09:00, 2026-07-16T17:30:00+09:00
0.065,1.72,0.97, 2026-07-16T17:30:00+09:00, 2026-07-16T18:00:00+09:00
0.039,1.03,0.97, 2026-07-16T18:00:00+09:00, 2026-07-16T18:30:00+09:00
0.058,1.53,0.97, 2026-07-16T18:30:00+09:00, 2026-07-16T19:00:00+09:00
0.032,0.85,0.97, 2026-07-16T19:00:00+09:00, 2026-07-16T19:30:00+09:00
0.052,1.37,0.97, 2026-07-16T19:30:00+09:00, 2026-07-16T20:00:00+09:00
0.032,0.85,0.97, 2026-07-16T20:00:00+09:00, 2026-07-16T20:30:00+09:00
0.047,1.24,0.97, 2026-07-16T20:30:00+09:00, 2026-07-16T21:00:00+09:00
0.037,0.98,0.97, 2026-07-16T21:00:00+09:00, 2026-07-16T21:30:00+09:00
0.043,1.14,0.97, 2026-07-16T21:30:00+09:00, 2026-07-16T22:00:00+09:00
0.041,1.08,0.97, 2026-07-16T22:00:00+09:00, 2026-07-16T22:30:00+09:00
0.038,1,0.97, 2026-07-16T22:30:00+09:00, 2026-07-16T23:00:00+09:00
0.046,1.22,0.97, 2026-07-16T23:00:00+09:00, 2026-07-16T23:30:00+09:00
0.034,0.9,0.97, 2026-07-16T23:30:00+09:00, 2026-07-17T00:00:00+09:00
0.052,1.37,0.97, 2026-07-17T00:00:00+09:00, 2026-07-17T00:30:00+09:00
0.027,0.71,0.97, 2026-07-17T00:30:00+09:00, 2026-07-17T01:00:00+09:00
0.057,1.51,0.97, 2026-07-17T01:00:00+09:00, 2026-07-17T01:30:00+09:00
0.024,0.63,0.97, 2026-07-17T01:30:00+09:00, 2026-07-17T02:00:00+09:00
0.058,1.53,0.97, 2026-07-17T02:00:00+09:00, 2026-07-17T02:30:00+09:00
0.027,0.71,0.97, 2026-07-17T02:30:00+09:00, 2026-07-17T03:00:00+09:00
0.052,1.37,0.97, 2026-07-17T03:00:00+09:00, 2026-07-17T03:30:00+09:00
0.032,0.85,0.97, 2026-07-17T03:30:00+09:00, 2026-07-17T04:00:00+09:00
0.047,1.24,0.97, 2026-07-17T04:00:00+09:00, 2026-07-17T04:30:00+09:00
0.04,1.06,0.97, 2026-07-17T04:30:00+09:00, 2026-07-17T05:00:00+09:00
0.042,1.11,0.97, 2026-07-17T05:00:00+09:00, 2026-07-17T05:30:00+09:00
0.095,2.51,0.97, 2026-07-17T05:30:00+09:00, 2026-07-17T06:00:00+09:00
0.035,0.92,0.97, 2026-07-17T06:00:00+09:00, 2026-07-17T06:30:00+09:00
0.061,1.61,0.97, 2026-07-17T06:30:00+09:00, 2026-07-17T07:00:00+09:00
0.025,0.66,0.97, 2026-07-17T07:00:00+09:00, 2026-07-17T07:30:00+09:00
0.07,1.85,0.97, 2026-07-17T07:30:00+09:00, 2026-07-17T08:00:00+09:00
0.141,3.72,0.97, 2026-07-17T08:00:00+09:00, 2026-07-17T08:30:00+09:00
0.072,1.9,0.97, 2026-07-17T08:30:00+09:00, 2026-07-17T09:00:00+09:00
0.044,1.16,0.97, 2026-07-17T09:00:00+09:00, 2026-07-17T09:30:00+09:00
0.056,1.48,0.97, 2026-07-17T09:30:00+09:00, 2026-07-17T10:00:00+09:00
0.03,0.79,0.97, 2026-07-17T10:00:00+09:00, 2026-07-17T10:30:00+09:00
0.038,1,0.97, 2026-07-17T10:30:00+09:00, 2026-07-17T11:00:00+09:00
0.037,0.98,0.97, 2026-07-17T11:00:00+09:00, 2026-07-17T11:30:00+09:00
0.031,0.82,0.97, 2026-07-17T11:30:00+09:00, 2026-07-17T12:00:00+09:00
0.043,1.14,0.97, 2026-07-17T12:00:00+09:00, 2026-07-17T12:30:00+09:00
0.032,0.85,0.97, 2026-07-17T12:30:00+09:00, 2026-07-17T13:00:00+09:00
0.04,1.06,0.97, 2026-07-17T13:00:00+09:00, 2026-07-17T13:30:00+09:00
0.025,0.66,0.97, 2026-07-17T13:30:00+09:00, 2026-07-17T14:00:00+09:00
0.048,1.27,0.97, 2026-07-17T14:00:00+09:00, 2026-07-17T14:30:00+09:00
0.017,0.45,0.97, 2026-07-17T14:30:00+09:00, 2026-07-17T15:00:00+09:00
0.054,1.43,0.97, 2026-07-17T15:00:00+09:00, 2026-07-17T15:30:00+09:00
0.018,0.48,0.97, 2026-07-17T15:30:00+09:00, 2026-07-17T16:00:00+09:00
0.057,1.51,0.97, 2026-07-17T16:00:00+09:00, 2026-07-17T16:30:00+09:00
0.062,1.64,0.97, 2026-07-17T16:30:00+09:00, 2026-07-17T17:00:00+09:00
0.059,1.56,0.97, 2026-07-17T17:00:00+09:00, 2026-07-17T17:30:00+09:00
0.035,0.92,0.97, 2026-07-17T17:30:00+09:00, 2026-07-17T18:00:00+09:00
0.058,1.53,0.97, 2026-07-17T18:00:00+09:00, 2026-07-17T18:30:00+09:00
0.055,1.45,0.97, 2026-07-17T18:30:00+09:00, 2026-07-17T19:00:00+09:00
0.038,1,0.97, 2026-07-17T19:00:00+09:00, 2026-07-17T19:30:00+09:00
0.072,1.9,0.97, 2026-07-17T19:30:00+09:00, 2026-07-17T20:00:00+09:00
0.215,5.68,0.97, 2026-07-17T20:00:00+09:00, 2026-07-17T20:30:00+09:00
0.076,2.01,0.97, 2026-07-17T20:30:00+09:00, 2026-07-17T21:00:00+09:00
0.042,1.11,0.97, 2026-07-17T21:00:00+09:00, 2026-07-17T21:30:00+09:00
0.046,1.22,0.97, 2026-07-17T21:30:00+09:00, 2026-07-17T22:00:00+09:00
0.059,1.56,0.97, 2026-07-17T22:00:00+09:00, 2026-07-17T22:30:00+09:00
0.024,0.63,0.97, 2026-07-17T22:30:00+09:00, 2026-07-17T23:00:00+09:00
0.061,1.61,0.97, 2026-07-17T23:00:00+09:00, 2026-07-17T23:30:00+09:00
0.046,1.22,0.97, 2026-07-17T23:30:00+09:00, 2026-07-18T00:00:00+09:00
0.053,1.4,0.97, 2026-07-18T00:00:00+09:00, 2026-07-18T00:30:00+09:00
0.067,1.77,0.97, 2026-07-18T00:30:00+09:00, 2026-07-18T01:00:00+09:00
0.027,0.71,0.97, 2026-07-18T01:00:00+09:00, 2026-07-18T01:30:00+09:00
0.06,1.58,0.97, 2026-07-18T01:30:00+09:00, 2026-07-18T02:00:00+09:00
0.048,1.27,0.97, 2026-07-18T02:00:00+09:00, 2026-07-18T02:30:00+09:00
0.062,1.64,0.97, 2026-07-18T02:30:00+09:00, 2026-07-18T03:00:00+09:00
0.332,8.77,0.97, 2026-07-18T03:00:00+09:00, 2026-07-18T03:30:00+09:00
0.216,5.71,0.97, 2026-07-18T03:30:00+09:00, 2026-07-18T04:00:00+09:00
0.062,1.64,0.97, 2026-07-18T04:00:00+09:00, 2026-07-18T04:30:00+09:00
0.039,1.03,0.97, 2026-07-18T04:30:00+09:00, 2026-07-18T05:00:00+09:00
0.53,14,0.97, 2026-07-18T05:00:00+09:00, 2026-07-18T05:30:00+09:00
1.141,30.14,0.97, 2026-07-18T05:30:00+09:00, 2026-07-18T06:00:00+09:00
0.076,2.01,0.97, 2026-07-18T06:00:00+09:00, 2026-07-18T06:30:00+09:00
0.06,1.58,0.97, 2026-07-18T06:30:00+09:00, 2026-07-18T07:00:00+09:00
0.032,0.85,0.97, 2026-07-18T07:00:00+09:00, 2026-07-18T07:30:00+09:00
0.061,1.61,0.97, 2026-07-18T07:30:00+09:00, 2026-07-18T08:00:00+09:00
0.018,0.48,0.97, 2026-07-18T08:00:00+09:00, 2026-07-18T08:30:00+09:00
0.05,1.32,0.97, 2026-07-18T08:30:00+09:00, 2026-07-18T09:00:00+09:00
0.029,0.77,0.97, 2026-07-18T09:00:00+09:00, 2026-07-18T09:30:00+09:00
0.061,1.61,0.97, 2026-07-18T09:30:00+09:00, 2026-07-18T10:00:00+09:00
0.045,1.19,0.97, 2026-07-18T10:00:00+09:00, 2026-07-18T10:30:00+09:00
0.031,0.82,0.97, 2026-07-18T10:30:00+09:00, 2026-07-18T11:00:00+09:00
0.049,1.29,0.97, 2026-07-18T11:00:00+09:00, 2026-07-18T11:30:00+09:00
0.019,0.5,0.97, 2026-07-18T11:30:00+09:00, 2026-07-18T12:00:00+09:00
0.054,1.43,0.97, 2026-07-18T12:00:00+09:00, 2026-07-18T12:30:00+09:00
0.021,0.55,0.97, 2026-07-18T12:30:00+09:00, 2026-07-18T13:00:00+09:00
0.05,1.32,0.97, 2026-07-18T13:00:00+09:00, 2026-07-18T13:30:00+09:00
0.027,0.71,0.97, 2026-07-18T13:30:00+09:00, 2026-07-18T14:00:00+09:00
0.04,1.06,0.97, 2026-07-18T14:00:00+09:00, 2026-07-18T14:30:00+09:00
0.037,0.98,0.97, 2026-07-18T14:30:00+09:00, 2026-07-18T15:00:00+09:00
0.029,0.77,0.97, 2026-07-18T15:00:00+09:00, 2026-07-18T15:30:00+09:00
0.049,1.29,0.97, 2026-07-18T15:30:00+09:00, 2026-07-18T16:00:00+09:00
0.038,1,0.97, 2026-07-18T16:00:00+09:00, 2026-07-18T16:30:00+09:00
0.06,1.58,0.97, 2026-07-18T16:30:00+09:00, 2026-07-18T17:00:00+09:00
0.028,0.74,0.97, 2026-07-18T17:00:00+09:00, 2026-07-18T17:30:00+09:00
0.054,1.43,0.97, 2026-07-18T17:30:00+09:00, 2026-07-18T18:00:00+09:00
0.037,0.98,0.97, 2026-07-18T18:00:00+09:00, 2026-07-18T18:30:00+09:00
0.044,1.16,0.97, 2026-07-18T18:30:00+09:00, 2026-07-18T19:00:00+09:00
0.058,1.53,0.97, 2026-07-18T19:00:00+09:00, 2026-07-18T19:30:00+09:00
0.039,1.03,0.97, 2026-07-18T19:30:00+09:00, 2026-07-18T20:00:00+09:00
0.06,1.58,0.97, 2026-07-18T20:00:00+09:00, 2026-07-18T20:30:00+09:00
0.026,0.69,0.97, 2026-07-18T20:30:00+09:00, 2026-07-18T21:00:00+09:00
0.061,1.61,0.97, 2026-07-18T21:00:00+09:00, 2026-07-18T21:30:00+09:00
0.04,1.06,0.97, 2026-07-18T21:30:00+09:00, 2026-07-18T22:00:00+09:00
0.761,20.1,0.97, 2026-07-18T22:00:00+09:00, 2026-07-18T22:30:00+09:00
1.523,40.23,0.97, 2026-07-18T22:30:00+09:00, 2026-07-18T23:00:00+09:00
0.822,21.71,0.97, 2026-07-18T23:00:00+09:00, 2026-07-18T23:30:00+09:00
0.048,1.27,0.97, 2026-07-18T23:30:00+09:00, 2026-07-19T00:00:00+09:00
0.03,0.79,0.97, 2026-07-19T00:00:00+09:00, 2026-07-19T00:30:00+09:00
0.06,1.58,0.97, 2026-07-19T00:30:00+09:00, 2026-07-19T01:00:00+09:00
0.024,0.63,0.97, 2026-07-19T01:00:00+09:00, 2026-07-19T01:30:00+09:00
0.055,1.45,0.97, 2026-07-19T01:30:00+09:00, 2026-07-19T02:00:00+09:00
0.036,0.95,0.97, 2026-07-19T02:00:00+09:00, 2026-07-19T02:30:00+09:00
0.042,1.11,0.97, 2026-07-19T02:30:00+09:00, 2026-07-19T03:00:00+09:00
0.048,1.27,0.97, 2026-07-19T03:00:00+09:00, 2026-07-19T03:30:00+09:00
0.029,0.77,0.97, 2026-07-19T03:30:00+09:00, 2026-07-19T04:00:00+09:00
0.06,1.58,0.97, 2026-07-19T04:00:00+09:00, 2026-07-19T04:30:00+09:00
0.025,0.66,0.97, 2026-07-19T04:30:00+09:00, 2026-07-19T05:00:00+09:00
0.054,1.43,0.97, 2026-07-19T05:00:00+09:00, 2026-07-19T05:30:00+09:00
0.087,2.3,0.97, 2026-07-19T05:30:00+09:00, 2026-07-19T06:00:00+09:00
0.04,1.06,0.97, 2026-07-19T06:00:00+09:00, 2026-07-19T06:30:00+09:00
0.051,1.35,0.97, 2026-07-19T06:30:00+09:00, 2026-07-19T07:00:00+09:00
0.025,0.66,0.97, 2026-07-19T07:00:00+09:00, 2026-07-19T07:30:00+09:00
0.06,1.58,0.97, 2026-07-19T07:30:00+09:00, 2026-07-19T08:00:00+09:00
0.636,16.8,0.97, 2026-07-19T08:00:00+09:00, 2026-07-19T08:30:00+09:00
0.879,23.22,0.97, 2026-07-19T08:30:00+09:00, 2026-07-19T09:00:00+09:00
0.051,1.35,0.97, 2026-07-19T09:00:00+09:00, 2026-07-19T09:30:00+09:00
0.051,1.35,0.97, 2026-07-19T09:30:00+09:00, 2026-07-19T10:00:00+09:00
0.066,1.74,0.97, 2026-07-19T10:00:00+09:00, 2026-07-19T10:30:00+09:00
0.026,0.69,0.97, 2026-07-19T10:30:00+09:00, 2026-07-19T11:00:00+09:00
0.055,1.45,0.97, 2026-07-19T11:00:00+09:00, 2026-07-19T11:30:00+09:00
0.03,0.79,0.97, 2026-07-19T11:30:00+09:00, 2026-07-19T12:00:00+09:00
0.037,0.98,0.97, 2026-07-19T12:00:00+09:00, 2026-07-19T12:30:00+09:00
0.039,1.03,0.97, 2026-07-19T12:30:00+09:00, 2026-07-19T13:00:00+09:00
0.024,0.63,0.97, 2026-07-19T13:00:00+09:00, 2026-07-19T13:30:00+09:00
0.05,1.32,0.97, 2026-07-19T13:30:00+09:00, 2026-07-19T14:00:00+09:00
0.016,0.42,0.97, 2026-07-19T14:00:00+09:00, 2026-07-19T14:30:00+09:00
0.05,1.32,0.97, 2026-07-19T14:30:00+09:00, 2026-07-19T15:00:00+09:00
0.023,0.61,0.97, 2026-07-19T15:00:00+09:00, 2026-07-19T15:30:00+09:00
0.042,1.11,0.97, 2026-07-19T15:30:00+09:00, 2026-07-19T16:00:00+09:00
0.04,1.06,0.97, 2026-07-19T16:00:00+09:00, 2026-07-19T16:30:00+09:00
0.038,1,0.97, 2026-07-19T16:30:00+09:00, 2026-07-19T17:00:00+09:00
0.052,1.37,0.97, 2026-07-19T17:00:00+09:00, 2026-07-19T17:30:00+09:00
0.03,0.79,0.97, 2026-07-19T17:30:00+09:00, 2026-07-19T18:00:00+09:00
0.06,1.58,0.97, 2026-07-19T18:00:00+09:00, 2026-07-19T18:30:00+09:00
0.031,0.82,0.97, 2026-07-19T18:30:00+09:00, 2026-07-19T19:00:00+09:00
0.067,1.77,0.97, 2026-07-19T19:00:00+09:00, 2026-07-19T19:30:00+09:00
0.053,1.4,0.97, 2026-07-19T19:30:00+09:00, 2026-07-19T20:00:00+09:00
0.053,1.4,0.97, 2026-07-19T20:00:00+09:00, 2026-07-19T20:30:00+09:00
0.069,1.82,0.97, 2026-07-19T20:30:00+09:00, 2026-07-19T21:00:00+09:00
0.053,1.4,0.97, 2026-07-19T21:00:00+09:00, 2026-07-19T21:30:00+09:00
0.069,1.82,0.97, 2026-07-19T21:30:00+09:00, 2026-07-19T22:00:00+09:00
0.034,0.9,0.97, 2026-07-19T22:00:00+09:00, 2026-07-19T22:30:00+09:00
0.053,1.4,0.97, 2026-07-19T22:30:00+09:00, 2026-07-19T23:00:00+09:00
0.04,1.06,0.97, 2026-07-19T23:00:00+09:00, 2026-07-19T23:30:00+09:00
0.051,1.35,0.97, 2026-07-19T23:30:00+09:00, 2026-07-20T00:00:00+09:00
0.053,1.4,0.97, 2026-07-20T00:00:00+09:00, 2026-07-20T00:30:00+09:00
0.041,1.08,0.97, 2026-07-20T00:30:00+09:00, 2026-07-20T01:00:00+09:00
0.459,12.13,0.97, 2026-07-20T01:00:00+09:00, 2026-07-20T01:30:00+09:00
0.084,2.22,0.97, 2026-07-20T01:30:00+09:00, 2026-07-20T02:00:00+09:00
0.064,1.69,0.97, 2026-07-20T02:00:00+09:00, 2026-07-20T02:30:00+09:00
0.031,0.82,0.97, 2026-07-20T02:30:00+09:00, 2026-07-20T03:00:00+09:00
0.054,1.43,0.97, 2026-07-20T03:00:00+09:00, 2026-07-20T03:30:00+09:00
0.041,1.08,0.97, 2026-07-20T03:30:00+09:00, 2026-07-20T04:00:00+09:00
0.042,1.11,0.97, 2026-07-20T04:00:00+09:00, 2026-07-20T04:30:00+09:00
0.049,1.29,0.97, 2026-07-20T04:30:00+09:00, 2026-07-20T05:00:00+09:00
0.031,0.82,0.97, 2026-07-20T05:00:00+09:00, 2026-07-20T05:30:00+09:00
0.111,2.93,0.97, 2026-07-20T05:30:00+09:00, 2026-07-20T06:00:00+09:00
0.025,0.66,0.97, 2026-07-20T06:00:00+09:00, 2026-07-20T06:30:00+09:00
0.056,1.48,0.97, 2026-07-20T06:30:00+09:00, 2026-07-20T07:00:00+09:00
0.036,0.95,0.97, 2026-07-20T07:00:00+09:00, 2026-07-20T07:30:00+09:00
0.042,1.11,0.97, 2026-07-20T07:30:00+09:00, 2026-07-20T08:00:00+09:00
0.041,1.08,0.97, 2026-07-20T08:00:00+09:00, 2026-07-20T08:30:00+09:00
0.02,0.53,0.97, 2026-07-20T08:30:00+09:00, 2026-07-20T09:00:00+09:00
0.143,3.78,0.97, 2026-07-20T09:00:00+09:00, 2026-07-20T09:30:00+09:00
0.046,1.22,0.97, 2026-07-20T09:30:00+09:00, 2026-07-20T10:00:00+09:00
0.069,1.82,0.97, 2026-07-20T10:00:00+09:00, 2026-07-20T10:30:00+09:00
0.036,0.95,0.97, 2026-07-20T10:30:00+09:00, 2026-07-20T11:00:00+09:00
0.033,0.87,0.97, 2026-07-20T11:00:00+09:00, 2026-07-20T11:30:00+09:00
0.044,1.16,0.97, 2026-07-20T11:30:00+09:00, 2026-07-20T12:00:00+09:00
0.02,0.53,0.97, 2026-07-20T12:00:00+09:00, 2026-07-20T12:30:00+09:00
0.054,1.43,0.97, 2026-07-20T12:30:00+09:00, 2026-07-20T13:00:00+09:00
0.018,0.48,0.97, 2026-07-20T13:00:00+09:00, 2026-07-20T13:30:00+09:00
0.046,1.22,0.97, 2026-07-20T13:30:00+09:00, 2026-07-20T14:00:00+09:00
0.028,0.74,0.97, 2026-07-20T14:00:00+09:00, 2026-07-20T14:30:00+09:00
0.034,0.9,0.97, 2026-07-20T14:30:00+09:00, 2026-07-20T15:00:00+09:00
0.039,1.03,0.97, 2026-07-20T15:00:00+09:00, 2026-07-20T15:30:00+09:00
0.024,0.63,0.97, 2026-07-20T15:30:00+09:00, 2026-07-20T16:00:00+09:00
0.059,1.56,0.97, 2026-07-20T16:00:00+09:00, 2026-07-20T16:30:00+09:00
0.025,0.66,0.97, 2026-07-20T16:30:00+09:00, 2026-07-20T17:00:00+09:00
0.059,1.56,0.97, 2026-07-20T17:00:00+09:00, 2026-07-20T17:30:00+09:00
0.032,0.85,0.97, 2026-07-20T17:30:00+09:00, 2026-07-20T18:00:00+09:00
0.052,1.37,0.97, 2026-07-20T18:00:00+09:00, 2026-07-20T18:30:00+09:00
0.042,1.11,0.97, 2026-07-20T18:30:00+09:00, 2026-07-20T19:00:00+09:00
0.055,1.45,0.97, 2026-07-20T19:00:00+09:00, 2026-07-20T19:30:00+09:00
0.069,1.82,0.97, 2026-07-20T19:30:00+09:00, 2026-07-20T20:00:00+09:00
0.032,0.85,0.97, 2026-07-20T20:00:00+09:00, 2026-07-20T20:30:00+09:00
0.077,2.03,0.97, 2026-07-20T20:30:00+09:00, 2026-07-20T21:00:00+09:00
0.042,1.11,0.97, 2026-07-20T21:00:00+09:00, 2026-07-20T21:30:00+09:00
0.05,1.32,0.97, 2026-07-20T21:30:00+09:00, 2026-07-20T22:00:00+09:00
0.041,1.08,0.97, 2026-07-20T22:00:00+09:00, 2026-07-20T22:30:00+09:00
0.042,1.11,0.97, 2026-07-20T22:30:00+09:00, 2026-07-20T23:00:00+09:00
0.821,21.69,0.97, 2026-07-20T23:00:00+09:00, 2026-07-20T23:30:00+09:00
0.755,19.94,0.97, 2026-07-20T23:30:00+09:00, 2026-07-21T00:00:00+09:00
0.102,2.69,0.97, 2026-07-21T00:00:00+09:00, 2026-07-21T00:30:00+09:00
0.121,3.2,0.97, 2026-07-21T00:30:00+09:00, 2026-07-21T01:00:00+09:00
0.074,1.95,0.97, 2026-07-21T01:00:00+09:00, 2026-07-21T01:30:00+09:00
0.058,1.53,0.97, 2026-07-21T01:30:00+09:00, 2026-07-21T02:00:00+09:00
0.101,2.67,0.97, 2026-07-21T02:00:00+09:00, 2026-07-21T02:30:00+09:00
0.111,2.93,0.97, 2026-07-21T02:30:00+09:00, 2026-07-21T03:00:00+09:00
0.05,1.32,0.97, 2026-07-21T03:00:00+09:00, 2026-07-21T03:30:00+09:00
0.124,3.28,0.97, 2026-07-21T03:30:00+09:00, 2026-07-21T04:00:00+09:00
0.047,1.24,0.97, 2026-07-21T04:00:00+09:00, 2026-07-21T04:30:00+09:00
0.069,1.82,0.97, 2026-07-21T04:30:00+09:00, 2026-07-21T05:00:00+09:00
0.052,1.37,0.97, 2026-07-21T05:00:00+09:00, 2026-07-21T05:30:00+09:00
0.095,2.51,0.97, 2026-07-21T05:30:00+09:00, 2026-07-21T06:00:00+09:00
0.051,1.35,0.97, 2026-07-21T06:00:00+09:00, 2026-07-21T06:30:00+09:00
0.102,2.69,0.97, 2026-07-21T06:30:00+09:00, 2026-07-21T07:00:00+09:00
0.084,2.22,0.97, 2026-07-21T07:00:00+09:00, 2026-07-21T07:30:00+09:00
0.052,1.37,0.97, 2026-07-21T07:30:00+09:00, 2026-07-21T08:00:00+09:00
0.068,1.8,0.97, 2026-07-21T08:00:00+09:00, 2026-07-21T08:30:00+09:00
0.043,1.14,0.97, 2026-07-21T08:30:00+09:00, 2026-07-21T09:00:00+09:00
0.038,1,0.97, 2026-07-21T09:00:00+09:00, 2026-07-21T09:30:00+09:00
0.036,0.95,0.97, 2026-07-21T09:30:00+09:00, 2026-07-21T10:00:00+09:00
0.025,0.66,0.97, 2026-07-21T10:00:00+09:00, 2026-07-21T10:30:00+09:00
0.05,1.32,0.97, 2026-07-21T10:30:00+09:00, 2026-07-21T11:00:00+09:00
0.018,0.48,0.97, 2026-07-21T11:00:00+09:00, 2026-07-21T11:30:00+09:00
0.048,1.27,0.97, 2026-07-21T11:30:00+09:00, 2026-07-21T12:00:00+09:00
0.027,0.71,0.97, 2026-07-21T12:00:00+09:00, 2026-07-21T12:30:00+09:00
0.033,0.87,0.97, 2026-07-21T12:30:00+09:00, 2026-07-21T13:00:00+09:00
0.042,1.11,0.97, 2026-07-21T13:00:00+09:00, 2026-07-21T13:30:00+09:00
0.017,0.45,0.97, 2026-07-21T13:30:00+09:00, 2026-07-21T14:00:00+09:00
0.054,1.43,0.97, 2026-07-21T14:00:00+09:00, 2026-07-21T14:30:00+09:00
0.02,0.53,0.97, 2026-07-21T14:30:00+09:00, 2026-07-21T15:00:00+09:00
0.039,1.03,0.97, 2026-07-21T15:00:00+09:00, 2026-07-21T15:30:00+09:00
0.039,1.03,0.97, 2026-07-21T15:30:00+09:00, 2026-07-21T16:00:00+09:00
0.029,0.77,0.97, 2026-07-21T16:00:00+09:00, 2026-07-21T16:30:00+09:00
0.066,1.74,0.97, 2026-07-21T16:30:00+09:00, 2026-07-21T17:00:00+09:00
0.032,0.85,0.97, 2026-07-21T17:00:00+09:00, 2026-07-21T17:30:00+09:00
0.065,1.72,0.97, 2026-07-21T17:30:00+09:00, 2026-07-21T18:00:00+09:00
0.053,1.4,0.97, 2026-07-21T18:00:00+09:00, 2026-07-21T18:30:00+09:00
0.046,1.22,0.97, 2026-07-21T18:30:00+09:00, 2026-07-21T19:00:00+09:00
0.054,1.43,0.97, 2026-07-21T19:00:00+09:00, 2026-07-21T19:30:00+09:00
0.025,0.66,0.97, 2026-07-21T19:30:00+09:00, 2026-07-21T20:00:00+09:00
0.056,1.48,0.97, 2026-07-21T20:00:00+09:00, 2026-07-21T20:30:00+09:00
0.051,1.35,0.97, 2026-07-21T20:30:00+09:00, 2026-07-21T21:00:00+09:00
0.049,1.29,0.97, 2026-07-21T21:00:00+09:00, 2026-07-21T21:30:00+09:00
0.051,1.35,0.97, 2026-07-21T21:30:00+09:00, 2026-07-21T22:00:00+09:00
0.024,0.63,0.97, 2026-07-21T22:00:00+09:00, 2026-07-21T22:30:00+09:00
0.057,1.51,0.97, 2026-07-21T22:30:00+09:00, 2026-07-21T23:00:00+09:00
0.031,0.82,0.97, 2026-07-21T23:00:00+09:00, 2026-07-21T23:30:00+09:00
0.04,1.06,0.97, 2026-07-21T23:30:00+09:00, 2026-07-22T00:00:00+09:00
0.047,1.24,0.97, 2026-07-22T00:00:00+09:00, 2026-07-22T00:30:00+09:00
0.024,0.63,0.97, 2026-07-22T00:30:00+09:00, 2026-07-22T01:00:00+09:00
0.06,1.58,0.97, 2026-07-22T01:00:00+09:00, 2026-07-22T01:30:00+09:00
0.027,0.71,0.97, 2026-07-22T01:30:00+09:00, 2026-07-22T02:00:00+09:00
0.045,1.19,0.97, 2026-07-22T02:00:00+09:00, 2026-07-22T02:30:00+09:00
0.043,1.14,0.97, 2026-07-22T02:30:00+09:00, 2026-07-22T03:00:00+09:00
0.027,0.71,0.97, 2026-07-22T03:00:00+09:00, 2026-07-22T03:30:00+09:00
0.06,1.58,0.97, 2026-07-22T03:30:00+09:00, 2026-07-22T04:00:00+09:00
0.024,0.63,0.97, 2026-07-22T04:00:00+09:00, 2026-07-22T04:30:00+09:00
0.048,1.27,0.97, 2026-07-22T04:30:00+09:00, 2026-07-22T05:00:00+09:00
0.04,1.06,0.97, 2026-07-22T05:00:00+09:00, 2026-07-22T05:30:00+09:00
0.078,2.06,0.97, 2026-07-22T05:30:00+09:00, 2026-07-22T06:00:00+09:00
0.057,1.51,0.97, 2026-07-22T06:00:00+09:00, 2026-07-22T06:30:00+09:00
1.167,30.83,0.97, 2026-07-22T06:30:00+09:00, 2026-07-22T07:00:00+09:00
0.406,10.73,0.97, 2026-07-22T07:00:00+09:00, 2026-07-22T07:30:00+09:00
0.051,1.35,0.97, 2026-07-22T07:30:00+09:00, 2026-07-22T08:00:00+09:00
0.056,1.48,0.97, 2026-07-22T08:00:00+09:00, 2026-07-22T08:30:00+09:00
0.056,1.48,0.97, 2026-07-22T08:30:00+09:00, 2026-07-22T09:00:00+09:00
0.039,1.03,0.97, 2026-07-22T09:00:00+09:00, 2026-07-22T09:30:00+09:00
0.059,1.56,0.97, 2026-07-22T09:30:00+09:00, 2026-07-22T10:00:00+09:00
0.019,0.5,0.97, 2026-07-22T10:00:00+09:00, 2026-07-22T10:30:00+09:00
0.041,1.08,0.97, 2026-07-22T10:30:00+09:00, 2026-07-22T11:00:00+09:00
0.033,0.87,0.97, 2026-07-22T11:00:00+09:00, 2026-07-22T11:30:00+09:00
0.035,0.92,0.97, 2026-07-22T11:30:00+09:00, 2026-07-22T12:00:00+09:00
0.037,0.98,0.97, 2026-07-22T12:00:00+09:00, 2026-07-22T12:30:00+09:00
0.021,0.55,0.97, 2026-07-22T12:30:00+09:00, 2026-07-22T13:00:00+09:00
0.053,1.4,0.97, 2026-07-22T13:00:00+09:00, 2026-07-22T13:30:00+09:00
0.016,0.42,0.97, 2026-07-22T13:30:00+09:00, 2026-07-22T14:00:00+09:00
0.043,1.14,0.97, 2026-07-22T14:00:00+09:00, 2026-07-22T14:30:00+09:00
0.03,0.79,0.97, 2026-07-22T14:30:00+09:00, 2026-07-22T15:00:00+09:00
0.028,0.74,0.97, 2026-07-22T15:00:00+09:00, 2026-07-22T15:30:00+09:00
0.05,1.32,0.97, 2026-07-22T15:30:00+09:00, 2026-07-22T16:00:00+09:00
0.027,0.71,0.97, 2026-07-22T16:00:00+09:00, 2026-07-22T16:30:00+09:00
0.151,3.99,0.97, 2026-07-22T16:30:00+09:00, 2026-07-22T17:00:00+09:00
0.091,2.4,0.97, 2026-07-22T17:00:00+09:00, 2026-07-22T17:30:00+09:00
0.039,1.03,0.97, 2026-07-22T17:30:00+09:00, 2026-07-22T18:00:00+09:00
0.061,1.61,0.97, 2026-07-22T18:00:00+09:00, 2026-07-22T18:30:00+09:00
0.035,0.92,0.97, 2026-07-22T18:30:00+09:00, 2026-07-22T19:00:00+09:00
0.078,2.06,0.97, 2026-07-22T19:00:00+09:00, 2026-07-22T19:30:00+09:00
0.041,1.08,0.97, 2026-07-22T19:30:00+09:00, 2026-07-22T20:00:00+09:00
0.033,0.87,0.97, 2026-07-22T20:00:00+09:00, 2026-07-22T20:30:00+09:00
0.059,1.56,0.97, 2026-07-22T20:30:00+09:00, 2026-07-22T21:00:00+09:00
0.829,21.9,0.97, 2026-07-22T21:00:00+09:00, 2026-07-22T21:30:00+09:00
0.728,19.23,0.97, 2026-07-22T21:30:00+09:00, 2026-07-22T22:00:00+09:00
0.035,0.92,0.97, 2026-07-22T22:00:00+09:00, 2026-07-22T22:30:00+09:00
0.066,1.74,0.97, 2026-07-22T22:30:00+09:00, 2026-07-22T23:00:00+09:00
0.051,1.35,0.97, 2026-07-22T23:00:00+09:00, 2026-07-22T23:30:00+09:00
0.026,0.69,0.97, 2026-07-22T23:30:00+09:00, 2026-07-23T00:00:00+09:00
0.062,1.64,0.97, 2026-07-23T00:00:00+09:00, 2026-07-23T00:30:00+09:00
0.03,0.79,0.97, 2026-07-23T00:30:00+09:00, 2026-07-23T01:00:00+09:00
0.046,1.22,0.97, 2026-07-23T01:00:00+09:00, 2026-07-23T01:30:00+09:00
0.044,1.16,0.97, 2026-07-23T01:30:00+09:00, 2026-07-23T02:00:00+09:00
0.03,0.79,0.97, 2026-07-23T02:00:00+09:00, 2026-07-23T02:30:00+09:00
0.058,1.53,0.97, 2026-07-23T02:30:00+09:00, 2026-07-23T03:00:00+09:00
0.023,0.61,0.97, 2026-07-23T03:00:00+09:00, 2026-07-23T03:30:00+09:00
0.053,1.4,0.97, 2026-07-23T03:30:00+09:00, 2026-07-23T04:00:00+09:00
0.037,0.98,0.97, 2026-07-23T04:00:00+09:00, 2026-07-23T04:30:00+09:00
0.037,0.98,0.97, 2026-07-23T04:30:00+09:00, 2026-07-23T05:00:00+09:00
0.055,1.45,0.97, 2026-07-23T05:00:00+09:00, 2026-07-23T05:30:00+09:00
0.074,1.95,0.97, 2026-07-23T05:30:00+09:00, 2026-07-23T06:00:00+09:00
0.056,1.48,0.97, 2026-07-23T06:00:00+09:00, 2026-07-23T06:30:00+09:00
0.036,0.95,0.97, 2026-07-23T06:30:00+09:00, 2026-07-23T07:00:00+09:00
0.039,1.03,0.97, 2026-07-23T07:00:00+09:00, 2026-07-23T07:30:00+09:00
0.052,1.37,0.97, 2026-07-23T07:30:00+09:00, 2026-07-23T08:00:00+09:00
0.016,0.42,0.97, 2026-07-23T08:00:00+09:00, 2026-07-23T08:30:00+09:00
0.05,1.32,0.97, 2026-07-23T08:30:00+09:00, 2026-07-23T09:00:00+09:00
0.025,0.66,0.97, 2026-07-23T09:00:00+09:00, 2026-07-23T09:30:00+09:00
0.034,0.9,0.97, 2026-07-23T09:30:00+09:00, 2026-07-23T10:00:00+09:00
0.042,1.11,0.97, 2026-07-23T10:00:00+09:00, 2026-07-23T10:30:00+09:00
0.016,0.42,0.97, 2026-07-23T10:30:00+09:00, 2026-07-23T11:00:00+09:00
0.052,1.37,0.97, 2026-07-23T11:00:00+09:00, 2026-07-23T11:30:00+09:00
0.023,0.61,0.97, 2026-07-23T11:30:00+09:00, 2026-07-23T12:00:00+09:00
0.034,0.9,0.97, 2026-07-23T12:00:00+09:00, 2026-07-23T12:30:00+09:00
0.041,1.08,0.97, 2026-07-23T12:30:00+09:00, 2026-07-23T13:00:00+09:00
0.016,0.42,0.97, 2026-07-23T13:00:00+09:00, 2026-07-23T13:30:00+09:00
0.052,1.37,0.97, 2026-07-23T13:30:00+09:00, 2026-07-23T14:00:00+09:00
0.024,0.63,0.97, 2026-07-23T14:00:00+09:00, 2026-07-23T14:30:00+09:00
0.032,0.85,0.97, 2026-07-23T14:30:00+09:00, 2026-07-23T15:00:00+09:00
0.043,1.14,0.97, 2026-07-23T15:00:00+09:00, 2026-07-23T15:30:00+09:00
0.017,0.45,0.97, 2026-07-23T15:30:00+09:00, 2026-07-23T16:00:00+09:00
0.058,1.53,0.97, 2026-07-23T16:00:00+09:00, 2026-07-23T16:30:00+09:00
0.033,0.87,0.97, 2026-07-23T16:30:00+09:00, 2026-07-23T17:00:00+09:00
0.039,1.03,0.97, 2026-07-23T17:00:00+09:00, 2026-07-23T17:30:00+09:00
0.053,1.4,0.97, 2026-07-23T17:30:00+09:00, 2026-07-23T18:00:00+09:00
0.024,0.63,0.97, 2026-07-23T18:00:00+09:00, 2026-07-23T18:30:00+09:00
0.056,1.48,0.97, 2026-07-23T18:30:00+09:00, 2026-07-23T19:00:00+09:00
0.035,0.92,0.97, 2026-07-23T19:00:00+09:00, 2026-07-23T19:30:00+09:00
0.037,0.98,0.97, 2026-07-23T19:30:00+09:00, 2026-07-23T20:00:00+09:00
0.055,1.45,0.97, 2026-07-23T20:00:00+09:00, 2026-07-23T20:30:00+09:00
0.024,0.63,0.97, 2026-07-23T20:30:00+09:00, 2026-07-23T21:00:00+09:00
0.053,1.4,0.97, 2026-07-23T21:00:00+09:00, 2026-07-23T21:30:00+09:00
0.04,1.06,0.97, 2026-07-23T21:30:00+09:00, 2026-07-23T22:00:00+09:00
0.03,0.79,0.97, 2026-07-23T22:00:00+09:00, 2026-07-23T22:30:00+09:00
0.06,1.58,0.97, 2026-07-23T22:30:00+09:00, 2026-07-23T23:00:00+09:00
0.023,0.61,0.97, 2026-07-23T23:00:00+09:00, 2026-07-23T23:30:00+09:00
0.046,1.22,0.97, 2026-07-23T23:30:00+09:00, 2026-07-24T00:00:00+09:00
0.043,1.14,0.97, 2026-07-24T00:00:00+09:00, 2026-07-24T00:30:00+09:00
0.025,0.66,0.97, 2026-07-24T00:30:00+09:00, 2026-07-24T01:00:00+09:00
0.06,1.58,0.97, 2026-07-24T01:00:00+09:00, 2026-07-24T01:30:00+09:00
0.027,0.71,0.97, 2026-07-24T01:30:00+09:00, 2026-07-24T02:00:00+09:00
0.043,1.14,0.97, 2026-07-24T02:00:00+09:00, 2026-07-24T02:30:00+09:00
0.047,1.24,0.97, 2026-07-24T02:30:00+09:00, 2026-07-24T03:00:00+09:00
0.023,0.61,0.97, 2026-07-24T03:00:00+09:00, 2026-07-24T03:30:00+09:00
0.058,1.53,0.97, 2026-07-24T03:30:00+09:00, 2026-07-24T04:00:00+09:00
0.032,0.85,0.97, 2026-07-24T04:00:00+09:00, 2026-07-24T04:30:00+09:00
0.038,1,0.97, 2026-07-24T04:30:00+09:00, 2026-07-24T05:00:00+09:00
0.053,1.4,0.97, 2026-07-24T05:00:00+09:00, 2026-07-24T05:30:00+09:00
0.074,1.95,0.97, 2026-07-24T05:30:00+09:00, 2026-07-24T06:00:00+09:00
0.057,1.51,0.97, 2026-07-24T06:00:00+09:00, 2026-07-24T06:30:00+09:00
0.035,0.92,0.97, 2026-07-24T06:30:00+09:00, 2026-07-24T07:00:00+09:00
0.037,0.98,0.97, 2026-07-24T07:00:00+09:00, 2026-07-24T07:30:00+09:00
0.053,1.4,0.97, 2026-07-24T07:30:00+09:00, 2026-07-24T08:00:00+09:00
0.016,0.42,0.97, 2026-07-24T08:00:00+09:00, 2026-07-24T08:30:00+09:00
0.047,1.24,0.97, 2026-07-24T08:30:00+09:00, 2026-07-24T09:00:00+09:00
0.03,0.79,0.97, 2026-07-24T09:00:00+09:00, 2026-07-24T09:30:00+09:00
0.025,0.66,0.97, 2026-07-24T09:30:00+09:00, 2026-07-24T10:00:00+09:00
0.051,1.35,0.97, 2026-07-24T10:00:00+09:00, 2026-07-24T10:30:00+09:00
0.016,0.42,0.97, 2026-07-24T10:30:00+09:00, 2026-07-24T11:00:00+09:00
0.042,1.11,0.97, 2026-07-24T11:00:00+09:00, 2026-07-24T11:30:00+09:00
0.033,0.87,0.97, 2026-07-24T11:30:00+09:00, 2026-07-24T12:00:00+09:00
0.022,0.58,0.97, 2026-07-24T12:00:00+09:00, 2026-07-24T12:30:00+09:00
0.053,1.4,0.97, 2026-07-24T12:30:00+09:00, 2026-07-24T13:00:00+09:00
0.016,0.42,0.97, 2026-07-24T13:00:00+09:00, 2026-07-24T13:30:00+09:00
0.04,1.06,0.97, 2026-07-24T13:30:00+09:00, 2026-07-24T14:00:00+09:00
0.036,0.95,0.97, 2026-07-24T14:00:00+09:00, 2026-07-24T14:30:00+09:00
0.019,0.5,0.97, 2026-07-24T14:30:00+09:00, 2026-07-24T15:00:00+09:00
0.053,1.4,0.97, 2026-07-24T15:00:00+09:00, 2026-07-24T15:30:00+09:00
0.02,0.53,0.97, 2026-07-24T15:30:00+09:00, 2026-07-24T16:00:00+09:00
0.045,1.19,0.97, 2026-07-24T16:00:00+09:00, 2026-07-24T16:30:00+09:00
0.047,1.24,0.97, 2026-07-24T16:30:00+09:00, 2026-07-24T17:00:00+09:00
0.024,0.63,0.97, 2026-07-24T17:00:00+09:00, 2026-07-24T17:30:00+09:00
0.061,1.61,0.97, 2026-07-24T17:30:00+09:00, 2026-07-24T18:00:00+09:00
0.03,0.79,0.97, 2026-07-24T18:00:00+09:00, 2026-07-24T18:30:00+09:00
0.041,1.08,0.97, 2026-07-24T18:30:00+09:00, 2026-07-24T19:00:00+09:00
0.052,1.37,0.97, 2026-07-24T19:00:00+09:00, 2026-07-24T19:30:00+09:00
0.024,0.63,0.97, 2026-07-24T19:30:00+09:00, 2026-07-24T20:00:00+09:00
0.055,1.45,0.97, 2026-07-24T20:00:00+09:00, 2026-07-24T20:30:00+09:00
0.034,0.9,0.97, 2026-07-24T20:30:00+09:00, 2026-07-24T21:00:00+09:00
0.034,0.9,0.97, 2026-07-24T21:00:00+09:00, 2026-07-24T21:30:00+09:00
0.057,1.51,0.97, 2026-07-24T21:30:00+09:00, 2026-07-24T22:00:00+09:00
0.023,0.61,0.97, 2026-07-24T22:00:00+09:00, 2026-07-24T22:30:00+09:00
0.048,1.27,0.97, 2026-07-24T22:30:00+09:00, 2026-07-24T23:00:00+09:00
0.043,1.14,0.97, 2026-07-24T23:00:00+09:00, 2026-07-24T23:30:00+09:00
0.024,0.63,0.97, 2026-07-24T23:30:00+09:00, 2026-07-25T00:00:00+09:00
0.06,1.58,0.97, 2026-07-25T00:00:00+09:00, 2026-07-25T00:30:00+09:00
0.029,0.77,0.97, 2026-07-25T00:30:00+09:00, 2026-07-25T01:00:00+09:00
0.041,1.08,0.97, 2026-07-25T01:00:00+09:00, 2026-07-25T01:30:00+09:00
0.049,1.29,0.97, 2026-07-25T01:30:00+09:00, 2026-07-25T02:00:00+09:00
0.023,0.61,0.97, 2026-07-25T02:00:00+09:00, 2026-07-25T02:30:00+09:00
0.056,1.48,0.97, 2026-07-25T02:30:00+09:00, 2026-07-25T03:00:00+09:00
1.464,38.67,0.97, 2026-07-25T03:00:00+09:00, 2026-07-25T03:30:00+09:00
0.191,5.05,0.97, 2026-07-25T03:30:00+09:00, 2026-07-25T04:00:00+09:00
0.074,1.95,0.97, 2026-07-25T04:00:00+09:00, 2026-07-25T04:30:00+09:00
0.044,1.16,0.97, 2026-07-25T04:30:00+09:00, 2026-07-25T05:00:00+09:00
0.069,1.82,0.97, 2026-07-25T05:00:00+09:00, 2026-07-25T05:30:00+09:00
0.088,2.32,0.97, 2026-07-25T05:30:00+09:00, 2026-07-25T06:00:00+09:00
0.039,1.03,0.97, 2026-07-25T06:00:00+09:00, 2026-07-25T06:30:00+09:00
0.086,2.27,0.97, 2026-07-25T06:30:00+09:00, 2026-07-25T07:00:00+09:00
0.04,1.06,0.97, 2026-07-25T07:00:00+09:00, 2026-07-25T07:30:00+09:00
0.039,1.03,0.97, 2026-07-25T07:30:00+09:00, 2026-07-25T08:00:00+09:00
0.047,1.24,0.97, 2026-07-25T08:00:00+09:00, 2026-07-25T08:30:00+09:00
0.017,0.45,0.97, 2026-07-25T08:30:00+09:00, 2026-07-25T09:00:00+09:00
0.047,1.24,0.97, 2026-07-25T09:00:00+09:00, 2026-07-25T09:30:00+09:00
0.032,0.85,0.97, 2026-07-25T09:30:00+09:00, 2026-07-25T10:00:00+09:00
0.025,0.66,0.97, 2026-07-25T10:00:00+09:00, 2026-07-25T10:30:00+09:00
0.052,1.37,0.97, 2026-07-25T10:30:00+09:00, 2026-07-25T11:00:00+09:00
0.018,0.48,0.97, 2026-07-25T11:00:00+09:00, 2026-07-25T11:30:00+09:00
0.039,1.03,0.97, 2026-07-25T11:30:00+09:00, 2026-07-25T12:00:00+09:00
0.039,1.03,0.97, 2026-07-25T12:00:00+09:00, 2026-07-25T12:30:00+09:00
0.017,0.45,0.97, 2026-07-25T12:30:00+09:00, 2026-07-25T13:00:00+09:00
0.052,1.37,0.97, 2026-07-25T13:00:00+09:00, 2026-07-25T13:30:00+09:00
0.026,0.69,0.97, 2026-07-25T13:30:00+09:00, 2026-07-25T14:00:00+09:00
0.029,0.77,0.97, 2026-07-25T14:00:00+09:00, 2026-07-25T14:30:00+09:00
0.049,1.29,0.97, 2026-07-25T14:30:00+09:00, 2026-07-25T15:00:00+09:00
0.02,0.53,0.97, 2026-07-25T15:00:00+09:00, 2026-07-25T15:30:00+09:00
0.053,1.4,0.97, 2026-07-25T15:30:00+09:00, 2026-07-25T16:00:00+09:00
0.054,1.43,0.97, 2026-07-25T16:00:00+09:00, 2026-07-25T16:30:00+09:00
0.035,0.92,0.97, 2026-07-25T16:30:00+09:00, 2026-07-25T17:00:00+09:00
0.06,1.58,0.97, 2026-07-25T17:00:00+09:00, 2026-07-25T17:30:00+09:00
0.047,1.24,0.97, 2026-07-25T17:30:00+09:00, 2026-07-25T18:00:00+09:00
0.064,1.69,0.97, 2026-07-25T18:00:00+09:00, 2026-07-25T18:30:00+09:00
0.08,2.11,0.97, 2026-07-25T18:30:00+09:00, 2026-07-25T19:00:00+09:00
0.026,0.69,0.97, 2026-07-25T19:00:00+09:00, 2026-07-25T19:30:00+09:00
0.056,1.48,0.97, 2026-07-25T19:30:00+09:00, 2026-07-25T20:00:00+09:00
0.058,1.53,0.97, 2026-07-25T20:00:00+09:00, 2026-07-25T20:30:00+09:00
0.031,0.82,0.97, 2026-07-25T20:30:00+09:00, 2026-07-25T21:00:00+09:00
0.058,1.53,0.97, 2026-07-25T21:00:00+09:00, 2026-07-25T21:30:00+09:00
0.067,1.77,0.97, 2026-07-25T21:30:00+09:00, 2026-07-25T22:00:00+09:00
0.03,0.79,0.97, 2026-07-25T22:00:00+09:00, 2026-07-25T22:30:00+09:00
0.06,1.58,0.97, 2026-07-25T22:30:00+09:00, 2026-07-25T23:00:00+09:00
0.066,1.74,0.97, 2026-07-25T23:00:00+09:00, 2026-07-25T23:30:00+09:00
0.304,8.03,0.97, 2026-07-25T23:30:00+09:00, 2026-07-26T00:00:00+09:00
0.28,7.4,0.97, 2026-07-26T00:00:00+09:00, 2026-07-26T00:30:00+09:00
0.056,1.48,0.97, 2026-07-26T00:30:00+09:00, 2026-07-26T01:00:00+09:00
0.029,0.77,0.97, 2026-07-26T01:00:00+09:00, 2026-07-26T01:30:00+09:00
0.061,1.61,0.97, 2026-07-26T01:30:00+09:00, 2026-07-26T02:00:00+09:00
0.053,1.4,0.97, 2026-07-26T02:00:00+09:00, 2026-07-26T02:30:00+09:00
0.023,0.61,0.97, 2026-07-26T02:30:00+09:00, 2026-07-26T03:00:00+09:00
0.055,1.45,0.97, 2026-07-26T03:00:00+09:00, 2026-07-26T03:30:00+09:00
0.051,1.35,0.97, 2026-07-26T03:30:00+09:00, 2026-07-26T04:00:00+09:00
0.023,0.61,0.97, 2026-07-26T04:00:00+09:00, 2026-07-26T04:30:00+09:00
0.057,1.51,0.97, 2026-07-26T04:30:00+09:00, 2026-07-26T05:00:00+09:00
0.046,1.22,0.97, 2026-07-26T05:00:00+09:00, 2026-07-26T05:30:00+09:00
0.82,21.66,0.97, 2026-07-26T05:30:00+09:00, 2026-07-26T06:00:00+09:00
0.08,2.11,0.97, 2026-07-26T06:00:00+09:00, 2026-07-26T06:30:00+09:00
0.038,1,0.97, 2026-07-26T06:30:00+09:00, 2026-07-26T07:00:00+09:00
0.059,1.56,0.97, 2026-07-26T07:00:00+09:00, 2026-07-26T07:30:00+09:00
0.145,3.83,0.97, 2026-07-26T07:30:00+09:00, 2026-07-26T08:00:00+09:00
0.028,0.74,0.97, 2026-07-26T08:00:00+09:00, 2026-07-26T08:30:00+09:00
0.037,0.98,0.97, 2026-07-26T08:30:00+09:00, 2026-07-26T09:00:00+09:00
0.048,1.27,0.97, 2026-07-26T09:00:00+09:00, 2026-07-26T09:30:00+09:00
0.018,0.48,0.97, 2026-07-26T09:30:00+09:00, 2026-07-26T10:00:00+09:00
0.044,1.16,0.97, 2026-07-26T10:00:00+09:00, 2026-07-26T10:30:00+09:00
0.041,1.08,0.97, 2026-07-26T10:30:00+09:00, 2026-07-26T11:00:00+09:00
0.019,0.5,0.97, 2026-07-26T11:00:00+09:00, 2026-07-26T11:30:00+09:00
0.054,1.43,0.97, 2026-07-26T11:30:00+09:00, 2026-07-26T12:00:00+09:00
0.028,0.74,0.97, 2026-07-26T12:00:00+09:00, 2026-07-26T12:30:00+09:00
0.026,0.69,0.97, 2026-07-26T12:30:00+09:00, 2026-07-26T13:00:00+09:00
0.053,1.4,0.97, 2026-07-26T13:00:00+09:00, 2026-07-26T13:30:00+09:00
0.022,0.58,0.97, 2026-07-26T13:30:00+09:00, 2026-07-26T14:00:00+09:00
0.032,0.85,0.97, 2026-07-26T14:00:00+09:00, 2026-07-26T14:30:00+09:00
0.052,1.37,0.97, 2026-07-26T14:30:00+09:00, 2026-07-26T15:00:00+09:00
0.026,0.69,0.97, 2026-07-26T15:00:00+09:00, 2026-07-26T15:30:00+09:00
0.028,0.74,0.97, 2026-07-26T15:30:00+09:00, 2026-07-26T16:00:00+09:00
0.307,8.11,0.97, 2026-07-26T16:00:00+09:00, 2026-07-26T16:30:00+09:00
1.481,39.12,0.97, 2026-07-26T16:30:00+09:00, 2026-07-26T17:00:00+09:00
1.23,32.49,0.97, 2026-07-26T17:00:00+09:00, 2026-07-26T17:30:00+09:00
0.062,1.64,0.97, 2026-07-26T17:30:00+09:00, 2026-07-26T18:00:00+09:00
0.04,1.06,0.97, 2026-07-26T18:00:00+09:00, 2026-07-26T18:30:00+09:00
0.068,1.8,0.97, 2026-07-26T18:30:00+09:00, 2026-07-26T19:00:00+09:00
0.056,1.48,0.97, 2026-07-26T19:00:00+09:00, 2026-07-26T19:30:00+09:00
0.069,1.82,0.97, 2026-07-26T19:30:00+09:00, 2026-07-26T20:00:00+09:00
0.071,1.88,0.97, 2026-07-26T20:00:00+09:00, 2026-07-26T20:30:00+09:00
0.039,1.03,0.97, 2026-07-26T20:30:00+09:00, 2026-07-26T21:00:00+09:00
0.033,0.87,0.97, 2026-07-26T21:00:00+09:00, 2026-07-26T21:30:00+09:00
0.063,1.66,0.97, 2026-07-26T21:30:00+09:00, 2026-07-26T22:00:00+09:00
0.037,0.98,0.97, 2026-07-26T22:00:00+09:00, 2026-07-26T22:30:00+09:00
0.041,1.08,0.97, 2026-07-26T22:30:00+09:00, 2026-07-26T23:00:00+09:00
0.068,1.8,0.97, 2026-07-26T23:00:00+09:00, 2026-07-26T23:30:00+09:00
0.04,1.06,0.97, 2026-07-26T23:30:00+09:00, 2026-07-27T00:00:00+09:00
0.055,1.45,0.97, 2026-07-27T00:00:00+09:00, 2026-07-27T00:30:00+09:00
0.059,1.56,0.97, 2026-07-27T00:30:00+09:00, 2026-07-27T01:00:00+09:00
0.385,10.17,0.97, 2026-07-27T01:00:00+09:00, 2026-07-27T01:30:00+09:00
0.097,2.56,0.97, 2026-07-27T01:30:00+09:00, 2026-07-27T02:00:00+09:00
0.041,1.08,0.97, 2026-07-27T02:00:00+09:00, 2026-07-27T02:30:00+09:00
0.046,1.22,0.97, 2026-07-27T02:30:00+09:00, 2026-07-27T03:00:00+09:00
0.067,1.77,0.97, 2026-07-27T03:00:00+09:00, 2026-07-27T03:30:00+09:00
0.034,0.9,0.97, 2026-07-27T03:30:00+09:00, 2026-07-27T04:00:00+09:00
0.05,1.32,0.97, 2026-07-27T04:00:00+09:00, 2026-07-27T04:30:00+09:00
0.06,1.58,0.97, 2026-07-27T04:30:00+09:00, 2026-07-27T05:00:00+09:00
0.032,0.85,0.97, 2026-07-27T05:00:00+09:00, 2026-07-27T05:30:00+09:00
0.106,2.8,0.97, 2026-07-27T05:30:00+09:00, 2026-07-27T06:00:00+09:00
0.042,1.11,0.97, 2026-07-27T06:00:00+09:00, 2026-07-27T06:30:00+09:00
0.025,0.66,0.97, 2026-07-27T06:30:00+09:00, 2026-07-27T07:00:00+09:00
0.081,2.14,0.97, 2026-07-27T07:00:00+09:00, 2026-07-27T07:30:00+09:00
0.049,1.29,0.97, 2026-07-27T07:30:00+09:00, 2026-07-27T08:00:00+09:00
0.017,0.45,0.97, 2026-07-27T08:00:00+09:00, 2026-07-27T08:30:00+09:00
0.054,1.43,0.97, 2026-07-27T08:30:00+09:00, 2026-07-27T09:00:00+09:00
0.032,0.85,0.97, 2026-07-27T09:00:00+09:00, 2026-07-27T09:30:00+09:00
0.027,0.71,0.97, 2026-07-27T09:30:00+09:00, 2026-07-27T10:00:00+09:00
0.053,1.4,0.97, 2026-07-27T10:00:00+09:00, 2026-07-27T10:30:00+09:00
0.024,0.63,0.97, 2026-07-27T10:30:00+09:00, 2026-07-27T11:00:00+09:00
0.029,0.77,0.97, 2026-07-27T11:00:00+09:00, 2026-07-27T11:30:00+09:00
0.053,1.4,0.97, 2026-07-27T11:30:00+09:00, 2026-07-27T12:00:00+09:00
0.019,0.5,0.97, 2026-07-27T12:00:00+09:00, 2026-07-27T12:30:00+09:00
0.033,0.87,0.97, 2026-07-27T12:30:00+09:00, 2026-07-27T13:00:00+09:00
0.052,1.37,0.97, 2026-07-27T13:00:00+09:00, 2026-07-27T13:30:00+09:00
0.022,0.58,0.97, 2026-07-27T13:30:00+09:00, 2026-07-27T14:00:00+09:00
0.029,0.77,0.97, 2026-07-27T14:00:00+09:00, 2026-07-27T14:30:00+09:00
0.053,1.4,0.97, 2026-07-27T14:30:00+09:00, 2026-07-27T15:00:00+09:00
0.024,0.63,0.97, 2026-07-27T15:00:00+09:00, 2026-07-27T15:30:00+09:00
0.033,0.87,0.97, 2026-07-27T15:30:00+09:00, 2026-07-27T16:00:00+09:00
0.078,2.06,0.97, 2026-07-27T16:00:00+09:00, 2026-07-27T16:30:00+09:00
0.032,0.85,0.97, 2026-07-27T16:30:00+09:00, 2026-07-27T17:00:00+09:00
0.044,1.16,0.97, 2026-07-27T17:00:00+09:00, 2026-07-27T17:30:00+09:00
0.074,1.95,0.97, 2026-07-27T17:30:00+09:00, 2026-07-27T18:00:00+09:00
0.035,0.92,0.97, 2026-07-27T18:00:00+09:00, 2026-07-27T18:30:00+09:00
0.054,1.43,0.97, 2026-07-27T18:30:00+09:00, 2026-07-27T19:00:00+09:00
0.06,1.58,0.97, 2026-07-27T19:00:00+09:00, 2026-07-27T19:30:00+09:00
0.027,0.71,0.97, 2026-07-27T19:30:00+09:00, 2026-07-27T20:00:00+09:00
0.047,1.24,0.97, 2026-07-27T20:00:00+09:00, 2026-07-27T20:30:00+09:00
0.053,1.4,0.97, 2026-07-27T20:30:00+09:00, 2026-07-27T21:00:00+09:00
0.024,0.63,0.97, 2026-07-27T21:00:00+09:00, 2026-07-27T21:30:00+09:00
0.057,1.51,0.97, 2026-07-27T21:30:00+09:00, 2026-07-27T22:00:00+09:00
0.041,1.08,0.97, 2026-07-27T22:00:00+09:00, 2026-07-27T22:30:00+09:00
0.024,0.63,0.97, 2026-07-27T22:30:00+09:00, 2026-07-27T23:00:00+09:00
0.149,3.94,0.97, 2026-07-27T23:00:00+09:00, 2026-07-27T23:30:00+09:00
0.21,5.55,0.97, 2026-07-27T23:30:00+09:00, 2026-07-28T00:00:00+09:00
0.051,1.35,0.97, 2026-07-28T00:00:00+09:00, 2026-07-28T00:30:00+09:00
0.064,1.69,0.97, 2026-07-28T00:30:00+09:00, 2026-07-28T01:00:00+09:00
0.029,0.77,0.97, 2026-07-28T01:00:00+09:00, 2026-07-28T01:30:00+09:00
0.046,1.22,0.97, 2026-07-28T01:30:00+09:00, 2026-07-28T02:00:00+09:00
0.078,2.06,0.97, 2026-07-28T02:00:00+09:00, 2026-07-28T02:30:00+09:00
0.035,0.92,0.97, 2026-07-28T02:30:00+09:00, 2026-07-28T03:00:00+09:00
0.056,1.48,0.97, 2026-07-28T03:00:00+09:00, 2026-07-28T03:30:00+09:00
0.15,3.96,0.97, 2026-07-28T03:30:00+09:00, 2026-07-28T04:00:00+09:00
1.356,35.82,0.97, 2026-07-28T04:00:00+09:00, 2026-07-28T04:30:00+09:00
0.072,1.9,0.97, 2026-07-28T04:30:00+09:00, 2026-07-28T05:00:00+09:00
0.056,1.48,0.97, 2026-07-28T05:00:00+09:00, 2026-07-28T05:30:00+09:00
0.103,2.72,0.97, 2026-07-28T05:30:00+09:00, 2026-07-28T06:00:00+09:00
0.062,1.64,0.97, 2026-07-28T06:00:00+09:00, 2026-07-28T06:30:00+09:00
0.033,0.87,0.97, 2026-07-28T06:30:00+09:00, 2026-07-28T07:00:00+09:00
0.181,4.78,0.97, 2026-07-28T07:00:00+09:00, 2026-07-28T07:30:00+09:00
0.063,1.66,0.97, 2026-07-28T07:30:00+09:00, 2026-07-28T08:00:00+09:00
0.017,0.45,0.97, 2026-07-28T08:00:00+09:00, 2026-07-28T08:30:00+09:00
0.036,0.95,0.97, 2026-07-28T08:30:00+09:00, 2026-07-28T09:00:00+09:00
0.05,1.32,0.97, 2026-07-28T09:00:00+09:00, 2026-07-28T09:30:00+09:00
0.017,0.45,0.97, 2026-07-28T09:30:00+09:00, 2026-07-28T10:00:00+09:00
0.047,1.24,0.97, 2026-07-28T10:00:00+09:00, 2026-07-28T10:30:00+09:00
0.036,0.95,0.97, 2026-07-28T10:30:00+09:00, 2026-07-28T11:00:00+09:00
0.022,0.58,0.97, 2026-07-28T11:00:00+09:00, 2026-07-28T11:30:00+09:00
0.053,1.4,0.97, 2026-07-28T11:30:00+09:00, 2026-07-28T12:00:00+09:00
0.025,0.66,0.97, 2026-07-28T12:00:00+09:00, 2026-07-28T12:30:00+09:00
0.025,0.66,0.97, 2026-07-28T12:30:00+09:00, 2026-07-28T13:00:00+09:00
0.053,1.4,0.97, 2026-07-28T13:00:00+09:00, 2026-07-28T13:30:00+09:00
0.026,0.69,0.97, 2026-07-28T13:30:00+09:00, 2026-07-28T14:00:00+09:00
0.024,0.63,0.97, 2026-07-28T14:00:00+09:00, 2026-07-28T14:30:00+09:00
0.135,3.57,0.97, 2026-07-28T14:30:00+09:00, 2026-07-28T15:00:00+09:00
0.055,1.45,0.97, 2026-07-28T15:00:00+09:00, 2026-07-28T15:30:00+09:00
0.062,1.64,0.97, 2026-07-28T15:30:00+09:00, 2026-07-28T16:00:00+09:00
0.071,1.88,0.97, 2026-07-28T16:00:00+09:00, 2026-07-28T16:30:00+09:00
0.053,1.4,0.97, 2026-07-28T16:30:00+09:00, 2026-07-28T17:00:00+09:00
0.041,1.08,0.97, 2026-07-28T17:00:00+09:00, 2026-07-28T17:30:00+09:00
0.064,1.69,0.97, 2026-07-28T17:30:00+09:00, 2026-07-28T18:00:00+09:00
0.028,0.74,0.97, 2026-07-28T18:00:00+09:00, 2026-07-28T18:30:00+09:00
0.059,1.56,0.97, 2026-07-28T18:30:00+09:00, 2026-07-28T19:00:00+09:00
0.09,2.38,0.97, 2026-07-28T19:00:00+09:00, 2026-07-28T19:30:00+09:00
0.043,1.14,0.97, 2026-07-28T19:30:00+09:00, 2026-07-28T20:00:00+09:00
0.036,0.95,0.97, 2026-07-28T20:00:00+09:00, 2026-07-28T20:30:00+09:00
0.06,1.58,0.97, 2026-07-28T20:30:00+09:00, 2026-07-28T21:00:00+09:00
0.029,0.77,0.97, 2026-07-28T21:00:00+09:00, 2026-07-28T21:30:00+09:00
0.04,1.06,0.97, 2026-07-28T21:30:00+09:00, 2026-07-28T22:00:00+09:00
0.07,1.85,0.97, 2026-07-28T22:00:00+09:00, 2026-07-28T22:30:00+09:00
0.034,0.9,0.97, 2026-07-28T22:30:00+09:00, 2026-07-28T23:00:00+09:00
0.03,0.79,0.97, 2026-07-28T23:00:00+09:00, 2026-07-28T23:30:00+09:00
0.06,1.58,0.97, 2026-07-28T23:30:00+09:00, 2026-07-29T00:00:00+09:00
0.078,2.06,0.97, 2026-07-29T00:00:00+09:00, 2026-07-29T00:30:00+09:00
0.407,10.75,0.97, 2026-07-29T00:30:00+09:00, 2026-07-29T01:00:00+09:00
0.069,1.82,0.97, 2026-07-29T01:00:00+09:00, 2026-07-29T01:30:00+09:00
0.036,0.95,0.97, 2026-07-29T01:30:00+09:00, 2026-07-29T02:00:00+09:00
0.053,1.4,0.97, 2026-07-29T02:00:00+09:00, 2026-07-29T02:30:00+09:00
0.07,1.85,0.97, 2026-07-29T02:30:00+09:00, 2026-07-29T03:00:00+09:00
0.032,0.85,0.97, 2026-07-29T03:00:00+09:00, 2026-07-29T03:30:00+09:00
0.047,1.24,0.97, 2026-07-29T03:30:00+09:00, 2026-07-29T04:00:00+09:00
0.866,22.88,0.97, 2026-07-29T04:00:00+09:00, 2026-07-29T04:30:00+09:00
0.702,18.54,0.97, 2026-07-29T04:30:00+09:00, 2026-07-29T05:00:00+09:00
0.039,1.03,0.97, 2026-07-29T05:00:00+09:00, 2026-07-29T05:30:00+09:00
0.109,2.88,0.97, 2026-07-29T05:30:00+09:00, 2026-07-29T06:00:00+09:00
0.128,3.38,0.97, 2026-07-29T06:00:00+09:00, 2026-07-29T06:30:00+09:00
0.072,1.9,0.97, 2026-07-29T06:30:00+09:00, 2026-07-29T07:00:00+09:00
0.066,1.74,0.97, 2026-07-29T07:00:00+09:00, 2026-07-29T07:30:00+09:00
0.05,1.32,0.97, 2026-07-29T07:30:00+09:00, 2026-07-29T08:00:00+09:00
0.067,1.77,0.97, 2026-07-29T08:00:00+09:00, 2026-07-29T08:30:00+09:00
0.029,0.77,0.97, 2026-07-29T08:30:00+09:00, 2026-07-29T09:00:00+09:00
0.029,0.77,0.97, 2026-07-29T09:00:00+09:00, 2026-07-29T09:30:00+09:00
0.053,1.4,0.97, 2026-07-29T09:30:00+09:00, 2026-07-29T10:00:00+09:00
0.023,0.61,0.97, 2026-07-29T10:00:00+09:00, 2026-07-29T10:30:00+09:00
0.029,0.77,0.97, 2026-07-29T10:30:00+09:00, 2026-07-29T11:00:00+09:00
0.054,1.43,0.97, 2026-07-29T11:00:00+09:00, 2026-07-29T11:30:00+09:00
0.023,0.61,0.97, 2026-07-29T11:30:00+09:00, 2026-07-29T12:00:00+09:00
0.028,0.74,0.97, 2026-07-29T12:00:00+09:00, 2026-07-29T12:30:00+09:00
0.053,1.4,0.97, 2026-07-29T12:30:00+09:00, 2026-07-29T13:00:00+09:00
0.021,0.55,0.97, 2026-07-29T13:00:00+09:00, 2026-07-29T13:30:00+09:00
0.029,0.77,0.97, 2026-07-29T13:30:00+09:00, 2026-07-29T14:00:00+09:00
0.053,1.4,0.97, 2026-07-29T14:00:00+09:00, 2026-07-29T14:30:00+09:00
0.025,0.66,0.97, 2026-07-29T14:30:00+09:00, 2026-07-29T15:00:00+09:00
0.025,0.66,0.97, 2026-07-29T15:00:00+09:00, 2026-07-29T15:30:00+09:00
0.059,1.56,0.97, 2026-07-29T15:30:00+09:00, 2026-07-29T16:00:00+09:00
0.037,0.98,0.97, 2026-07-29T16:00:00+09:00, 2026-07-29T16:30:00+09:00
0.042,1.11,0.97, 2026-07-29T16:30:00+09:00, 2026-07-29T17:00:00+09:00
0.069,1.82,0.97, 2026-07-29T17:00:00+09:00, 2026-07-29T17:30:00+09:00
0.063,1.66,0.97, 2026-07-29T17:30:00+09:00, 2026-07-29T18:00:00+09:00
0.055,1.45,0.97, 2026-07-29T18:00:00+09:00, 2026-07-29T18:30:00+09:00
0.031,0.82,0.97, 2026-07-29T18:30:00+09:00, 2026-07-29T19:00:00+09:00
0.061,1.61,0.97, 2026-07-29T19:00:00+09:00, 2026-07-29T19:30:00+09:00
0.058,1.53,0.97, 2026-07-29T19:30:00+09:00, 2026-07-29T20:00:00+09:00
0.031,0.82,0.97, 2026-07-29T20:00:00+09:00, 2026-07-29T20:30:00+09:00
0.046,1.22,0.97, 2026-07-29T20:30:00+09:00, 2026-07-29T21:00:00+09:00
0.058,1.53,0.97, 2026-07-29T21:00:00+09:00, 2026-07-29T21:30:00+09:00
0.035,0.92,0.97, 2026-07-29T21:30:00+09:00, 2026-07-29T22:00:00+09:00
0.187,4.94,0.97, 2026-07-29T22:00:00+09:00, 2026-07-29T22:30:00+09:00
0.402,10.62,0.97, 2026-07-29T22:30:00+09:00, 2026-07-29T23:00:00+09:00
0.051,1.35,0.97, 2026-07-29T23:00:00+09:00, 2026-07-29T23:30:00+09:00
0.038,1,0.97, 2026-07-29T23:30:00+09:00, 2026-07-30T00:00:00+09:00
0.073,1.93,0.97, 2026-07-30T00:00:00+09:00, 2026-07-30T00:30:00+09:00
0.06,1.58,0.97, 2026-07-30T00:30:00+09:00, 2026-07-30T01:00:00+09:00
0.024,0.63,0.97, 2026-07-30T01:00:00+09:00, 2026-07-30T01:30:00+09:00
0.058,1.53,0.97, 2026-07-30T01:30:00+09:00, 2026-07-30T02:00:00+09:00
0.063,1.66,0.97, 2026-07-30T02:00:00+09:00, 2026-07-30T02:30:00+09:00
0.03,0.79,0.97, 2026-07-30T02:30:00+09:00, 2026-07-30T03:00:00+09:00
0.039,1.03,0.97, 2026-07-30T03:00:00+09:00, 2026-07-30T03:30:00+09:00
0.063,1.66,0.97, 2026-07-30T03:30:00+09:00, 2026-07-30T04:00:00+09:00
1.257,33.21,0.97, 2026-07-30T04:00:00+09:00, 2026-07-30T04:30:00+09:00
0.311,8.22,0.97, 2026-07-30T04:30:00+09:00, 2026-07-30T05:00:00+09:00
0.066,1.74,0.97, 2026-07-30T05:00:00+09:00, 2026-07-30T05:30:00+09:00
0.115,3.04,0.97, 2026-07-30T05:30:00+09:00, 2026-07-30T06:00:00+09:00
0.039,1.03,0.97, 2026-07-30T06:00:00+09:00, 2026-07-30T06:30:00+09:00
0.062,1.64,0.97, 2026-07-30T06:30:00+09:00, 2026-07-30T07:00:00+09:00
0.047,1.24,0.97, 2026-07-30T07:00:00+09:00, 2026-07-30T07:30:00+09:00
0.024,0.63,0.97, 2026-07-30T07:30:00+09:00, 2026-07-30T08:00:00+09:00
0.05,1.32,0.97, 2026-07-30T08:00:00+09:00, 2026-07-30T08:30:00+09:00
0.04,1.06,0.97, 2026-07-30T08:30:00+09:00, 2026-07-30T09:00:00+09:00
0.043,1.14,0.97, 2026-07-30T09:00:00+09:00, 2026-07-30T09:30:00+09:00
0.077,2.03,0.97, 2026-07-30T09:30:00+09:00, 2026-07-30T10:00:00+09:00
0.038,1,0.97, 2026-07-30T10:00:00+09:00, 2026-07-30T10:30:00+09:00
0.028,0.74,0.97, 2026-07-30T10:30:00+09:00, 2026-07-30T11:00:00+09:00
0.053,1.4,0.97, 2026-07-30T11:00:00+09:00, 2026-07-30T11:30:00+09:00
0.029,0.77,0.97, 2026-07-30T11:30:00+09:00, 2026-07-30T12:00:00+09:00
0.023,0.61,0.97, 2026-07-30T12:00:00+09:00, 2026-07-30T12:30:00+09:00
0.053,1.4,0.97, 2026-07-30T12:30:00+09:00, 2026-07-30T13:00:00+09:00
0.029,0.77,0.97, 2026-07-30T13:00:00+09:00, 2026-07-30T13:30:00+09:00
0.025,0.66,0.97, 2026-07-30T13:30:00+09:00, 2026-07-30T14:00:00+09:00
0.056,1.48,0.97, 2026-07-30T14:00:00+09:00, 2026-07-30T14:30:00+09:00
0.035,0.92,0.97, 2026-07-30T14:30:00+09:00, 2026-07-30T15:00:00+09:00
0.022,0.58,0.97, 2026-07-30T15:00:00+09:00, 2026-07-30T15:30:00+09:00
0.055,1.45,0.97, 2026-07-30T15:30:00+09:00, 2026-07-30T16:00:00+09:00
0.037,0.98,0.97, 2026-07-30T16:00:00+09:00, 2026-07-30T16:30:00+09:00
0.03,0.79,0.97, 2026-07-30T16:30:00+09:00, 2026-07-30T17:00:00+09:00
0.065,1.72,0.97, 2026-07-30T17:00:00+09:00, 2026-07-30T17:30:00+09:00
0.04,1.06,0.97, 2026-07-30T17:30:00+09:00, 2026-07-30T18:00:00+09:00
0.039,1.03,0.97, 2026-07-30T18:00:00+09:00, 2026-07-30T18:30:00+09:00
0.07,1.85,0.97, 2026-07-30T18:30:00+09:00, 2026-07-30T19:00:00+09:00
0.061,1.61,0.97, 2026-07-30T19:00:00+09:00, 2026-07-30T19:30:00+09:00
0.031,0.82,0.97, 2026-07-30T19:30:00+09:00, 2026-07-30T20:00:00+09:00
0.049,1.29,0.97, 2026-07-30T20:00:00+09:00, 2026-07-30T20:30:00+09:00
0.06,1.58,0.97, 2026-07-30T20:30:00+09:00, 2026-07-30T21:00:00+09:00
0.468,12.36,0.97, 2026-07-30T21:00:00+09:00, 2026-07-30T21:30:00+09:00
1.093,28.87,0.97, 2026-07-30T21:30:00+09:00, 2026-07-30T22:00:00+09:00
0.058,1.53,0.97, 2026-07-30T22:00:00+09:00, 2026-07-30T22:30:00+09:00
0.043,1.14,0.97, 2026-07-30T22:30:00+09:00, 2026-07-30T23:00:00+09:00
0.052,1.37,0.97, 2026-07-30T23:00:00+09:00, 2026-07-30T23:30:00+09:00
0.063,1.66,0.97, 2026-07-30T23:30:00+09:00, 2026-07-31T00:00:00+09:00
0.475,12.55,0.97, 2026-07-31T00:00:00+09:00, 2026-07-31T00:30:00+09:00
0.068,1.8,0.97, 2026-07-31T00:30:00+09:00, 2026-07-31T01:00:00+09:00
0.056,1.48,0.97, 2026-07-31T01:00:00+09:00, 2026-07-31T01:30:00+09:00
0.023,0.61,0.97, 2026-07-31T01:30:00+09:00, 2026-07-31T02:00:00+09:00
0.05,1.32,0.97, 2026-07-31T02:00:00+09:00, 2026-07-31T02:30:00+09:00
0.103,2.72,0.97, 2026-07-31T02:30:00+09:00, 2026-07-31T03:00:00+09:00
0.041,1.08,0.97, 2026-07-31T03:00:00+09:00, 2026-07-31T03:30:00+09:00
0.046,1.22,0.97, 2026-07-31T03:30:00+09:00, 2026-07-31T04:00:00+09:00
0.057,1.51,0.97, 2026-07-31T04:00:00+09:00, 2026-07-31T04:30:00+09:00
0.04,1.06,0.97, 2026-07-31T04:30:00+09:00, 2026-07-31T05:00:00+09:00
0.063,1.66,0.97, 2026-07-31T05:00:00+09:00, 2026-07-31T05:30:00+09:00
0.104,2.75,0.97, 2026-07-31T05:30:00+09:00, 2026-07-31T06:00:00+09:00
0.025,0.66,0.97, 2026-07-31T06:00:00+09:00, 2026-07-31T06:30:00+09:00
0.06,1.58,0.97, 2026-07-31T06:30:00+09:00, 2026-07-31T07:00:00+09:00
0.074,1.95,0.97, 2026-07-31T07:00:00+09:00, 2026-07-31T07:30:00+09:00
0.055,1.45,0.97, 2026-07-31T07:30:00+09:00, 2026-07-31T08:00:00+09:00
0.048,1.27,0.97, 2026-07-31T08:00:00+09:00, 2026-07-31T08:30:00+09:00
0.06,1.58,0.97, 2026-07-31T08:30:00+09:00, 2026-07-31T09:00:00+09:00
0.024,0.63,0.97, 2026-07-31T09:00:00+09:00, 2026-07-31T09:30:00+09:00
0.028,0.74,0.97, 2026-07-31T09:30:00+09:00, 2026-07-31T10:00:00+09:00
0.055,1.45,0.97, 2026-07-31T10:00:00+09:00, 2026-07-31T10:30:00+09:00
0.028,0.74,0.97, 2026-07-31T10:30:00+09:00, 2026-07-31T11:00:00+09:00
0.019,0.5,0.97, 2026-07-31T11:00:00+09:00, 2026-07-31T11:30:00+09:00
0.054,1.43,0.97, 2026-07-31T11:30:00+09:00, 2026-07-31T12:00:00+09:00
0.032,0.85,0.97, 2026-07-31T12:00:00+09:00, 2026-07-31T12:30:00+09:00
0.02,0.53,0.97, 2026-07-31T12:30:00+09:00, 2026-07-31T13:00:00+09:00
0.054,1.43,0.97, 2026-07-31T13:00:00+09:00, 2026-07-31T13:30:00+09:00
0.027,0.71,0.97, 2026-07-31T13:30:00+09:00, 2026-07-31T14:00:00+09:00
0.017,0.45,0.97, 2026-07-31T14:00:00+09:00, 2026-07-31T14:30:00+09:00
0.055,1.45,0.97, 2026-07-31T14:30:00+09:00, 2026-07-31T15:00:00+09:00
0.031,0.82,0.97, 2026-07-31T15:00:00+09:00, 2026-07-31T15:30:00+09:00
0.017,0.45,0.97, 2026-07-31T15:30:00+09:00, 2026-07-31T16:00:00+09:00
0.062,1.64,0.97, 2026-07-31T16:00:00+09:00, 2026-07-31T16:30:00+09:00
0.056,1.48,0.97, 2026-07-31T16:30:00+09:00, 2026-07-31T17:00:00+09:00
0.03,0.79,0.97, 2026-07-31T17:00:00+09:00, 2026-07-31T17:30:00+09:00
0.052,1.37,0.97, 2026-07-31T17:30:00+09:00, 2026-07-31T18:00:00+09:00
0.059,1.56,0.97, 2026-07-31T18:00:00+09:00, 2026-07-31T18:30:00+09:00
0.024,0.63,0.97, 2026-07-31T18:30:00+09:00, 2026-07-31T19:00:00+09:00
0.043,1.14,0.97, 2026-07-31T19:00:00+09:00, 2026-07-31T19:30:00+09:00
0.065,1.72,0.97, 2026-07-31T19:30:00+09:00, 2026-07-31T20:00:00+09:00
0.059,1.56,0.97, 2026-07-31T20:00:00+09:00, 2026-07-31T20:30:00+09:00
0.036,0.95,0.97, 2026-07-31T20:30:00+09:00, 2026-07-31T21:00:00+09:00
0.062,1.64,0.97, 2026-07-31T21:00:00+09:00, 2026-07-31T21:30:00+09:00
0.036,0.95,0.97, 2026-07-31T21:30:00+09:00, 2026-07-31T22:00:00+09:00
0.037,0.98,0.97, 2026-07-31T22:00:00+09:00, 2026-07-31T22:30:00+09:00
0.061,1.61,0.97, 2026-07-31T22:30:00+09:00, 2026-07-31T23:00:00+09:00
0.031,0.82,0.97, 2026-07-31T23:00:00+09:00, 2026-07-31T23:30:00+09:00
0.031,0.82,0.97, 2026-07-31T23:30:00+09:00, 2026-08-01T00:00:00+09:00
0.361,9.54,0.97, 2026-08-01T00:00:00+09:00, 2026-08-01T00:30:00+09:00
0.261,6.89,0.97, 2026-08-01T00:30:00+09:00, 2026-08-01T01:00:00+09:00
0.044,1.16,0.97, 2026-08-01T01:00:00+09:00, 2026-08-01T01:30:00+09:00
0.06,1.58,0.97, 2026-08-01T01:30:00+09:00, 2026-08-01T02:00:00+09:00
0.061,1.61,0.97, 2026-08-01T02:00:00+09:00, 2026-08-01T02:30:00+09:00
0.024,0.63,0.97, 2026-08-01T02:30:00+09:00, 2026-08-01T03:00:00+09:00
0.047,1.24,0.97, 2026-08-01T03:00:00+09:00, 2026-08-01T03:30:00+09:00
0.062,1.64,0.97, 2026-08-01T03:30:00+09:00, 2026-08-01T04:00:00+09:00
0.028,0.74,0.97, 2026-08-01T04:00:00+09:00, 2026-08-01T04:30:00+09:00
0.04,1.06,0.97, 2026-08-01T04:30:00+09:00, 2026-08-01T05:00:00+09:00
1.424,37.62,0.97, 2026-08-01T05:00:00+09:00, 2026-08-01T05:30:00+09:00
0.199,5.26,0.97, 2026-08-01T05:30:00+09:00, 2026-08-01T06:00:00+09:00
0.036,0.95,0.97, 2026-08-01T06:00:00+09:00, 2026-08-01T06:30:00+09:00
0.102,2.69,0.97, 2026-08-01T06:30:00+09:00, 2026-08-01T07:00:00+09:00
0.061,1.61,0.97, 2026-08-01T07:00:00+09:00, 2026-08-01T07:30:00+09:00
0.052,1.37,0.97, 2026-08-01T07:30:00+09:00, 2026-08-01T08:00:00+09:00
0.074,1.95,0.97, 2026-08-01T08:00:00+09:00, 2026-08-01T08:30:00+09:00
0.051,1.35,0.97, 2026-08-01T08:30:00+09:00, 2026-08-01T09:00:00+09:00
0.017,0.45,0.97, 2026-08-01T09:00:00+09:00, 2026-08-01T09:30:00+09:00
0.054,1.43,0.97, 2026-08-01T09:30:00+09:00, 2026-08-01T10:00:00+09:00
0.033,0.87,0.97, 2026-08-01T10:00:00+09:00, 2026-08-01T10:30:00+09:00
0.017,0.45,0.97, 2026-08-01T10:30:00+09:00, 2026-08-01T11:00:00+09:00
0.05,1.32,0.97, 2026-08-01T11:00:00+09:00, 2026-08-01T11:30:00+09:00
0.037,0.98,0.97, 2026-08-01T11:30:00+09:00, 2026-08-01T12:00:00+09:00
0.017,0.45,0.97, 2026-08-01T12:00:00+09:00, 2026-08-01T12:30:00+09:00
0.049,1.29,0.97, 2026-08-01T12:30:00+09:00, 2026-08-01T13:00:00+09:00
0.037,0.98,0.97, 2026-08-01T13:00:00+09:00, 2026-08-01T13:30:00+09:00
0.017,0.45,0.97, 2026-08-01T13:30:00+09:00, 2026-08-01T14:00:00+09:00
0.044,1.16,0.97, 2026-08-01T14:00:00+09:00, 2026-08-01T14:30:00+09:00
0.042,1.11,0.97, 2026-08-01T14:30:00+09:00, 2026-08-01T15:00:00+09:00
0.017,0.45,0.97, 2026-08-01T15:00:00+09:00, 2026-08-01T15:30:00+09:00
0.043,1.14,0.97, 2026-08-01T15:30:00+09:00, 2026-08-01T16:00:00+09:00
0.052,1.37,0.97, 2026-08-01T16:00:00+09:00, 2026-08-01T16:30:00+09:00
0.498,13.16,0.97, 2026-08-01T16:30:00+09:00, 2026-08-01T17:00:00+09:00
1.027,27.13,0.97, 2026-08-01T17:00:00+09:00, 2026-08-01T17:30:00+09:00
0.054,1.43,0.97, 2026-08-01T17:30:00+09:00, 2026-08-01T18:00:00+09:00
0.109,2.88,0.97, 2026-08-01T18:00:00+09:00, 2026-08-01T18:30:00+09:00
0.076,2.01,0.97, 2026-08-01T18:30:00+09:00, 2026-08-01T19:00:00+09:00
0.066,1.74,0.97, 2026-08-01T19:00:00+09:00, 2026-08-01T19:30:00+09:00
0.046,1.22,0.97, 2026-08-01T19:30:00+09:00, 2026-08-01T20:00:00+09:00
0.056,1.48,0.97, 2026-08-01T20:00:00+09:00, 2026-08-01T20:30:00+09:00
0.05,1.32,0.97, 2026-08-01T20:30:00+09:00, 2026-08-01T21:00:00+09:00
0.025,0.66,0.97, 2026-08-01T21:00:00+09:00, 2026-08-01T21:30:00+09:00
0.054,1.43,0.97, 2026-08-01T21:30:00+09:00, 2026-08-01T22:00:00+09:00
0.049,1.29,0.97, 2026-08-01T22:00:00+09:00, 2026-08-01T22:30:00+09:00
0.024,0.63,0.97, 2026-08-01T22:30:00+09:00, 2026-08-01T23:00:00+09:00
0.049,1.29,0.97, 2026-08-01T23:00:00+09:00, 2026-08-01T23:30:00+09:00
0.055,1.45,0.97, 2026-08-01T23:30:00+09:00, 2026-08-02T00:00:00+09:00
0.024,0.63,0.97, 2026-08-02T00:00:00+09:00, 2026-08-02T00:30:00+09:00
0.042,1.11,0.97, 2026-08-02T00:30:00+09:00, 2026-08-02T01:00:00+09:00
0.06,1.58,0.97, 2026-08-02T01:00:00+09:00, 2026-08-02T01:30:00+09:00
0.024,0.63,0.97, 2026-08-02T01:30:00+09:00, 2026-08-02T02:00:00+09:00
0.037,0.98,0.97, 2026-08-02T02:00:00+09:00, 2026-08-02T02:30:00+09:00
0.061,1.61,0.97, 2026-08-02T02:30:00+09:00, 2026-08-02T03:00:00+09:00
0.028,0.74,0.97, 2026-08-02T03:00:00+09:00, 2026-08-02T03:30:00+09:00
0.031,0.82,0.97, 2026-08-02T03:30:00+09:00, 2026-08-02T04:00:00+09:00
0.061,1.61,0.97, 2026-08-02T04:00:00+09:00, 2026-08-02T04:30:00+09:00
0.035,0.92,0.97, 2026-08-02T04:30:00+09:00, 2026-08-02T05:00:00+09:00
0.025,0.66,0.97, 2026-08-02T05:00:00+09:00, 2026-08-02T05:30:00+09:00
1.127,29.77,0.97, 2026-08-02T05:30:00+09:00, 2026-08-02T06:00:00+09:00
0.073,1.93,0.97, 2026-08-02T06:00:00+09:00, 2026-08-02T06:30:00+09:00
0.024,0.63,0.97, 2026-08-02T06:30:00+09:00, 2026-08-02T07:00:00+09:00
0.052,1.37,0.97, 2026-08-02T07:00:00+09:00, 2026-08-02T07:30:00+09:00
0.072,1.9,0.97, 2026-08-02T07:30:00+09:00, 2026-08-02T08:00:00+09:00
0.057,1.51,0.97, 2026-08-02T08:00:00+09:00, 2026-08-02T08:30:00+09:00
0.049,1.29,0.97, 2026-08-02T08:30:00+09:00, 2026-08-02T09:00:00+09:00
0.065,1.72,0.97, 2026-08-02T09:00:00+09:00, 2026-08-02T09:30:00+09:00
0.047,1.24,0.97, 2026-08-02T09:30:00+09:00, 2026-08-02T10:00:00+09:00
0.018,0.48,0.97, 2026-08-02T10:00:00+09:00, 2026-08-02T10:30:00+09:00
0.042,1.11,0.97, 2026-08-02T10:30:00+09:00, 2026-08-02T11:00:00+09:00
0.053,1.4,0.97, 2026-08-02T11:00:00+09:00, 2026-08-02T11:30:00+09:00
0.02,0.53,0.97, 2026-08-02T11:30:00+09:00, 2026-08-02T12:00:00+09:00
0.029,0.77,0.97, 2026-08-02T12:00:00+09:00, 2026-08-02T12:30:00+09:00
0.054,1.43,0.97, 2026-08-02T12:30:00+09:00, 2026-08-02T13:00:00+09:00
0.028,0.74,0.97, 2026-08-02T13:00:00+09:00, 2026-08-02T13:30:00+09:00
0.017,0.45,0.97, 2026-08-02T13:30:00+09:00, 2026-08-02T14:00:00+09:00
0.056,1.48,0.97, 2026-08-02T14:00:00+09:00, 2026-08-02T14:30:00+09:00
0.036,0.95,0.97, 2026-08-02T14:30:00+09:00, 2026-08-02T15:00:00+09:00
0.018,0.48,0.97, 2026-08-02T15:00:00+09:00, 2026-08-02T15:30:00+09:00
0.047,1.24,0.97, 2026-08-02T15:30:00+09:00, 2026-08-02T16:00:00+09:00
0.053,1.4,0.97, 2026-08-02T16:00:00+09:00, 2026-08-02T16:30:00+09:00
0.029,0.77,0.97, 2026-08-02T16:30:00+09:00, 2026-08-02T17:00:00+09:00
0.053,1.4,0.97, 2026-08-02T17:00:00+09:00, 2026-08-02T17:30:00+09:00
0.064,1.69,0.97, 2026-08-02T17:30:00+09:00, 2026-08-02T18:00:00+09:00
0.033,0.87,0.97, 2026-08-02T18:00:00+09:00, 2026-08-02T18:30:00+09:00
0.04,1.06,0.97, 2026-08-02T18:30:00+09:00, 2026-08-02T19:00:00+09:00
0.072,1.9,0.97, 2026-08-02T19:00:00+09:00, 2026-08-02T19:30:00+09:00
0.054,1.43,0.97, 2026-08-02T19:30:00+09:00, 2026-08-02T20:00:00+09:00
0.045,1.19,0.97, 2026-08-02T20:00:00+09:00, 2026-08-02T20:30:00+09:00
0.069,1.82,0.97, 2026-08-02T20:30:00+09:00, 2026-08-02T21:00:00+09:00
0.038,1,0.97, 2026-08-02T21:00:00+09:00, 2026-08-02T21:30:00+09:00
0.024,0.63,0.97, 2026-08-02T21:30:00+09:00, 2026-08-02T22:00:00+09:00
0.055,1.45,0.97, 2026-08-02T22:00:00+09:00, 2026-08-02T22:30:00+09:00
0.051,1.35,0.97, 2026-08-02T22:30:00+09:00, 2026-08-02T23:00:00+09:00
0.117,3.09,0.97, 2026-08-02T23:00:00+09:00, 2026-08-02T23:30:00+09:00
0.104,2.75,0.97, 2026-08-02T23:30:00+09:00, 2026-08-03T00:00:00+09:00
0.071,1.88,0.97, 2026-08-03T00:00:00+09:00, 2026-08-03T00:30:00+09:00
0.035,0.92,0.97, 2026-08-03T00:30:00+09:00, 2026-08-03T01:00:00+09:00
0.032,0.85,0.97, 2026-08-03T01:00:00+09:00, 2026-08-03T01:30:00+09:00
0.063,1.66,0.97, 2026-08-03T01:30:00+09:00, 2026-08-03T02:00:00+09:00
0.039,1.03,0.97, 2026-08-03T02:00:00+09:00, 2026-08-03T02:30:00+09:00
0.029,0.77,0.97, 2026-08-03T02:30:00+09:00, 2026-08-03T03:00:00+09:00
0.134,3.54,0.97, 2026-08-03T03:00:00+09:00, 2026-08-03T03:30:00+09:00
0.071,1.88,0.97, 2026-08-03T03:30:00+09:00, 2026-08-03T04:00:00+09:00
0.028,0.74,0.97, 2026-08-03T04:00:00+09:00, 2026-08-03T04:30:00+09:00
0.049,1.29,0.97, 2026-08-03T04:30:00+09:00, 2026-08-03T05:00:00+09:00
0.059,1.56,0.97, 2026-08-03T05:00:00+09:00, 2026-08-03T05:30:00+09:00
0.074,1.95,0.97, 2026-08-03T05:30:00+09:00, 2026-08-03T06:00:00+09:00
0.882,23.3,0.97, 2026-08-03T06:00:00+09:00, 2026-08-03T06:30:00+09:00
0.073,1.93,0.97, 2026-08-03T06:30:00+09:00, 2026-08-03T07:00:00+09:00
0.045,1.19,0.97, 2026-08-03T07:00:00+09:00, 2026-08-03T07:30:00+09:00
0.045,1.19,0.97, 2026-08-03T07:30:00+09:00, 2026-08-03T08:00:00+09:00
0.085,2.25,0.97, 2026-08-03T08:00:00+09:00, 2026-08-03T08:30:00+09:00
0.048,1.27,0.97, 2026-08-03T08:30:00+09:00, 2026-08-03T09:00:00+09:00
0.017,0.45,0.97, 2026-08-03T09:00:00+09:00, 2026-08-03T09:30:00+09:00
0.042,1.11,0.97, 2026-08-03T09:30:00+09:00, 2026-08-03T10:00:00+09:00
0.05,1.32,0.97, 2026-08-03T10:00:00+09:00, 2026-08-03T10:30:00+09:00
0.017,0.45,0.97, 2026-08-03T10:30:00+09:00, 2026-08-03T11:00:00+09:00
0.028,0.74,0.97, 2026-08-03T11:00:00+09:00, 2026-08-03T11:30:00+09:00
0.053,1.4,0.97, 2026-08-03T11:30:00+09:00, 2026-08-03T12:00:00+09:00
0.027,0.71,0.97, 2026-08-03T12:00:00+09:00, 2026-08-03T12:30:00+09:00
0.016,0.42,0.97, 2026-08-03T12:30:00+09:00, 2026-08-03T13:00:00+09:00
0.053,1.4,0.97, 2026-08-03T13:00:00+09:00, 2026-08-03T13:30:00+09:00
0.037,0.98,0.97, 2026-08-03T13:30:00+09:00, 2026-08-03T14:00:00+09:00
0.016,0.42,0.97, 2026-08-03T14:00:00+09:00, 2026-08-03T14:30:00+09:00
0.041,1.08,0.97, 2026-08-03T14:30:00+09:00, 2026-08-03T15:00:00+09:00
0.049,1.29,0.97, 2026-08-03T15:00:00+09:00, 2026-08-03T15:30:00+09:00
0.017,0.45,0.97, 2026-08-03T15:30:00+09:00, 2026-08-03T16:00:00+09:00
0.037,0.98,0.97, 2026-08-03T16:00:00+09:00, 2026-08-03T16:30:00+09:00
0.062,1.64,0.97, 2026-08-03T16:30:00+09:00, 2026-08-03T17:00:00+09:00
0.039,1.03,0.97, 2026-08-03T17:00:00+09:00, 2026-08-03T17:30:00+09:00
0.025,0.66,0.97, 2026-08-03T17:30:00+09:00, 2026-08-03T18:00:00+09:00
0.063,1.66,0.97, 2026-08-03T18:00:00+09:00, 2026-08-03T18:30:00+09:00
0.798,21.08,0.97, 2026-08-03T18:30:00+09:00, 2026-08-03T19:00:00+09:00
0.761,20.1,0.97, 2026-08-03T19:00:00+09:00, 2026-08-03T19:30:00+09:00
0.197,5.2,0.97, 2026-08-03T19:30:00+09:00, 2026-08-03T20:00:00+09:00
0.062,1.64,0.97, 2026-08-03T20:00:00+09:00, 2026-08-03T20:30:00+09:00
0.076,2.01,0.97, 2026-08-03T20:30:00+09:00, 2026-08-03T21:00:00+09:00
0.025,0.66,0.97, 2026-08-03T21:00:00+09:00, 2026-08-03T21:30:00+09:00
0.049,1.29,0.97, 2026-08-03T21:30:00+09:00, 2026-08-03T22:00:00+09:00
0.059,1.56,0.97, 2026-08-03T22:00:00+09:00, 2026-08-03T22:30:00+09:00
0.054,1.43,0.97, 2026-08-03T22:30:00+09:00, 2026-08-03T23:00:00+09:00
0.023,0.61,0.97, 2026-08-03T23:00:00+09:00, 2026-08-03T23:30:00+09:00
0.047,1.24,0.97, 2026-08-03T23:30:00+09:00, 2026-08-04T00:00:00+09:00
0.08,2.11,0.97, 2026-08-04T00:00:00+09:00, 2026-08-04T00:30:00+09:00
0.105,2.77,0.97, 2026-08-04T00:30:00+09:00, 2026-08-04T01:00:00+09:00
0.429,11.33,0.97, 2026-08-04T01:00:00+09:00, 2026-08-04T01:30:00+09:00
0.072,1.9,0.97, 2026-08-04T01:30:00+09:00, 2026-08-04T02:00:00+09:00
0.06,1.58,0.97, 2026-08-04T02:00:00+09:00, 2026-08-04T02:30:00+09:00
0.026,0.69,0.97, 2026-08-04T02:30:00+09:00, 2026-08-04T03:00:00+09:00
0.05,1.32,0.97, 2026-08-04T03:00:00+09:00, 2026-08-04T03:30:00+09:00
0.071,1.88,0.97, 2026-08-04T03:30:00+09:00, 2026-08-04T04:00:00+09:00
0.04,1.06,0.97, 2026-08-04T04:00:00+09:00, 2026-08-04T04:30:00+09:00
0.023,0.61,0.97, 2026-08-04T04:30:00+09:00, 2026-08-04T05:00:00+09:00
0.06,1.58,0.97, 2026-08-04T05:00:00+09:00, 2026-08-04T05:30:00+09:00
0.102,2.69,0.97, 2026-08-04T05:30:00+09:00, 2026-08-04T06:00:00+09:00
0.023,0.61,0.97, 2026-08-04T06:00:00+09:00, 2026-08-04T06:30:00+09:00
0.046,1.22,0.97, 2026-08-04T06:30:00+09:00, 2026-08-04T07:00:00+09:00
1.412,37.3,0.97, 2026-08-04T07:00:00+09:00, 2026-08-04T07:30:00+09:00
0.283,7.48,0.97, 2026-08-04T07:30:00+09:00, 2026-08-04T08:00:00+09:00
0.054,1.43,0.97, 2026-08-04T08:00:00+09:00, 2026-08-04T08:30:00+09:00
0.071,1.88,0.97, 2026-08-04T08:30:00+09:00, 2026-08-04T09:00:00+09:00
0.038,1,0.97, 2026-08-04T09:00:00+09:00, 2026-08-04T09:30:00+09:00
0.016,0.42,0.97, 2026-08-04T09:30:00+09:00, 2026-08-04T10:00:00+09:00
0.05,1.32,0.97, 2026-08-04T10:00:00+09:00, 2026-08-04T10:30:00+09:00
0.044,1.16,0.97, 2026-08-04T10:30:00+09:00, 2026-08-04T11:00:00+09:00
0.017,0.45,0.97, 2026-08-04T11:00:00+09:00, 2026-08-04T11:30:00+09:00
0.038,1,0.97, 2026-08-04T11:30:00+09:00, 2026-08-04T12:00:00+09:00
0.052,1.37,0.97, 2026-08-04T12:00:00+09:00, 2026-08-04T12:30:00+09:00
0.026,0.69,0.97, 2026-08-04T12:30:00+09:00, 2026-08-04T13:00:00+09:00
0.018,0.48,0.97, 2026-08-04T13:00:00+09:00, 2026-08-04T13:30:00+09:00
0.054,1.43,0.97, 2026-08-04T13:30:00+09:00, 2026-08-04T14:00:00+09:00
0.038,1,0.97, 2026-08-04T14:00:00+09:00, 2026-08-04T14:30:00+09:00
0.017,0.45,0.97, 2026-08-04T14:30:00+09:00, 2026-08-04T15:00:00+09:00
0.042,1.11,0.97, 2026-08-04T15:00:00+09:00, 2026-08-04T15:30:00+09:00
0.065,1.72,0.97, 2026-08-04T15:30:00+09:00, 2026-08-04T16:00:00+09:00
0.028,0.74,0.97, 2026-08-04T16:00:00+09:00, 2026-08-04T16:30:00+09:00
0.039,1.03,0.97, 2026-08-04T16:30:00+09:00, 2026-08-04T17:00:00+09:00
0.062,1.64,0.97, 2026-08-04T17:00:00+09:00, 2026-08-04T17:30:00+09:00
0.05,1.32,0.97, 2026-08-04T17:30:00+09:00, 2026-08-04T18:00:00+09:00
0.035,0.92,0.97, 2026-08-04T18:00:00+09:00, 2026-08-04T18:30:00+09:00
0.065,1.72,0.97, 2026-08-04T18:30:00+09:00, 2026-08-04T19:00:00+09:00
0.061,1.61,0.97, 2026-08-04T19:00:00+09:00, 2026-08-04T19:30:00+09:00
0.028,0.74,0.97, 2026-08-04T19:30:00+09:00, 2026-08-04T20:00:00+09:00
0.034,0.9,0.97, 2026-08-04T20:00:00+09:00, 2026-08-04T20:30:00+09:00
0.06,1.58,0.97, 2026-08-04T20:30:00+09:00, 2026-08-04T21:00:00+09:00
0.04,1.06,0.97, 2026-08-04T21:00:00+09:00, 2026-08-04T21:30:00+09:00
0.124,3.28,0.97, 2026-08-04T21:30:00+09:00, 2026-08-04T22:00:00+09:00
0.098,2.59,0.97, 2026-08-04T22:00:00+09:00, 2026-08-04T22:30:00+09:00
0.134,3.54,0.97, 2026-08-04T22:30:00+09:00, 2026-08-04T23:00:00+09:00
0.039,1.03,0.97, 2026-08-04T23:00:00+09:00, 2026-08-04T23:30:00+09:00
0.061,1.61,0.97, 2026-08-04T23:30:00+09:00, 2026-08-05T00:00:00+09:00
0.052,1.37,0.97, 2026-08-05T00:00:00+09:00, 2026-08-05T00:30:00+09:00
0.032,0.85,0.97, 2026-08-05T00:30:00+09:00, 2026-08-05T01:00:00+09:00
0.054,1.43,0.97, 2026-08-05T01:00:00+09:00, 2026-08-05T01:30:00+09:00
0.063,1.66,0.97, 2026-08-05T01:30:00+09:00, 2026-08-05T02:00:00+09:00
0.031,0.82,0.97, 2026-08-05T02:00:00+09:00, 2026-08-05T02:30:00+09:00
0.024,0.63,0.97, 2026-08-05T02:30:00+09:00, 2026-08-05T03:00:00+09:00
0.062,1.64,0.97, 2026-08-05T03:00:00+09:00, 2026-08-05T03:30:00+09:00
0.046,1.22,0.97, 2026-08-05T03:30:00+09:00, 2026-08-05T04:00:00+09:00
0.025,0.66,0.97, 2026-08-05T04:00:00+09:00, 2026-08-05T04:30:00+09:00
0.048,1.27,0.97, 2026-08-05T04:30:00+09:00, 2026-08-05T05:00:00+09:00
0.06,1.58,0.97, 2026-08-05T05:00:00+09:00, 2026-08-05T05:30:00+09:00
0.078,2.06,0.97, 2026-08-05T05:30:00+09:00, 2026-08-05T06:00:00+09:00
0.564,14.9,0.97, 2026-08-05T06:00:00+09:00, 2026-08-05T06:30:00+09:00
1.051,27.76,0.97, 2026-08-05T06:30:00+09:00, 2026-08-05T07:00:00+09:00
0.058,1.53,0.97, 2026-08-05T07:00:00+09:00, 2026-08-05T07:30:00+09:00
0.049,1.29,0.97, 2026-08-05T07:30:00+09:00, 2026-08-05T08:00:00+09:00
0.099,2.62,0.97, 2026-08-05T08:00:00+09:00, 2026-08-05T08:30:00+09:00
0.157,4.15,0.97, 2026-08-05T08:30:00+09:00, 2026-08-05T09:00:00+09:00
0.027,0.71,0.97, 2026-08-05T09:00:00+09:00, 2026-08-05T09:30:00+09:00
0.02,0.53,0.97, 2026-08-05T09:30:00+09:00, 2026-08-05T10:00:00+09:00
0.055,1.45,0.97, 2026-08-05T10:00:00+09:00, 2026-08-05T10:30:00+09:00
0.042,1.11,0.97, 2026-08-05T10:30:00+09:00, 2026-08-05T11:00:00+09:00
0.017,0.45,0.97, 2026-08-05T11:00:00+09:00, 2026-08-05T11:30:00+09:00
0.039,1.03,0.97, 2026-08-05T11:30:00+09:00, 2026-08-05T12:00:00+09:00
0.052,1.37,0.97, 2026-08-05T12:00:00+09:00, 2026-08-05T12:30:00+09:00
0.033,0.87,0.97, 2026-08-05T12:30:00+09:00, 2026-08-05T13:00:00+09:00
0.016,0.42,0.97, 2026-08-05T13:00:00+09:00, 2026-08-05T13:30:00+09:00
0.047,1.24,0.97, 2026-08-05T13:30:00+09:00, 2026-08-05T14:00:00+09:00
0.048,1.27,0.97, 2026-08-05T14:00:00+09:00, 2026-08-05T14:30:00+09:00
0.017,0.45,0.97, 2026-08-05T14:30:00+09:00, 2026-08-05T15:00:00+09:00
0.032,0.85,0.97, 2026-08-05T15:00:00+09:00, 2026-08-05T15:30:00+09:00
0.054,1.43,0.97, 2026-08-05T15:30:00+09:00, 2026-08-05T16:00:00+09:00
0.035,0.92,0.97, 2026-08-05T16:00:00+09:00, 2026-08-05T16:30:00+09:00
0.029,0.77,0.97, 2026-08-05T16:30:00+09:00, 2026-08-05T17:00:00+09:00
0.064,1.69,0.97, 2026-08-05T17:00:00+09:00, 2026-08-05T17:30:00+09:00
0.07,1.85,0.97, 2026-08-05T17:30:00+09:00, 2026-08-05T18:00:00+09:00
0.039,1.03,0.97, 2026-08-05T18:00:00+09:00, 2026-08-05T18:30:00+09:00
0.055,1.45,0.97, 2026-08-05T18:30:00+09:00, 2026-08-05T19:00:00+09:00
0.077,2.03,0.97, 2026-08-05T19:00:00+09:00, 2026-08-05T19:30:00+09:00
0.04,1.06,0.97, 2026-08-05T19:30:00+09:00, 2026-08-05T20:00:00+09:00
0.025,0.66,0.97, 2026-08-05T20:00:00+09:00, 2026-08-05T20:30:00+09:00
0.07,1.85,0.97, 2026-08-05T20:30:00+09:00, 2026-08-05T21:00:00+09:00
0.062,1.64,0.97, 2026-08-05T21:00:00+09:00, 2026-08-05T21:30:00+09:00
0.024,0.63,0.97, 2026-08-05T21:30:00+09:00, 2026-08-05T22:00:00+09:00
0.039,1.03,0.97, 2026-08-05T22:00:00+09:00, 2026-08-05T22:30:00+09:00
0.061,1.61,0.97, 2026-08-05T22:30:00+09:00, 2026-08-05T23:00:00+09:00
0.036,0.95,0.97, 2026-08-05T23:00:00+09:00, 2026-08-05T23:30:00+09:00
0.024,0.63,0.97, 2026-08-05T23:30:00+09:00, 2026-08-06T00:00:00+09:00
0.059,1.56,0.97, 2026-08-06T00:00:00+09:00, 2026-08-06T00:30:00+09:00
0.052,1.37,0.97, 2026-08-06T00:30:00+09:00, 2026-08-06T01:00:00+09:00
0.024,0.63,0.97, 2026-08-06T01:00:00+09:00, 2026-08-06T01:30:00+09:00
0.041,1.08,0.97, 2026-08-06T01:30:00+09:00, 2026-08-06T02:00:00+09:00
0.061,1.61,0.97, 2026-08-06T02:00:00+09:00, 2026-08-06T02:30:00+09:00
0.031,0.82,0.97, 2026-08-06T02:30:00+09:00, 2026-08-06T03:00:00+09:00
0.025,0.66,0.97, 2026-08-06T03:00:00+09:00, 2026-08-06T03:30:00+09:00
0.062,1.64,0.97, 2026-08-06T03:30:00+09:00, 2026-08-06T04:00:00+09:00
0.048,1.27,0.97, 2026-08-06T04:00:00+09:00, 2026-08-06T04:30:00+09:00
0.024,0.63,0.97, 2026-08-06T04:30:00+09:00, 2026-08-06T05:00:00+09:00
0.044,1.16,0.97, 2026-08-06T05:00:00+09:00, 2026-08-06T05:30:00+09:00
0.111,2.93,0.97, 2026-08-06T05:30:00+09:00, 2026-08-06T06:00:00+09:00
0.029,0.77,0.97, 2026-08-06T06:00:00+09:00, 2026-08-06T06:30:00+09:00
0.025,0.66,0.97, 2026-08-06T06:30:00+09:00, 2026-08-06T07:00:00+09:00
0.063,1.66,0.97, 2026-08-06T07:00:00+09:00, 2026-08-06T07:30:00+09:00
0.654,17.28,0.97, 2026-08-06T07:30:00+09:00, 2026-08-06T08:00:00+09:00
0.931,24.59,0.97, 2026-08-06T08:00:00+09:00, 2026-08-06T08:30:00+09:00
0.065,1.72,0.97, 2026-08-06T08:30:00+09:00, 2026-08-06T09:00:00+09:00
0.068,1.8,0.97, 2026-08-06T09:00:00+09:00, 2026-08-06T09:30:00+09:00
0.023,0.61,0.97, 2026-08-06T09:30:00+09:00, 2026-08-06T10:00:00+09:00
0.035,0.92,0.97, 2026-08-06T10:00:00+09:00, 2026-08-06T10:30:00+09:00
0.064,1.69,0.97, 2026-08-06T10:30:00+09:00, 2026-08-06T11:00:00+09:00
0.032,0.85,0.97, 2026-08-06T11:00:00+09:00, 2026-08-06T11:30:00+09:00
0.017,0.45,0.97, 2026-08-06T11:30:00+09:00, 2026-08-06T12:00:00+09:00
0.05,1.32,0.97, 2026-08-06T12:00:00+09:00, 2026-08-06T12:30:00+09:00
0.046,1.22,0.97, 2026-08-06T12:30:00+09:00, 2026-08-06T13:00:00+09:00
0.017,0.45,0.97, 2026-08-06T13:00:00+09:00, 2026-08-06T13:30:00+09:00
0.03,0.79,0.97, 2026-08-06T13:30:00+09:00, 2026-08-06T14:00:00+09:00
0.053,1.4,0.97, 2026-08-06T14:00:00+09:00, 2026-08-06T14:30:00+09:00
0.029,0.77,0.97, 2026-08-06T14:30:00+09:00, 2026-08-06T15:00:00+09:00
0.022,0.58,0.97, 2026-08-06T15:00:00+09:00, 2026-08-06T15:30:00+09:00
0.059,1.56,0.97, 2026-08-06T15:30:00+09:00, 2026-08-06T16:00:00+09:00
0.047,1.24,0.97, 2026-08-06T16:00:00+09:00, 2026-08-06T16:30:00+09:00
0.027,0.71,0.97, 2026-08-06T16:30:00+09:00, 2026-08-06T17:00:00+09:00
0.066,1.74,0.97, 2026-08-06T17:00:00+09:00, 2026-08-06T17:30:00+09:00
0.059,1.56,0.97, 2026-08-06T17:30:00+09:00, 2026-08-06T18:00:00+09:00
0.027,0.71,0.97, 2026-08-06T18:00:00+09:00, 2026-08-06T18:30:00+09:00
0.191,5.05,0.97, 2026-08-06T18:30:00+09:00, 2026-08-06T19:00:00+09:00
0.07,1.85,0.97, 2026-08-06T19:00:00+09:00, 2026-08-06T19:30:00+09:00
0.033,0.87,0.97, 2026-08-06T19:30:00+09:00, 2026-08-06T20:00:00+09:00
0.045,1.19,0.97, 2026-08-06T20:00:00+09:00, 2026-08-06T20:30:00+09:00
0.065,1.72,0.97, 2026-08-06T20:30:00+09:00, 2026-08-06T21:00:00+09:00
0.033,0.87,0.97, 2026-08-06T21:00:00+09:00, 2026-08-06T21:30:00+09:00
0.025,0.66,0.97, 2026-08-06T21:30:00+09:00, 2026-08-06T22:00:00+09:00
0.062,1.64,0.97, 2026-08-06T22:00:00+09:00, 2026-08-06T22:30:00+09:00
0.044,1.16,0.97, 2026-08-06T22:30:00+09:00, 2026-08-06T23:00:00+09:00
0.058,1.53,0.97, 2026-08-06T23:00:00+09:00, 2026-08-06T23:30:00+09:00
0.058,1.53,0.97, 2026-08-06T23:30:00+09:00, 2026-08-07T00:00:00+09:00
0.066,1.74,0.97, 2026-08-07T00:00:00+09:00, 2026-08-07T00:30:00+09:00
0.032,0.85,0.97, 2026-08-07T00:30:00+09:00, 2026-08-07T01:00:00+09:00
0.038,1,0.97, 2026-08-07T01:00:00+09:00, 2026-08-07T01:30:00+09:00
0.061,1.61,0.97, 2026-08-07T01:30:00+09:00, 2026-08-07T02:00:00+09:00
0.036,0.95,0.97, 2026-08-07T02:00:00+09:00, 2026-08-07T02:30:00+09:00
0.037,0.98,0.97, 2026-08-07T02:30:00+09:00, 2026-08-07T03:00:00+09:00
0.096,2.54,0.97, 2026-08-07T03:00:00+09:00, 2026-08-07T03:30:00+09:00
0.05,1.32,0.97, 2026-08-07T03:30:00+09:00, 2026-08-07T04:00:00+09:00
0.026,0.69,0.97, 2026-08-07T04:00:00+09:00, 2026-08-07T04:30:00+09:00
0.075,1.98,0.97, 2026-08-07T04:30:00+09:00, 2026-08-07T05:00:00+09:00
0.081,2.14,0.97, 2026-08-07T05:00:00+09:00, 2026-08-07T05:30:00+09:00
0.093,2.46,0.97, 2026-08-07T05:30:00+09:00, 2026-08-07T06:00:00+09:00
0.034,0.9,0.97, 2026-08-07T06:00:00+09:00, 2026-08-07T06:30:00+09:00
0.664,17.54,0.97, 2026-08-07T06:30:00+09:00, 2026-08-07T07:00:00+09:00
1.005,26.55,0.97, 2026-08-07T07:00:00+09:00, 2026-08-07T07:30:00+09:00
0.036,0.95,0.97, 2026-08-07T07:30:00+09:00, 2026-08-07T08:00:00+09:00
0.058,1.53,0.97, 2026-08-07T08:00:00+09:00, 2026-08-07T08:30:00+09:00
0.043,1.14,0.97, 2026-08-07T08:30:00+09:00, 2026-08-07T09:00:00+09:00
0.017,0.45,0.97, 2026-08-07T09:00:00+09:00, 2026-08-07T09:30:00+09:00
0.033,0.87,0.97, 2026-08-07T09:30:00+09:00, 2026-08-07T10:00:00+09:00
0.053,1.4,0.97, 2026-08-07T10:00:00+09:00, 2026-08-07T10:30:00+09:00
0.019,0.5,0.97, 2026-08-07T10:30:00+09:00, 2026-08-07T11:00:00+09:00
0.019,0.5,0.97, 2026-08-07T11:00:00+09:00, 2026-08-07T11:30:00+09:00
0.055,1.45,0.97, 2026-08-07T11:30:00+09:00, 2026-08-07T12:00:00+09:00
0.035,0.92,0.97, 2026-08-07T12:00:00+09:00, 2026-08-07T12:30:00+09:00
0.017,0.45,0.97, 2026-08-07T12:30:00+09:00, 2026-08-07T13:00:00+09:00
0.04,1.06,0.97, 2026-08-07T13:00:00+09:00, 2026-08-07T13:30:00+09:00
0.049,1.29,0.97, 2026-08-07T13:30:00+09:00, 2026-08-07T14:00:00+09:00
1.396,36.88,0.97, 2026-08-07T14:00:00+09:00, 2026-08-07T14:30:00+09:00
0.086,2.27,0.97, 2026-08-07T14:30:00+09:00, 2026-08-07T15:00:00+09:00
0.053,1.4,0.97, 2026-08-07T15:00:00+09:00, 2026-08-07T15:30:00+09:00
0.023,0.61,0.97, 2026-08-07T15:30:00+09:00, 2026-08-07T16:00:00+09:00
0.025,0.66,0.97, 2026-08-07T16:00:00+09:00, 2026-08-07T16:30:00+09:00
0.06,1.58,0.97, 2026-08-07T16:30:00+09:00, 2026-08-07T17:00:00+09:00
0.045,1.19,0.97, 2026-08-07T17:00:00+09:00, 2026-08-07T17:30:00+09:00
0.024,0.63,0.97, 2026-08-07T17:30:00+09:00, 2026-08-07T18:00:00+09:00
0.05,1.32,0.97, 2026-08-07T18:00:00+09:00, 2026-08-07T18:30:00+09:00
0.082,2.17,0.97, 2026-08-07T18:30:00+09:00, 2026-08-07T19:00:00+09:00
0.036,0.95,0.97, 2026-08-07T19:00:00+09:00, 2026-08-07T19:30:00+09:00
0.036,0.95,0.97, 2026-08-07T19:30:00+09:00, 2026-08-07T20:00:00+09:00
0.074,1.95,0.97, 2026-08-07T20:00:00+09:00, 2026-08-07T20:30:00+09:00
0.06,1.58,0.97, 2026-08-07T20:30:00+09:00, 2026-08-07T21:00:00+09:00
0.031,0.82,0.97, 2026-08-07T21:00:00+09:00, 2026-08-07T21:30:00+09:00
0.048,1.27,0.97, 2026-08-07T21:30:00+09:00, 2026-08-07T22:00:00+09:00
0.059,1.56,0.97, 2026-08-07T22:00:00+09:00, 2026-08-07T22:30:00+09:00
0.031,0.82,0.97, 2026-08-07T22:30:00+09:00, 2026-08-07T23:00:00+09:00
0.057,1.51,0.97, 2026-08-07T23:00:00+09:00, 2026-08-07T23:30:00+09:00
0.114,3.01,0.97, 2026-08-07T23:30:00+09:00, 2026-08-08T00:00:00+09:00
0.045,1.19,0.97, 2026-08-08T00:00:00+09:00, 2026-08-08T00:30:00+09:00
0.024,0.63,0.97, 2026-08-08T00:30:00+09:00, 2026-08-08T01:00:00+09:00
0.065,1.72,0.97, 2026-08-08T01:00:00+09:00, 2026-08-08T01:30:00+09:00
0.065,1.72,0.97, 2026-08-08T01:30:00+09:00, 2026-08-08T02:00:00+09:00
0.027,0.71,0.97, 2026-08-08T02:00:00+09:00, 2026-08-08T02:30:00+09:00
0.042,1.11,0.97, 2026-08-08T02:30:00+09:00, 2026-08-08T03:00:00+09:00
0.081,2.14,0.97, 2026-08-08T03:00:00+09:00, 2026-08-08T03:30:00+09:00
0.042,1.11,0.97, 2026-08-08T03:30:00+09:00, 2026-08-08T04:00:00+09:00
0.035,0.92,0.97, 2026-08-08T04:00:00+09:00, 2026-08-08T04:30:00+09:00
0.063,1.66,0.97, 2026-08-08T04:30:00+09:00, 2026-08-08T05:00:00+09:00
0.484,12.79,0.97, 2026-08-08T05:00:00+09:00, 2026-08-08T05:30:00+09:00
1.126,29.75,0.97, 2026-08-08T05:30:00+09:00, 2026-08-08T06:00:00+09:00
0.045,1.19,0.97, 2026-08-08T06:00:00+09:00, 2026-08-08T06:30:00+09:00
0.06,1.58,0.97, 2026-08-08T06:30:00+09:00, 2026-08-08T07:00:00+09:00
0.024,0.63,0.97, 2026-08-08T07:00:00+09:00, 2026-08-08T07:30:00+09:00
0.05,1.32,0.97, 2026-08-08T07:30:00+09:00, 2026-08-08T08:00:00+09:00
0.09,2.38,0.97, 2026-08-08T08:00:00+09:00, 2026-08-08T08:30:00+09:00
0.028,0.74,0.97, 2026-08-08T08:30:00+09:00, 2026-08-08T09:00:00+09:00
0.016,0.42,0.97, 2026-08-08T09:00:00+09:00, 2026-08-08T09:30:00+09:00
0.049,1.29,0.97, 2026-08-08T09:30:00+09:00, 2026-08-08T10:00:00+09:00
0.042,1.11,0.97, 2026-08-08T10:00:00+09:00, 2026-08-08T10:30:00+09:00
0.016,0.42,0.97, 2026-08-08T10:30:00+09:00, 2026-08-08T11:00:00+09:00
0.033,0.87,0.97, 2026-08-08T11:00:00+09:00, 2026-08-08T11:30:00+09:00
0.053,1.4,0.97, 2026-08-08T11:30:00+09:00, 2026-08-08T12:00:00+09:00
0.02,0.53,0.97, 2026-08-08T12:00:00+09:00, 2026-08-08T12:30:00+09:00
0.018,0.48,0.97, 2026-08-08T12:30:00+09:00, 2026-08-08T13:00:00+09:00
0.055,1.45,0.97, 2026-08-08T13:00:00+09:00, 2026-08-08T13:30:00+09:00
0.032,0.85,0.97, 2026-08-08T13:30:00+09:00, 2026-08-08T14:00:00+09:00
0.016,0.42,0.97, 2026-08-08T14:00:00+09:00, 2026-08-08T14:30:00+09:00
0.043,1.14,0.97, 2026-08-08T14:30:00+09:00, 2026-08-08T15:00:00+09:00
0.045,1.19,0.97, 2026-08-08T15:00:00+09:00, 2026-08-08T15:30:00+09:00
0.021,0.55,0.97, 2026-08-08T15:30:00+09:00, 2026-08-08T16:00:00+09:00
0.04,1.06,0.97, 2026-08-08T16:00:00+09:00, 2026-08-08T16:30:00+09:00
0.065,1.72,0.97, 2026-08-08T16:30:00+09:00, 2026-08-08T17:00:00+09:00
0.046,1.22,0.97, 2026-08-08T17:00:00+09:00, 2026-08-08T17:30:00+09:00
0.032,0.85,0.97, 2026-08-08T17:30:00+09:00, 2026-08-08T18:00:00+09:00
0.671,17.73,0.97, 2026-08-08T18:00:00+09:00, 2026-08-08T18:30:00+09:00
1.159,30.62,0.97, 2026-08-08T18:30:00+09:00, 2026-08-08T19:00:00+09:00
0.033,0.87,0.97, 2026-08-08T19:00:00+09:00, 2026-08-08T19:30:00+09:00
0.051,1.35,0.97, 2026-08-08T19:30:00+09:00, 2026-08-08T20:00:00+09:00
0.084,2.22,0.97, 2026-08-08T20:00:00+09:00, 2026-08-08T20:30:00+09:00
0.041,1.08,0.97, 2026-08-08T20:30:00+09:00, 2026-08-08T21:00:00+09:00
0.024,0.63,0.97, 2026-08-08T21:00:00+09:00, 2026-08-08T21:30:00+09:00
0.053,1.4,0.97, 2026-08-08T21:30:00+09:00, 2026-08-08T22:00:00+09:00
0.059,1.56,0.97, 2026-08-08T22:00:00+09:00, 2026-08-08T22:30:00+09:00
0.026,0.69,0.97, 2026-08-08T22:30:00+09:00, 2026-08-08T23:00:00+09:00
0.035,0.92,0.97, 2026-08-08T23:00:00+09:00, 2026-08-08T23:30:00+09:00
0.06,1.58,0.97, 2026-08-08T23:30:00+09:00, 2026-08-09T00:00:00+09:00
0.037,0.98,0.97, 2026-08-09T00:00:00+09:00, 2026-08-09T00:30:00+09:00
0.043,1.14,0.97, 2026-08-09T00:30:00+09:00, 2026-08-09T01:00:00+09:00
0.274,7.24,0.97, 2026-08-09T01:00:00+09:00, 2026-08-09T01:30:00+09:00
0.322,8.51,0.97, 2026-08-09T01:30:00+09:00, 2026-08-09T02:00:00+09:00
0.036,0.95,0.97, 2026-08-09T02:00:00+09:00, 2026-08-09T02:30:00+09:00
0.035,0.92,0.97, 2026-08-09T02:30:00+09:00, 2026-08-09T03:00:00+09:00
0.077,2.03,0.97, 2026-08-09T03:00:00+09:00, 2026-08-09T03:30:00+09:00
0.058,1.53,0.97, 2026-08-09T03:30:00+09:00, 2026-08-09T04:00:00+09:00
0.038,1,0.97, 2026-08-09T04:00:00+09:00, 2026-08-09T04:30:00+09:00
1.144,30.22,0.97, 2026-08-09T04:30:00+09:00, 2026-08-09T05:00:00+09:00
0.432,11.41,0.97, 2026-08-09T05:00:00+09:00, 2026-08-09T05:30:00+09:00
0.08,2.11,0.97, 2026-08-09T05:30:00+09:00, 2026-08-09T06:00:00+09:00
0.146,3.86,0.97, 2026-08-09T06:00:00+09:00, 2026-08-09T06:30:00+09:00
0.076,2.01,0.97, 2026-08-09T06:30:00+09:00, 2026-08-09T07:00:00+09:00
0.055,1.45,0.97, 2026-08-09T07:00:00+09:00, 2026-08-09T07:30:00+09:00
0.035,0.92,0.97, 2026-08-09T07:30:00+09:00, 2026-08-09T08:00:00+09:00
0.062,1.64,0.97, 2026-08-09T08:00:00+09:00, 2026-08-09T08:30:00+09:00
0.054,1.43,0.97, 2026-08-09T08:30:00+09:00, 2026-08-09T09:00:00+09:00
0.017,0.45,0.97, 2026-08-09T09:00:00+09:00, 2026-08-09T09:30:00+09:00
0.027,0.71,0.97, 2026-08-09T09:30:00+09:00, 2026-08-09T10:00:00+09:00
0.053,1.4,0.97, 2026-08-09T10:00:00+09:00, 2026-08-09T10:30:00+09:00
0.032,0.85,0.97, 2026-08-09T10:30:00+09:00, 2026-08-09T11:00:00+09:00
0.017,0.45,0.97, 2026-08-09T11:00:00+09:00, 2026-08-09T11:30:00+09:00
0.044,1.16,0.97, 2026-08-09T11:30:00+09:00, 2026-08-09T12:00:00+09:00
0.048,1.27,0.97, 2026-08-09T12:00:00+09:00, 2026-08-09T12:30:00+09:00
0.016,0.42,0.97, 2026-08-09T12:30:00+09:00, 2026-08-09T13:00:00+09:00
0.026,0.69,0.97, 2026-08-09T13:00:00+09:00, 2026-08-09T13:30:00+09:00
0.054,1.43,0.97, 2026-08-09T13:30:00+09:00, 2026-08-09T14:00:00+09:00
0.026,0.69,0.97, 2026-08-09T14:00:00+09:00, 2026-08-09T14:30:00+09:00
0.016,0.42,0.97, 2026-08-09T14:30:00+09:00, 2026-08-09T15:00:00+09:00
0.054,1.43,0.97, 2026-08-09T15:00:00+09:00, 2026-08-09T15:30:00+09:00
0.036,0.95,0.97, 2026-08-09T15:30:00+09:00, 2026-08-09T16:00:00+09:00
0.097,2.56,0.97, 2026-08-09T16:00:00+09:00, 2026-08-09T16:30:00+09:00
0.079,2.09,0.97, 2026-08-09T16:30:00+09:00, 2026-08-09T17:00:00+09:00
0.102,2.69,0.97, 2026-08-09T17:00:00+09:00, 2026-08-09T17:30:00+09:00
0.041,1.08,0.97, 2026-08-09T17:30:00+09:00, 2026-08-09T18:00:00+09:00
0.036,0.95,0.97, 2026-08-09T18:00:00+09:00, 2026-08-09T18:30:00+09:00
0.072,1.9,0.97, 2026-08-09T18:30:00+09:00, 2026-08-09T19:00:00+09:00
0.043,1.14,0.97, 2026-08-09T19:00:00+09:00, 2026-08-09T19:30:00+09:00
0.031,0.82,0.97, 2026-08-09T19:30:00+09:00, 2026-08-09T20:00:00+09:00
0.058,1.53,0.97, 2026-08-09T20:00:00+09:00, 2026-08-09T20:30:00+09:00
0.059,1.56,0.97, 2026-08-09T20:30:00+09:00, 2026-08-09T21:00:00+09:00
0.026,0.69,0.97, 2026-08-09T21:00:00+09:00, 2026-08-09T21:30:00+09:00
0.057,1.51,0.97, 2026-08-09T21:30:00+09:00, 2026-08-09T22:00:00+09:00
0.049,1.29,0.97, 2026-08-09T22:00:00+09:00, 2026-08-09T22:30:00+09:00
0.023,0.61,0.97, 2026-08-09T22:30:00+09:00, 2026-08-09T23:00:00+09:00
0.038,1,0.97, 2026-08-09T23:00:00+09:00, 2026-08-09T23:30:00+09:00
0.06,1.58,0.97, 2026-08-09T23:30:00+09:00, 2026-08-10T00:00:00+09:00
0.031,0.82,0.97, 2026-08-10T00:00:00+09:00, 2026-08-10T00:30:00+09:00
0.026,0.69,0.97, 2026-08-10T00:30:00+09:00, 2026-08-10T01:00:00+09:00
0.065,1.72,0.97, 2026-08-10T01:00:00+09:00, 2026-08-10T01:30:00+09:00
0.079,2.09,0.97, 2026-08-10T01:30:00+09:00, 2026-08-10T02:00:00+09:00
0.143,3.78,0.97, 2026-08-10T02:00:00+09:00, 2026-08-10T02:30:00+09:00
0.041,1.08,0.97, 2026-08-10T02:30:00+09:00, 2026-08-10T03:00:00+09:00
0.062,1.64,0.97, 2026-08-10T03:00:00+09:00, 2026-08-10T03:30:00+09:00
0.045,1.19,0.97, 2026-08-10T03:30:00+09:00, 2026-08-10T04:00:00+09:00
1.091,28.82,0.97, 2026-08-10T04:00:00+09:00, 2026-08-10T04:30:00+09:00
1.255,33.15,0.97, 2026-08-10T04:30:00+09:00, 2026-08-10T05:00:00+09:00
0.691,18.25,0.97, 2026-08-10T05:00:00+09:00, 2026-08-10T05:30:00+09:00
0.094,2.48,0.97, 2026-08-10T05:30:00+09:00, 2026-08-10T06:00:00+09:00
0.078,2.06,0.97, 2026-08-10T06:00:00+09:00, 2026-08-10T06:30:00+09:00
0.368,9.72,0.97, 2026-08-10T06:30:00+09:00, 2026-08-10T07:00:00+09:00
0.147,3.88,0.97, 2026-08-10T07:00:00+09:00, 2026-08-10T07:30:00+09:00
0.049,1.29,0.97, 2026-08-10T07:30:00+09:00, 2026-08-10T08:00:00+09:00
0.066,1.74,0.97, 2026-08-10T08:00:00+09:00, 2026-08-10T08:30:00+09:00
0.052,1.37,0.97, 2026-08-10T08:30:00+09:00, 2026-08-10T09:00:00+09:00
0.019,0.5,0.97, 2026-08-10T09:00:00+09:00, 2026-08-10T09:30:00+09:00
0.036,0.95,0.97, 2026-08-10T09:30:00+09:00, 2026-08-10T10:00:00+09:00
0.052,1.37,0.97, 2026-08-10T10:00:00+09:00, 2026-08-10T10:30:00+09:00
0.035,0.92,0.97, 2026-08-10T10:30:00+09:00, 2026-08-10T11:00:00+09:00
0.017,0.45,0.97, 2026-08-10T11:00:00+09:00, 2026-08-10T11:30:00+09:00
0.05,1.32,0.97, 2026-08-10T11:30:00+09:00, 2026-08-10T12:00:00+09:00
0.051,1.35,0.97, 2026-08-10T12:00:00+09:00, 2026-08-10T12:30:00+09:00
0.017,0.45,0.97, 2026-08-10T12:30:00+09:00, 2026-08-10T13:00:00+09:00
0.033,0.87,0.97, 2026-08-10T13:00:00+09:00, 2026-08-10T13:30:00+09:00
0.053,1.4,0.97, 2026-08-10T13:30:00+09:00, 2026-08-10T14:00:00+09:00
0.028,0.74,0.97, 2026-08-10T14:00:00+09:00, 2026-08-10T14:30:00+09:00
0.017,0.45,0.97, 2026-08-10T14:30:00+09:00, 2026-08-10T15:00:00+09:00
0.055,1.45,0.97, 2026-08-10T15:00:00+09:00, 2026-08-10T15:30:00+09:00
0.04,1.06,0.97, 2026-08-10T15:30:00+09:00, 2026-08-10T16:00:00+09:00
0.026,0.69,0.97, 2026-08-10T16:00:00+09:00, 2026-08-10T16:30:00+09:00
0.055,1.45,0.97, 2026-08-10T16:30:00+09:00, 2026-08-10T17:00:00+09:00
0.07,1.85,0.97, 2026-08-10T17:00:00+09:00, 2026-08-10T17:30:00+09:00
0.032,0.85,0.97, 2026-08-10T17:30:00+09:00, 2026-08-10T18:00:00+09:00
0.025,0.66,0.97, 2026-08-10T18:00:00+09:00, 2026-08-10T18:30:00+09:00
0.058,1.53,0.97, 2026-08-10T18:30:00+09:00, 2026-08-10T19:00:00+09:00
0.052,1.37,0.97, 2026-08-10T19:00:00+09:00, 2026-08-10T19:30:00+09:00
0.036,0.95,0.97, 2026-08-10T19:30:00+09:00, 2026-08-10T20:00:00+09:00
0.082,2.17,0.97, 2026-08-10T20:00:00+09:00, 2026-08-10T20:30:00+09:00
0.052,1.37,0.97, 2026-08-10T20:30:00+09:00, 2026-08-10T21:00:00+09:00
0.025,0.66,0.97, 2026-08-10T21:00:00+09:00, 2026-08-10T21:30:00+09:00
0.044,1.16,0.97, 2026-08-10T21:30:00+09:00, 2026-08-10T22:00:00+09:00
0.061,1.61,0.97, 2026-08-10T22:00:00+09:00, 2026-08-10T22:30:00+09:00
0.028,0.74,0.97, 2026-08-10T22:30:00+09:00, 2026-08-10T23:00:00+09:00
0.025,0.66,0.97, 2026-08-10T23:00:00+09:00, 2026-08-10T23:30:00+09:00
0.156,4.12,0.97, 2026-08-10T23:30:00+09:00, 2026-08-11T00:00:00+09:00
0.082,2.17,0.97, 2026-08-11T00:00:00+09:00, 2026-08-11T00:30:00+09:00
0.072,1.9,0.97, 2026-08-11T00:30:00+09:00, 2026-08-11T01:00:00+09:00
0.053,1.4,0.97, 2026-08-11T01:00:00+09:00, 2026-08-11T01:30:00+09:00
0.069,1.82,0.97, 2026-08-11T01:30:00+09:00, 2026-08-11T02:00:00+09:00
0.045,1.19,0.97, 2026-08-11T02:00:00+09:00, 2026-08-11T02:30:00+09:00
0.033,0.87,0.97, 2026-08-11T02:30:00+09:00, 2026-08-11T03:00:00+09:00
0.062,1.64,0.97, 2026-08-11T03:00:00+09:00, 2026-08-11T03:30:00+09:00
0.056,1.48,0.97, 2026-08-11T03:30:00+09:00, 2026-08-11T04:00:00+09:00
1.305,34.47,0.97, 2026-08-11T04:00:00+09:00, 2026-08-11T04:30:00+09:00
0.209,5.52,0.97, 2026-08-11T04:30:00+09:00, 2026-08-11T05:00:00+09:00
0.062,1.64,0.97, 2026-08-11T05:00:00+09:00, 2026-08-11T05:30:00+09:00
0.21,5.55,0.97, 2026-08-11T05:30:00+09:00, 2026-08-11T06:00:00+09:00
0.046,1.22,0.97, 2026-08-11T06:00:00+09:00, 2026-08-11T06:30:00+09:00
0.064,1.69,0.97, 2026-08-11T06:30:00+09:00, 2026-08-11T07:00:00+09:00
0.074,1.95,0.97, 2026-08-11T07:00:00+09:00, 2026-08-11T07:30:00+09:00
0.038,1,0.97, 2026-08-11T07:30:00+09:00, 2026-08-11T08:00:00+09:00
0.043,1.14,0.97, 2026-08-11T08:00:00+09:00, 2026-08-11T08:30:00+09:00
0.055,1.45,0.97, 2026-08-11T08:30:00+09:00, 2026-08-11T09:00:00+09:00
0.02,0.53,0.97, 2026-08-11T09:00:00+09:00, 2026-08-11T09:30:00+09:00
0.03,0.79,0.97, 2026-08-11T09:30:00+09:00, 2026-08-11T10:00:00+09:00
0.056,1.48,0.97, 2026-08-11T10:00:00+09:00, 2026-08-11T10:30:00+09:00
0.032,0.85,0.97, 2026-08-11T10:30:00+09:00, 2026-08-11T11:00:00+09:00
0.017,0.45,0.97, 2026-08-11T11:00:00+09:00, 2026-08-11T11:30:00+09:00
0.04,1.06,0.97, 2026-08-11T11:30:00+09:00, 2026-08-11T12:00:00+09:00
0.051,1.35,0.97, 2026-08-11T12:00:00+09:00, 2026-08-11T12:30:00+09:00
0.016,0.42,0.97, 2026-08-11T12:30:00+09:00, 2026-08-11T13:00:00+09:00
0.021,0.55,0.97, 2026-08-11T13:00:00+09:00, 2026-08-11T13:30:00+09:00
0.054,1.43,0.97, 2026-08-11T13:30:00+09:00, 2026-08-11T14:00:00+09:00
0.035,0.92,0.97, 2026-08-11T14:00:00+09:00, 2026-08-11T14:30:00+09:00
0.017,0.45,0.97, 2026-08-11T14:30:00+09:00, 2026-08-11T15:00:00+09:00
0.036,0.95,0.97, 2026-08-11T15:00:00+09:00, 2026-08-11T15:30:00+09:00
0.054,1.43,0.97, 2026-08-11T15:30:00+09:00, 2026-08-11T16:00:00+09:00
0.026,0.69,0.97, 2026-08-11T16:00:00+09:00, 2026-08-11T16:30:00+09:00
0.031,0.82,0.97, 2026-08-11T16:30:00+09:00, 2026-08-11T17:00:00+09:00
0.069,1.82,0.97, 2026-08-11T17:00:00+09:00, 2026-08-11T17:30:00+09:00
0.382,10.09,0.97, 2026-08-11T17:30:00+09:00, 2026-08-11T18:00:00+09:00
1.158,30.59,0.97, 2026-08-11T18:00:00+09:00, 2026-08-11T18:30:00+09:00
0.04,1.06,0.97, 2026-08-11T18:30:00+09:00, 2026-08-11T19:00:00+09:00
0.122,3.22,0.97, 2026-08-11T19:00:00+09:00, 2026-08-11T19:30:00+09:00
0.038,1,0.97, 2026-08-11T19:30:00+09:00, 2026-08-11T20:00:00+09:00
0.051,1.35,0.97, 2026-08-11T20:00:00+09:00, 2026-08-11T20:30:00+09:00
0.066,1.74,0.97, 2026-08-11T20:30:00+09:00, 2026-08-11T21:00:00+09:00
0.048,1.27,0.97, 2026-08-11T21:00:00+09:00, 2026-08-11T21:30:00+09:00
0.025,0.66,0.97, 2026-08-11T21:30:00+09:00, 2026-08-11T22:00:00+09:00
0.042,1.11,0.97, 2026-08-11T22:00:00+09:00, 2026-08-11T22:30:00+09:00
0.066,1.74,0.97, 2026-08-11T22:30:00+09:00, 2026-08-11T23:00:00+09:00
0.044,1.16,0.97, 2026-08-11T23:00:00+09:00, 2026-08-11T23:30:00+09:00
0.121,3.2,0.97, 2026-08-11T23:30:00+09:00, 2026-08-12T00:00:00+09:00
0.142,3.75,0.97, 2026-08-12T00:00:00+09:00, 2026-08-12T00:30:00+09:00
0.228,6.02,0.97, 2026-08-12T00:30:00+09:00, 2026-08-12T01:00:00+09:00
0.049,1.29,0.97, 2026-08-12T01:00:00+09:00, 2026-08-12T01:30:00+09:00
0.03,0.79,0.97, 2026-08-12T01:30:00+09:00, 2026-08-12T02:00:00+09:00
0.044,1.16,0.97, 2026-08-12T02:00:00+09:00, 2026-08-12T02:30:00+09:00
0.075,1.98,0.97, 2026-08-12T02:30:00+09:00, 2026-08-12T03:00:00+09:00
0.047,1.24,0.97, 2026-08-12T03:00:00+09:00, 2026-08-12T03:30:00+09:00
0.032,0.85,0.97, 2026-08-12T03:30:00+09:00, 2026-08-12T04:00:00+09:00
0.079,2.09,0.97, 2026-08-12T04:00:00+09:00, 2026-08-12T04:30:00+09:00
0.084,2.22,0.97, 2026-08-12T04:30:00+09:00, 2026-08-12T05:00:00+09:00
0.025,0.66,0.97, 2026-08-12T05:00:00+09:00, 2026-08-12T05:30:00+09:00
0.094,2.48,0.97, 2026-08-12T05:30:00+09:00, 2026-08-12T06:00:00+09:00
0.215,5.68,0.97, 2026-08-12T06:00:00+09:00, 2026-08-12T06:30:00+09:00
0.057,1.51,0.97, 2026-08-12T06:30:00+09:00, 2026-08-12T07:00:00+09:00
0.037,0.98,0.97, 2026-08-12T07:00:00+09:00, 2026-08-12T07:30:00+09:00
0.055,1.45,0.97, 2026-08-12T07:30:00+09:00, 2026-08-12T08:00:00+09:00
0.046,1.22,0.97, 2026-08-12T08:00:00+09:00, 2026-08-12T08:30:00+09:00
0.017,0.45,0.97, 2026-08-12T08:30:00+09:00, 2026-08-12T09:00:00+09:00
0.031,0.82,0.97, 2026-08-12T09:00:00+09:00, 2026-08-12T09:30:00+09:00
0.056,1.48,0.97, 2026-08-12T09:30:00+09:00, 2026-08-12T10:00:00+09:00
0.034,0.9,0.97, 2026-08-12T10:00:00+09:00, 2026-08-12T10:30:00+09:00
0.017,0.45,0.97, 2026-08-12T10:30:00+09:00, 2026-08-12T11:00:00+09:00
0.041,1.08,0.97, 2026-08-12T11:00:00+09:00, 2026-08-12T11:30:00+09:00
0.056,1.48,0.97, 2026-08-12T11:30:00+09:00, 2026-08-12T12:00:00+09:00
0.017,0.45,0.97, 2026-08-12T12:00:00+09:00, 2026-08-12T12:30:00+09:00
0.02,0.53,0.97, 2026-08-12T12:30:00+09:00, 2026-08-12T13:00:00+09:00
0.055,1.45,0.97, 2026-08-12T13:00:00+09:00, 2026-08-12T13:30:00+09:00
0.033,0.87,0.97, 2026-08-12T13:30:00+09:00, 2026-08-12T14:00:00+09:00
0.036,0.95,0.97, 2026-08-12T14:00:00+09:00, 2026-08-12T14:30:00+09:00
0.053,1.4,0.97, 2026-08-12T14:30:00+09:00, 2026-08-12T15:00:00+09:00
0.038,1,0.97, 2026-08-12T15:00:00+09:00, 2026-08-12T15:30:00+09:00
0.017,0.45,0.97, 2026-08-12T15:30:00+09:00, 2026-08-12T16:00:00+09:00
0.039,1.03,0.97, 2026-08-12T16:00:00+09:00, 2026-08-12T16:30:00+09:00
0.06,1.58,0.97, 2026-08-12T16:30:00+09:00, 2026-08-12T17:00:00+09:00
0.03,0.79,0.97, 2026-08-12T17:00:00+09:00, 2026-08-12T17:30:00+09:00
0.024,0.63,0.97, 2026-08-12T17:30:00+09:00, 2026-08-12T18:00:00+09:00
0.055,1.45,0.97, 2026-08-12T18:00:00+09:00, 2026-08-12T18:30:00+09:00
0.05,1.32,0.97, 2026-08-12T18:30:00+09:00, 2026-08-12T19:00:00+09:00
0.023,0.61,0.97, 2026-08-12T19:00:00+09:00, 2026-08-12T19:30:00+09:00
0.032,0.85,0.97, 2026-08-12T19:30:00+09:00, 2026-08-12T20:00:00+09:00
0.059,1.56,0.97, 2026-08-12T20:00:00+09:00, 2026-08-12T20:30:00+09:00
0.033,0.87,0.97, 2026-08-12T20:30:00+09:00, 2026-08-12T21:00:00+09:00
0.023,0.61,0.97, 2026-08-12T21:00:00+09:00, 2026-08-12T21:30:00+09:00
0.049,1.29,0.97, 2026-08-12T21:30:00+09:00, 2026-08-12T22:00:00+09:00
0.053,1.4,0.97, 2026-08-12T22:00:00+09:00, 2026-08-12T22:30:00+09:00
0.022,0.58,0.97, 2026-08-12T22:30:00+09:00, 2026-08-12T23:00:00+09:00
0.029,0.77,0.97, 2026-08-12T23:00:00+09:00, 2026-08-12T23:30:00+09:00
0.06,1.58,0.97, 2026-08-12T23:30:00+09:00, 2026-08-13T00:00:00+09:00
0.037,0.98,0.97, 2026-08-13T00:00:00+09:00, 2026-08-13T00:30:00+09:00
0.022,0.58,0.97, 2026-08-13T00:30:00+09:00, 2026-08-13T01:00:00+09:00
0.046,1.22,0.97, 2026-08-13T01:00:00+09:00, 2026-08-13T01:30:00+09:00
0.058,1.53,0.97, 2026-08-13T01:30:00+09:00, 2026-08-13T02:00:00+09:00
0.022,0.58,0.97, 2026-08-13T02:00:00+09:00, 2026-08-13T02:30:00+09:00
0.023,0.61,0.97, 2026-08-13T02:30:00+09:00, 2026-08-13T03:00:00+09:00
0.061,1.61,0.97, 2026-08-13T03:00:00+09:00, 2026-08-13T03:30:00+09:00
0.041,1.08,0.97, 2026-08-13T03:30:00+09:00, 2026-08-13T04:00:00+09:00
0.023,0.61,0.97, 2026-08-13T04:00:00+09:00, 2026-08-13T04:30:00+09:00
0.042,1.11,0.97, 2026-08-13T04:30:00+09:00, 2026-08-13T05:00:00+09:00
0.059,1.56,0.97, 2026-08-13T05:00:00+09:00, 2026-08-13T05:30:00+09:00
0.025,0.66,0.97, 2026-08-13T05:30:00+09:00, 2026-08-13T06:00:00+09:00
0.023,0.61,0.97, 2026-08-13T06:00:00+09:00, 2026-08-13T06:30:00+09:00
0.058,1.53,0.97, 2026-08-13T06:30:00+09:00, 2026-08-13T07:00:00+09:00
0.044,1.16,0.97, 2026-08-13T07:00:00+09:00, 2026-08-13T07:30:00+09:00
0.021,0.55,0.97, 2026-08-13T07:30:00+09:00, 2026-08-13T08:00:00+09:00
0.031,0.82,0.97, 2026-08-13T08:00:00+09:00, 2026-08-13T08:30:00+09:00
0.052,1.37,0.97, 2026-08-13T08:30:00+09:00, 2026-08-13T09:00:00+09:00
0.021,0.55,0.97, 2026-08-13T09:00:00+09:00, 2026-08-13T09:30:00+09:00
0.016,0.42,0.97, 2026-08-13T09:30:00+09:00, 2026-08-13T10:00:00+09:00
0.049,1.29,0.97, 2026-08-13T10:00:00+09:00, 2026-08-13T10:30:00+09:00
0.04,1.06,0.97, 2026-08-13T10:30:00+09:00, 2026-08-13T11:00:00+09:00
0.016,0.42,0.97, 2026-08-13T11:00:00+09:00, 2026-08-13T11:30:00+09:00
0.029,0.77,0.97, 2026-08-13T11:30:00+09:00, 2026-08-13T12:00:00+09:00
0.053,1.4,0.97, 2026-08-13T12:00:00+09:00, 2026-08-13T12:30:00+09:00
0.022,0.58,0.97, 2026-08-13T12:30:00+09:00, 2026-08-13T13:00:00+09:00
0.016,0.42,0.97, 2026-08-13T13:00:00+09:00, 2026-08-13T13:30:00+09:00
0.048,1.27,0.97, 2026-08-13T13:30:00+09:00, 2026-08-13T14:00:00+09:00
0.042,1.11,0.97, 2026-08-13T14:00:00+09:00, 2026-08-13T14:30:00+09:00
0.016,0.42,0.97, 2026-08-13T14:30:00+09:00, 2026-08-13T15:00:00+09:00
0.026,0.69,0.97, 2026-08-13T15:00:00+09:00, 2026-08-13T15:30:00+09:00
0.053,1.4,0.97, 2026-08-13T15:30:00+09:00, 2026-08-13T16:00:00+09:00
0.034,0.9,0.97, 2026-08-13T16:00:00+09:00, 2026-08-13T16:30:00+09:00
0.024,0.63,0.97, 2026-08-13T16:30:00+09:00, 2026-08-13T17:00:00+09:00
0.051,1.35,0.97, 2026-08-13T17:00:00+09:00, 2026-08-13T17:30:00+09:00
0.054,1.43,0.97, 2026-08-13T17:30:00+09:00, 2026-08-13T18:00:00+09:00
0.023,0.61,0.97, 2026-08-13T18:00:00+09:00, 2026-08-13T18:30:00+09:00
0.029,0.77,0.97, 2026-08-13T18:30:00+09:00, 2026-08-13T19:00:00+09:00
0.06,1.58,0.97, 2026-08-13T19:00:00+09:00, 2026-08-13T19:30:00+09:00
0.036,0.95,0.97, 2026-08-13T19:30:00+09:00, 2026-08-13T20:00:00+09:00
0.023,0.61,0.97, 2026-08-13T20:00:00+09:00, 2026-08-13T20:30:00+09:00
0.046,1.22,0.97, 2026-08-13T20:30:00+09:00, 2026-08-13T21:00:00+09:00
0.057,1.51,0.97, 2026-08-13T21:00:00+09:00, 2026-08-13T21:30:00+09:00
0.023,0.61,0.97, 2026-08-13T21:30:00+09:00, 2026-08-13T22:00:00+09:00
0.024,0.63,0.97, 2026-08-13T22:00:00+09:00, 2026-08-13T22:30:00+09:00
0.061,1.61,0.97, 2026-08-13T22:30:00+09:00, 2026-08-13T23:00:00+09:00
0.042,1.11,0.97, 2026-08-13T23:00:00+09:00, 2026-08-13T23:30:00+09:00
0.023,0.61,0.97, 2026-08-13T23:30:00+09:00, 2026-08-14T00:00:00+09:00
0.041,1.08,0.97, 2026-08-14T00:00:00+09:00, 2026-08-14T00:30:00+09:00
0.059,1.56,0.97, 2026-08-14T00:30:00+09:00, 2026-08-14T01:00:00+09:00
0.026,0.69,0.97, 2026-08-14T01:00:00+09:00, 2026-08-14T01:30:00+09:00
0.022,0.58,0.97, 2026-08-14T01:30:00+09:00, 2026-08-14T02:00:00+09:00
0.059,1.56,0.97, 2026-08-14T02:00:00+09:00, 2026-08-14T02:30:00+09:00
0.045,1.19,0.97, 2026-08-14T02:30:00+09:00, 2026-08-14T03:00:00+09:00
0.023,0.61,0.97, 2026-08-14T03:00:00+09:00, 2026-08-14T03:30:00+09:00
0.039,1.03,0.97, 2026-08-14T03:30:00+09:00, 2026-08-14T04:00:00+09:00
0.059,1.56,0.97, 2026-08-14T04:00:00+09:00, 2026-08-14T04:30:00+09:00
0.029,0.77,0.97, 2026-08-14T04:30:00+09:00, 2026-08-14T05:00:00+09:00
0.022,0.58,0.97, 2026-08-14T05:00:00+09:00, 2026-08-14T05:30:00+09:00
0.056,1.48,0.97, 2026-08-14T05:30:00+09:00, 2026-08-14T06:00:00+09:00
0.049,1.29,0.97, 2026-08-14T06:00:00+09:00, 2026-08-14T06:30:00+09:00
0.022,0.58,0.97, 2026-08-14T06:30:00+09:00, 2026-08-14T07:00:00+09:00
0.035,0.92,0.97, 2026-08-14T07:00:00+09:00, 2026-08-14T07:30:00+09:00
0.058,1.53,0.97, 2026-08-14T07:30:00+09:00, 2026-08-14T08:00:00+09:00
0.025,0.66,0.97, 2026-08-14T08:00:00+09:00, 2026-08-14T08:30:00+09:00
0.014,0.37,0.97, 2026-08-14T08:30:00+09:00, 2026-08-14T09:00:00+09:00
0.045,1.19,0.97, 2026-08-14T09:00:00+09:00, 2026-08-14T09:30:00+09:00
0.044,1.16,0.97, 2026-08-14T09:30:00+09:00, 2026-08-14T10:00:00+09:00
0.015,0.4,0.97, 2026-08-14T10:00:00+09:00, 2026-08-14T10:30:00+09:00
0.027,0.71,0.97, 2026-08-14T10:30:00+09:00, 2026-08-14T11:00:00+09:00
0.053,1.4,0.97, 2026-08-14T11:00:00+09:00, 2026-08-14T11:30:00+09:00
0.027,0.71,0.97, 2026-08-14T11:30:00+09:00, 2026-08-14T12:00:00+09:00
0.016,0.42,0.97, 2026-08-14T12:00:00+09:00, 2026-08-14T12:30:00+09:00
0.044,1.16,0.97, 2026-08-14T12:30:00+09:00, 2026-08-14T13:00:00+09:00
0.046,1.22,0.97, 2026-08-14T13:00:00+09:00, 2026-08-14T13:30:00+09:00
0.016,0.42,0.97, 2026-08-14T13:30:00+09:00, 2026-08-14T14:00:00+09:00
0.025,0.66,0.97, 2026-08-14T14:00:00+09:00, 2026-08-14T14:30:00+09:00
0.053,1.4,0.97, 2026-08-14T14:30:00+09:00, 2026-08-14T15:00:00+09:00
0.028,0.74,0.97, 2026-08-14T15:00:00+09:00, 2026-08-14T15:30:00+09:00
0.017,0.45,0.97, 2026-08-14T15:30:00+09:00, 2026-08-14T16:00:00+09:00
0.052,1.37,0.97, 2026-08-14T16:00:00+09:00, 2026-08-14T16:30:00+09:00
0.055,1.45,0.97, 2026-08-14T16:30:00+09:00, 2026-08-14T17:00:00+09:00
0.023,0.61,0.97, 2026-08-14T17:00:00+09:00, 2026-08-14T17:30:00+09:00
0.031,0.82,0.97, 2026-08-14T17:30:00+09:00, 2026-08-14T18:00:00+09:00
0.061,1.61,0.97, 2026-08-14T18:00:00+09:00, 2026-08-14T18:30:00+09:00
0.037,0.98,0.97, 2026-08-14T18:30:00+09:00, 2026-08-14T19:00:00+09:00
0.023,0.61,0.97, 2026-08-14T19:00:00+09:00, 2026-08-14T19:30:00+09:00
0.046,1.22,0.97, 2026-08-14T19:30:00+09:00, 2026-08-14T20:00:00+09:00
0.058,1.53,0.97, 2026-08-14T20:00:00+09:00, 2026-08-14T20:30:00+09:00
0.022,0.58,0.97, 2026-08-14T20:30:00+09:00, 2026-08-14T21:00:00+09:00
0.025,0.66,0.97, 2026-08-14T21:00:00+09:00, 2026-08-14T21:30:00+09:00
0.06,1.58,0.97, 2026-08-14T21:30:00+09:00, 2026-08-14T22:00:00+09:00
0.043,1.14,0.97, 2026-08-14T22:00:00+09:00, 2026-08-14T22:30:00+09:00
0.022,0.58,0.97, 2026-08-14T22:30:00+09:00, 2026-08-14T23:00:00+09:00
0.042,1.11,0.97, 2026-08-14T23:00:00+09:00, 2026-08-14T23:30:00+09:00
0.059,1.56,0.97, 2026-08-14T23:30:00+09:00, 2026-08-15T00:00:00+09:00
0.027,0.71,0.97, 2026-08-15T00:00:00+09:00, 2026-08-15T00:30:00+09:00
0.022,0.58,0.97, 2026-08-15T00:30:00+09:00, 2026-08-15T01:00:00+09:00
0.059,1.56,0.97, 2026-08-15T01:00:00+09:00, 2026-08-15T01:30:00+09:00
0.048,1.27,0.97, 2026-08-15T01:30:00+09:00, 2026-08-15T02:00:00+09:00
0.023,0.61,0.97, 2026-08-15T02:00:00+09:00, 2026-08-15T02:30:00+09:00
0.034,0.9,0.97, 2026-08-15T02:30:00+09:00, 2026-08-15T03:00:00+09:00
0.06,1.58,0.97, 2026-08-15T03:00:00+09:00, 2026-08-15T03:30:00+09:00
0.035,0.92,0.97, 2026-08-15T03:30:00+09:00, 2026-08-15T04:00:00+09:00
0.022,0.58,0.97, 2026-08-15T04:00:00+09:00, 2026-08-15T04:30:00+09:00
0.05,1.32,0.97, 2026-08-15T04:30:00+09:00, 2026-08-15T05:00:00+09:00
0.056,1.48,0.97, 2026-08-15T05:00:00+09:00, 2026-08-15T05:30:00+09:00
0.022,0.58,0.97, 2026-08-15T05:30:00+09:00, 2026-08-15T06:00:00+09:00
0.028,0.74,0.97, 2026-08-15T06:00:00+09:00, 2026-08-15T06:30:00+09:00
0.06,1.58,0.97, 2026-08-15T06:30:00+09:00, 2026-08-15T07:00:00+09:00
0.042,1.11,0.97, 2026-08-15T07:00:00+09:00, 2026-08-15T07:30:00+09:00
0.021,0.55,0.97, 2026-08-15T07:30:00+09:00, 2026-08-15T08:00:00+09:00
0.035,0.92,0.97, 2026-08-15T08:00:00+09:00, 2026-08-15T08:30:00+09:00
0.051,1.35,0.97, 2026-08-15T08:30:00+09:00, 2026-08-15T09:00:00+09:00
0.021,0.55,0.97, 2026-08-15T09:00:00+09:00, 2026-08-15T09:30:00+09:00
0.016,0.42,0.97, 2026-08-15T09:30:00+09:00, 2026-08-15T10:00:00+09:00
0.051,1.35,0.97, 2026-08-15T10:00:00+09:00, 2026-08-15T10:30:00+09:00
0.044,1.16,0.97, 2026-08-15T10:30:00+09:00, 2026-08-15T11:00:00+09:00
0.016,0.42,0.97, 2026-08-15T11:00:00+09:00, 2026-08-15T11:30:00+09:00
0.027,0.71,0.97, 2026-08-15T11:30:00+09:00, 2026-08-15T12:00:00+09:00
0.053,1.4,0.97, 2026-08-15T12:00:00+09:00, 2026-08-15T12:30:00+09:00
0.029,0.77,0.97, 2026-08-15T12:30:00+09:00, 2026-08-15T13:00:00+09:00
0.016,0.42,0.97, 2026-08-15T13:00:00+09:00, 2026-08-15T13:30:00+09:00
0.044,1.16,0.97, 2026-08-15T13:30:00+09:00, 2026-08-15T14:00:00+09:00
0.049,1.29,0.97, 2026-08-15T14:00:00+09:00, 2026-08-15T14:30:00+09:00
0.016,0.42,0.97, 2026-08-15T14:30:00+09:00, 2026-08-15T15:00:00+09:00
0.021,0.55,0.97, 2026-08-15T15:00:00+09:00, 2026-08-15T15:30:00+09:00
0.054,1.43,0.97, 2026-08-15T15:30:00+09:00, 2026-08-15T16:00:00+09:00
0.041,1.08,0.97, 2026-08-15T16:00:00+09:00, 2026-08-15T16:30:00+09:00
0.024,0.63,0.97, 2026-08-15T16:30:00+09:00, 2026-08-15T17:00:00+09:00
0.047,1.24,0.97, 2026-08-15T17:00:00+09:00, 2026-08-15T17:30:00+09:00
0.059,1.56,0.97, 2026-08-15T17:30:00+09:00, 2026-08-15T18:00:00+09:00
0.025,0.66,0.97, 2026-08-15T18:00:00+09:00, 2026-08-15T18:30:00+09:00
0.026,0.69,0.97, 2026-08-15T18:30:00+09:00, 2026-08-15T19:00:00+09:00
0.061,1.61,0.97, 2026-08-15T19:00:00+09:00, 2026-08-15T19:30:00+09:00
0.047,1.24,0.97, 2026-08-15T19:30:00+09:00, 2026-08-15T20:00:00+09:00
0.024,0.63,0.97, 2026-08-15T20:00:00+09:00, 2026-08-15T20:30:00+09:00
0.039,1.03,0.97, 2026-08-15T20:30:00+09:00, 2026-08-15T21:00:00+09:00
0.061,1.61,0.97, 2026-08-15T21:00:00+09:00, 2026-08-15T21:30:00+09:00
0.032,0.85,0.97, 2026-08-15T21:30:00+09:00, 2026-08-15T22:00:00+09:00
0.024,0.63,0.97, 2026-08-15T22:00:00+09:00, 2026-08-15T22:30:00+09:00
0.055,1.45,0.97, 2026-08-15T22:30:00+09:00, 2026-08-15T23:00:00+09:00
0.056,1.48,0.97, 2026-08-15T23:00:00+09:00, 2026-08-15T23:30:00+09:00
0.023,0.61,0.97, 2026-08-15T23:30:00+09:00, 2026-08-16T00:00:00+09:00
0.028,0.74,0.97, 2026-08-16T00:00:00+09:00, 2026-08-16T00:30:00+09:00
0.06,1.58,0.97, 2026-08-16T00:30:00+09:00, 2026-08-16T01:00:00+09:00
0.042,1.11,0.97, 2026-08-16T01:00:00+09:00, 2026-08-16T01:30:00+09:00
0.022,0.58,0.97, 2026-08-16T01:30:00+09:00, 2026-08-16T02:00:00+09:00
0.043,1.14,0.97, 2026-08-16T02:00:00+09:00, 2026-08-16T02:30:00+09:00
0.058,1.53,0.97, 2026-08-16T02:30:00+09:00, 2026-08-16T03:00:00+09:00
0.029,0.77,0.97, 2026-08-16T03:00:00+09:00, 2026-08-16T03:30:00+09:00
0.022,0.58,0.97, 2026-08-16T03:30:00+09:00, 2026-08-16T04:00:00+09:00
0.058,1.53,0.97, 2026-08-16T04:00:00+09:00, 2026-08-16T04:30:00+09:00
0.053,1.4,0.97, 2026-08-16T04:30:00+09:00, 2026-08-16T05:00:00+09:00
0.023,0.61,0.97, 2026-08-16T05:00:00+09:00, 2026-08-16T05:30:00+09:00
0.034,0.9,0.97, 2026-08-16T05:30:00+09:00, 2026-08-16T06:00:00+09:00
0.061,1.61,0.97, 2026-08-16T06:00:00+09:00, 2026-08-16T06:30:00+09:00
0.039,1.03,0.97, 2026-08-16T06:30:00+09:00, 2026-08-16T07:00:00+09:00
0.024,0.63,0.97, 2026-08-16T07:00:00+09:00, 2026-08-16T07:30:00+09:00
0.047,1.24,0.97, 2026-08-16T07:30:00+09:00, 2026-08-16T08:00:00+09:00
0.052,1.37,0.97, 2026-08-16T08:00:00+09:00, 2026-08-16T08:30:00+09:00
0.017,0.45,0.97, 2026-08-16T08:30:00+09:00, 2026-08-16T09:00:00+09:00
0.017,0.45,0.97, 2026-08-16T09:00:00+09:00, 2026-08-16T09:30:00+09:00
0.054,1.43,0.97, 2026-08-16T09:30:00+09:00, 2026-08-16T10:00:00+09:00
0.038,1,0.97, 2026-08-16T10:00:00+09:00, 2026-08-16T10:30:00+09:00
0.016,0.42,0.97, 2026-08-16T10:30:00+09:00, 2026-08-16T11:00:00+09:00
0.034,0.9,0.97, 2026-08-16T11:00:00+09:00, 2026-08-16T11:30:00+09:00
0.052,1.37,0.97, 2026-08-16T11:30:00+09:00, 2026-08-16T12:00:00+09:00
0.022,0.58,0.97, 2026-08-16T12:00:00+09:00, 2026-08-16T12:30:00+09:00
0.016,0.42,0.97, 2026-08-16T12:30:00+09:00, 2026-08-16T13:00:00+09:00
0.051,1.35,0.97, 2026-08-16T13:00:00+09:00, 2026-08-16T13:30:00+09:00
0.042,1.11,0.97, 2026-08-16T13:30:00+09:00, 2026-08-16T14:00:00+09:00
0.016,0.42,0.97, 2026-08-16T14:00:00+09:00, 2026-08-16T14:30:00+09:00
0.029,0.77,0.97, 2026-08-16T14:30:00+09:00, 2026-08-16T15:00:00+09:00
0.053,1.4,0.97, 2026-08-16T15:00:00+09:00, 2026-08-16T15:30:00+09:00
0.027,0.71,0.97, 2026-08-16T15:30:00+09:00, 2026-08-16T16:00:00+09:00
0.024,0.63,0.97, 2026-08-16T16:00:00+09:00, 2026-08-16T16:30:00+09:00
0.054,1.43,0.97, 2026-08-16T16:30:00+09:00, 2026-08-16T17:00:00+09:00
0.055,1.45,0.97, 2026-08-16T17:00:00+09:00, 2026-08-16T17:30:00+09:00
0.024,0.63,0.97, 2026-08-16T17:30:00+09:00, 2026-08-16T18:00:00+09:00
0.03,0.79,0.97, 2026-08-16T18:00:00+09:00, 2026-08-16T18:30:00+09:00
0.062,1.64,0.97, 2026-08-16T18:30:00+09:00, 2026-08-16T19:00:00+09:00
0.039,1.03,0.97, 2026-08-16T19:00:00+09:00, 2026-08-16T19:30:00+09:00
0.024,0.63,0.97, 2026-08-16T19:30:00+09:00, 2026-08-16T20:00:00+09:00
0.048,1.27,0.97, 2026-08-16T20:00:00+09:00, 2026-08-16T20:30:00+09:00
0.059,1.56,0.97, 2026-08-16T20:30:00+09:00, 2026-08-16T21:00:00+09:00
0.024,0.63,0.97, 2026-08-16T21:00:00+09:00, 2026-08-16T21:30:00+09:00
0.028,0.74,0.97, 2026-08-16T21:30:00+09:00, 2026-08-16T22:00:00+09:00
0.061,1.61,0.97, 2026-08-16T22:00:00+09:00, 2026-08-16T22:30:00+09:00
0.041,1.08,0.97, 2026-08-16T22:30:00+09:00, 2026-08-16T23:00:00+09:00
0.024,0.63,0.97, 2026-08-16T23:00:00+09:00, 2026-08-16T23:30:00+09:00
0.048,1.27,0.97, 2026-08-16T23:30:00+09:00, 2026-08-17T00:00:00+09:00
0.059,1.56,0.97, 2026-08-17T00:00:00+09:00, 2026-08-17T00:30:00+09:00
0.028,0.74,0.97, 2026-08-17T00:30:00+09:00, 2026-08-17T01:00:00+09:00
0.024,0.63,0.97, 2026-08-17T01:00:00+09:00, 2026-08-17T01:30:00+09:00
0.06,1.58,0.97, 2026-08-17T01:30:00+09:00, 2026-08-17T02:00:00+09:00
0.049,1.29,0.97, 2026-08-17T02:00:00+09:00, 2026-08-17T02:30:00+09:00
0.024,0.63,0.97, 2026-08-17T02:30:00+09:00, 2026-08-17T03:00:00+09:00
0.038,1,0.97, 2026-08-17T03:00:00+09:00, 2026-08-17T03:30:00+09:00
0.06,1.58,0.97, 2026-08-17T03:30:00+09:00, 2026-08-17T04:00:00+09:00
0.035,0.92,0.97, 2026-08-17T04:00:00+09:00, 2026-08-17T04:30:00+09:00
0.024,0.63,0.97, 2026-08-17T04:30:00+09:00, 2026-08-17T05:00:00+09:00
0.053,1.4,0.97, 2026-08-17T05:00:00+09:00, 2026-08-17T05:30:00+09:00
0.056,1.48,0.97, 2026-08-17T05:30:00+09:00, 2026-08-17T06:00:00+09:00
0.024,0.63,0.97, 2026-08-17T06:00:00+09:00, 2026-08-17T06:30:00+09:00
0.031,0.82,0.97, 2026-08-17T06:30:00+09:00, 2026-08-17T07:00:00+09:00
0.061,1.61,0.97, 2026-08-17T07:00:00+09:00, 2026-08-17T07:30:00+09:00
0.041,1.08,0.97, 2026-08-17T07:30:00+09:00, 2026-08-17T08:00:00+09:00
0.016,0.42,0.97, 2026-08-17T08:00:00+09:00, 2026-08-17T08:30:00+09:00
0.039,1.03,0.97, 2026-08-17T08:30:00+09:00, 2026-08-17T09:00:00+09:00
0.051,1.35,0.97, 2026-08-17T09:00:00+09:00, 2026-08-17T09:30:00+09:00
0.021,0.55,0.97, 2026-08-17T09:30:00+09:00, 2026-08-17T10:00:00+09:00
0.016,0.42,0.97, 2026-08-17T10:00:00+09:00, 2026-08-17T10:30:00+09:00
0.052,1.37,0.97, 2026-08-17T10:30:00+09:00, 2026-08-17T11:00:00+09:00
0.043,1.14,0.97, 2026-08-17T11:00:00+09:00, 2026-08-17T11:30:00+09:00
0.016,0.42,0.97, 2026-08-17T11:30:00+09:00, 2026-08-17T12:00:00+09:00
0.028,0.74,0.97, 2026-08-17T12:00:00+09:00, 2026-08-17T12:30:00+09:00
0.053,1.4,0.97, 2026-08-17T12:30:00+09:00, 2026-08-17T13:00:00+09:00
0.029,0.77,0.97, 2026-08-17T13:00:00+09:00, 2026-08-17T13:30:00+09:00
0.016,0.42,0.97, 2026-08-17T13:30:00+09:00, 2026-08-17T14:00:00+09:00
0.042,1.11,0.97, 2026-08-17T14:00:00+09:00, 2026-08-17T14:30:00+09:00
0.051,1.35,0.97, 2026-08-17T14:30:00+09:00, 2026-08-17T15:00:00+09:00
0.016,0.42,0.97, 2026-08-17T15:00:00+09:00, 2026-08-17T15:30:00+09:00
0.02,0.53,0.97, 2026-08-17T15:30:00+09:00, 2026-08-17T16:00:00+09:00
0.062,1.64,0.97, 2026-08-17T16:00:00+09:00, 2026-08-17T16:30:00+09:00
0.044,1.16,0.97, 2026-08-17T16:30:00+09:00, 2026-08-17T17:00:00+09:00
0.024,0.63,0.97, 2026-08-17T17:00:00+09:00, 2026-08-17T17:30:00+09:00
0.043,1.14,0.97, 2026-08-17T17:30:00+09:00, 2026-08-17T18:00:00+09:00
0.059,1.56,0.97, 2026-08-17T18:00:00+09:00, 2026-08-17T18:30:00+09:00
0.029,0.77,0.97, 2026-08-17T18:30:00+09:00, 2026-08-17T19:00:00+09:00
0.024,0.63,0.97, 2026-08-17T19:00:00+09:00, 2026-08-17T19:30:00+09:00
0.06,1.58,0.97, 2026-08-17T19:30:00+09:00, 2026-08-17T20:00:00+09:00
0.05,1.32,0.97, 2026-08-17T20:00:00+09:00, 2026-08-17T20:30:00+09:00
0.024,0.63,0.97, 2026-08-17T20:30:00+09:00, 2026-08-17T21:00:00+09:00
0.036,0.95,0.97, 2026-08-17T21:00:00+09:00, 2026-08-17T21:30:00+09:00
0.061,1.61,0.97, 2026-08-17T21:30:00+09:00, 2026-08-17T22:00:00+09:00
0.037,0.98,0.97, 2026-08-17T22:00:00+09:00, 2026-08-17T22:30:00+09:00
0.024,0.63,0.97, 2026-08-17T22:30:00+09:00, 2026-08-17T23:00:00+09:00
0.049,1.29,0.97, 2026-08-17T23:00:00+09:00, 2026-08-17T23:30:00+09:00
0.058,1.53,0.97, 2026-08-17T23:30:00+09:00, 2026-08-18T00:00:00+09:00
0.022,0.58,0.97, 2026-08-18T00:00:00+09:00, 2026-08-18T00:30:00+09:00
0.026,0.69,0.97, 2026-08-18T00:30:00+09:00, 2026-08-18T01:00:00+09:00
0.06,1.58,0.97, 2026-08-18T01:00:00+09:00, 2026-08-18T01:30:00+09:00
0.044,1.16,0.97, 2026-08-18T01:30:00+09:00, 2026-08-18T02:00:00+09:00
0.022,0.58,0.97, 2026-08-18T02:00:00+09:00, 2026-08-18T02:30:00+09:00
0.042,1.11,0.97, 2026-08-18T02:30:00+09:00, 2026-08-18T03:00:00+09:00
0.058,1.53,0.97, 2026-08-18T03:00:00+09:00, 2026-08-18T03:30:00+09:00
0.029,0.77,0.97, 2026-08-18T03:30:00+09:00, 2026-08-18T04:00:00+09:00
0.022,0.58,0.97, 2026-08-18T04:00:00+09:00, 2026-08-18T04:30:00+09:00
0.058,1.53,0.97, 2026-08-18T04:30:00+09:00, 2026-08-18T05:00:00+09:00
0.052,1.37,0.97, 2026-08-18T05:00:00+09:00, 2026-08-18T05:30:00+09:00
0.024,0.63,0.97, 2026-08-18T05:30:00+09:00, 2026-08-18T06:00:00+09:00
0.035,0.92,0.97, 2026-08-18T06:00:00+09:00, 2026-08-18T06:30:00+09:00
0.061,1.61,0.97, 2026-08-18T06:30:00+09:00, 2026-08-18T07:00:00+09:00
0.038,1,0.97, 2026-08-18T07:00:00+09:00, 2026-08-18T07:30:00+09:00
0.023,0.61,0.97, 2026-08-18T07:30:00+09:00, 2026-08-18T08:00:00+09:00
0.043,1.14,0.97, 2026-08-18T08:00:00+09:00, 2026-08-18T08:30:00+09:00
0.051,1.35,0.97, 2026-08-18T08:30:00+09:00, 2026-08-18T09:00:00+09:00
0.017,0.45,0.97, 2026-08-18T09:00:00+09:00, 2026-08-18T09:30:00+09:00
0.019,0.5,0.97, 2026-08-18T09:30:00+09:00, 2026-08-18T10:00:00+09:00
0.054,1.43,0.97, 2026-08-18T10:00:00+09:00, 2026-08-18T10:30:00+09:00
0.038,1,0.97, 2026-08-18T10:30:00+09:00, 2026-08-18T11:00:00+09:00
0.015,0.4,0.97, 2026-08-18T11:00:00+09:00, 2026-08-18T11:30:00+09:00
0.035,0.92,0.97, 2026-08-18T11:30:00+09:00, 2026-08-18T12:00:00+09:00
0.052,1.37,0.97, 2026-08-18T12:00:00+09:00, 2026-08-18T12:30:00+09:00
0.024,0.63,0.97, 2026-08-18T12:30:00+09:00, 2026-08-18T13:00:00+09:00
0.016,0.42,0.97, 2026-08-18T13:00:00+09:00, 2026-08-18T13:30:00+09:00
0.049,1.29,0.97, 2026-08-18T13:30:00+09:00, 2026-08-18T14:00:00+09:00
0.046,1.22,0.97, 2026-08-18T14:00:00+09:00, 2026-08-18T14:30:00+09:00
0.016,0.42,0.97, 2026-08-18T14:30:00+09:00, 2026-08-18T15:00:00+09:00
0.025,0.66,0.97, 2026-08-18T15:00:00+09:00, 2026-08-18T15:30:00+09:00
0.054,1.43,0.97, 2026-08-18T15:30:00+09:00, 2026-08-18T16:00:00+09:00
0.041,1.08,0.97, 2026-08-18T16:00:00+09:00, 2026-08-18T16:30:00+09:00
0.024,0.63,0.97, 2026-08-18T16:30:00+09:00, 2026-08-18T17:00:00+09:00
0.045,1.19,0.97, 2026-08-18T17:00:00+09:00, 2026-08-18T17:30:00+09:00
0.06,1.58,0.97, 2026-08-18T17:30:00+09:00, 2026-08-18T18:00:00+09:00
0.031,0.82,0.97, 2026-08-18T18:00:00+09:00, 2026-08-18T18:30:00+09:00
0.023,0.61,0.97, 2026-08-18T18:30:00+09:00, 2026-08-18T19:00:00+09:00
0.057,1.51,0.97, 2026-08-18T19:00:00+09:00, 2026-08-18T19:30:00+09:00
0.054,1.43,0.97, 2026-08-18T19:30:00+09:00, 2026-08-18T20:00:00+09:00
0.023,0.61,0.97, 2026-08-18T20:00:00+09:00, 2026-08-18T20:30:00+09:00
0.034,0.9,0.97, 2026-08-18T20:30:00+09:00, 2026-08-18T21:00:00+09:00
0.061,1.61,0.97, 2026-08-18T21:00:00+09:00, 2026-08-18T21:30:00+09:00
0.041,1.08,0.97, 2026-08-18T21:30:00+09:00, 2026-08-18T22:00:00+09:00
0.024,0.63,0.97, 2026-08-18T22:00:00+09:00, 2026-08-18T22:30:00+09:00
0.046,1.22,0.97, 2026-08-18T22:30:00+09:00, 2026-08-18T23:00:00+09:00
0.06,1.58,0.97, 2026-08-18T23:00:00+09:00, 2026-08-18T23:30:00+09:00
0.032,0.85,0.97, 2026-08-18T23:30:00+09:00, 2026-08-19T00:00:00+09:00
0.024,0.63,0.97, 2026-08-19T00:00:00+09:00, 2026-08-19T00:30:00+09:00
0.055,1.45,0.97, 2026-08-19T00:30:00+09:00, 2026-08-19T01:00:00+09:00
0.059,1.56,0.97, 2026-08-19T01:00:00+09:00, 2026-08-19T01:30:00+09:00
0.023,0.61,0.97, 2026-08-19T01:30:00+09:00, 2026-08-19T02:00:00+09:00
0.027,0.71,0.97, 2026-08-19T02:00:00+09:00, 2026-08-19T02:30:00+09:00
0.062,1.64,0.97, 2026-08-19T02:30:00+09:00, 2026-08-19T03:00:00+09:00
0.049,1.29,0.97, 2026-08-19T03:00:00+09:00, 2026-08-19T03:30:00+09:00
0.024,0.63,0.97, 2026-08-19T03:30:00+09:00, 2026-08-19T04:00:00+09:00
0.037,0.98,0.97, 2026-08-19T04:00:00+09:00, 2026-08-19T04:30:00+09:00
0.061,1.61,0.97, 2026-08-19T04:30:00+09:00, 2026-08-19T05:00:00+09:00
0.039,1.03,0.97, 2026-08-19T05:00:00+09:00, 2026-08-19T05:30:00+09:00
0.023,0.61,0.97, 2026-08-19T05:30:00+09:00, 2026-08-19T06:00:00+09:00
0.049,1.29,0.97, 2026-08-19T06:00:00+09:00, 2026-08-19T06:30:00+09:00
0.059,1.56,0.97, 2026-08-19T06:30:00+09:00, 2026-08-19T07:00:00+09:00
0.027,0.71,0.97, 2026-08-19T07:00:00+09:00, 2026-08-19T07:30:00+09:00
0.023,0.61,0.97, 2026-08-19T07:30:00+09:00, 2026-08-19T08:00:00+09:00
0.054,1.43,0.97, 2026-08-19T08:00:00+09:00, 2026-08-19T08:30:00+09:00
0.042,1.11,0.97, 2026-08-19T08:30:00+09:00, 2026-08-19T09:00:00+09:00
0.016,0.42,0.97, 2026-08-19T09:00:00+09:00, 2026-08-19T09:30:00+09:00
0.029,0.77,0.97, 2026-08-19T09:30:00+09:00, 2026-08-19T10:00:00+09:00
0.053,1.4,0.97, 2026-08-19T10:00:00+09:00, 2026-08-19T10:30:00+09:00
0.028,0.74,0.97, 2026-08-19T10:30:00+09:00, 2026-08-19T11:00:00+09:00
0.016,0.42,0.97, 2026-08-19T11:00:00+09:00, 2026-08-19T11:30:00+09:00
0.045,1.19,0.97, 2026-08-19T11:30:00+09:00, 2026-08-19T12:00:00+09:00
0.05,1.32,0.97, 2026-08-19T12:00:00+09:00, 2026-08-19T12:30:00+09:00
0.016,0.42,0.97, 2026-08-19T12:30:00+09:00, 2026-08-19T13:00:00+09:00
0.021,0.55,0.97, 2026-08-19T13:00:00+09:00, 2026-08-19T13:30:00+09:00
0.054,1.43,0.97, 2026-08-19T13:30:00+09:00, 2026-08-19T14:00:00+09:00
0.036,0.95,0.97, 2026-08-19T14:00:00+09:00, 2026-08-19T14:30:00+09:00
0.016,0.42,0.97, 2026-08-19T14:30:00+09:00, 2026-08-19T15:00:00+09:00
0.036,0.95,0.97, 2026-08-19T15:00:00+09:00, 2026-08-19T15:30:00+09:00
0.052,1.37,0.97, 2026-08-19T15:30:00+09:00, 2026-08-19T16:00:00+09:00
0.033,0.87,0.97, 2026-08-19T16:00:00+09:00, 2026-08-19T16:30:00+09:00
0.024,0.63,0.97, 2026-08-19T16:30:00+09:00, 2026-08-19T17:00:00+09:00
0.054,1.43,0.97, 2026-08-19T17:00:00+09:00, 2026-08-19T17:30:00+09:00
0.056,1.48,0.97, 2026-08-19T17:30:00+09:00, 2026-08-19T18:00:00+09:00
0.024,0.63,0.97, 2026-08-19T18:00:00+09:00, 2026-08-19T18:30:00+09:00
0.03,0.79,0.97, 2026-08-19T18:30:00+09:00, 2026-08-19T19:00:00+09:00
0.061,1.61,0.97, 2026-08-19T19:00:00+09:00, 2026-08-19T19:30:00+09:00
0.044,1.16,0.97, 2026-08-19T19:30:00+09:00, 2026-08-19T20:00:00+09:00
0.023,0.61,0.97, 2026-08-19T20:00:00+09:00, 2026-08-19T20:30:00+09:00
0.044,1.16,0.97, 2026-08-19T20:30:00+09:00, 2026-08-19T21:00:00+09:00
0.059,1.56,0.97, 2026-08-19T21:00:00+09:00, 2026-08-19T21:30:00+09:00
0.032,0.85,0.97, 2026-08-19T21:30:00+09:00, 2026-08-19T22:00:00+09:00
0.024,0.63,0.97, 2026-08-19T22:00:00+09:00, 2026-08-19T22:30:00+09:00
0.056,1.48,0.97, 2026-08-19T22:30:00+09:00, 2026-08-19T23:00:00+09:00
0.053,1.4,0.97, 2026-08-19T23:00:00+09:00, 2026-08-19T23:30:00+09:00
0.024,0.63,0.97, 2026-08-19T23:30:00+09:00, 2026-08-20T00:00:00+09:00
0.033,0.87,0.97, 2026-08-20T00:00:00+09:00, 2026-08-20T00:30:00+09:00
0.061,1.61,0.97, 2026-08-20T00:30:00+09:00, 2026-08-20T01:00:00+09:00
0.106,2.8,0.97, 2026-08-20T01:00:00+09:00, 2026-08-20T01:30:00+09:00
1.434,37.88,0.97, 2026-08-20T01:30:00+09:00, 2026-08-20T02:00:00+09:00
0.056,1.48,0.97, 2026-08-20T02:00:00+09:00, 2026-08-20T02:30:00+09:00
0.06,1.58,0.97, 2026-08-20T02:30:00+09:00, 2026-08-20T03:00:00+09:00
0.033,0.87,0.97, 2026-08-20T03:00:00+09:00, 2026-08-20T03:30:00+09:00
0.025,0.66,0.97, 2026-08-20T03:30:00+09:00, 2026-08-20T04:00:00+09:00
0.06,1.58,0.97, 2026-08-20T04:00:00+09:00, 2026-08-20T04:30:00+09:00
0.12,3.17,0.97, 2026-08-20T04:30:00+09:00, 2026-08-20T05:00:00+09:00
0.041,1.08,0.97, 2026-08-20T05:00:00+09:00, 2026-08-20T05:30:00+09:00
0.086,2.27,0.97, 2026-08-20T05:30:00+09:00, 2026-08-20T06:00:00+09:00
0.147,3.88,0.97, 2026-08-20T06:00:00+09:00, 2026-08-20T06:30:00+09:00
0.086,2.27,0.97, 2026-08-20T06:30:00+09:00, 2026-08-20T07:00:00+09:00
0.045,1.19,0.97, 2026-08-20T07:00:00+09:00, 2026-08-20T07:30:00+09:00
0.045,1.19,0.97, 2026-08-20T07:30:00+09:00, 2026-08-20T08:00:00+09:00
0.054,1.43,0.97, 2026-08-20T08:00:00+09:00, 2026-08-20T08:30:00+09:00
0.026,0.69,0.97, 2026-08-20T08:30:00+09:00, 2026-08-20T09:00:00+09:00
0.018,0.48,0.97, 2026-08-20T09:00:00+09:00, 2026-08-20T09:30:00+09:00
0.05,1.32,0.97, 2026-08-20T09:30:00+09:00, 2026-08-20T10:00:00+09:00
0.052,1.37,0.97, 2026-08-20T10:00:00+09:00, 2026-08-20T10:30:00+09:00
0.018,0.48,0.97, 2026-08-20T10:30:00+09:00, 2026-08-20T11:00:00+09:00
0.019,0.5,0.97, 2026-08-20T11:00:00+09:00, 2026-08-20T11:30:00+09:00
0.054,1.43,0.97, 2026-08-20T11:30:00+09:00, 2026-08-20T12:00:00+09:00
0.041,1.08,0.97, 2026-08-20T12:00:00+09:00, 2026-08-20T12:30:00+09:00
0.016,0.42,0.97, 2026-08-20T12:30:00+09:00, 2026-08-20T13:00:00+09:00
0.035,0.92,0.97, 2026-08-20T13:00:00+09:00, 2026-08-20T13:30:00+09:00
0.072,1.9,0.97, 2026-08-20T13:30:00+09:00, 2026-08-20T14:00:00+09:00
0.073,1.93,0.97, 2026-08-20T14:00:00+09:00, 2026-08-20T14:30:00+09:00
0.027,0.71,0.97, 2026-08-20T14:30:00+09:00, 2026-08-20T15:00:00+09:00
0.036,0.95,0.97, 2026-08-20T15:00:00+09:00, 2026-08-20T15:30:00+09:00
0.06,1.58,0.97, 2026-08-20T15:30:00+09:00, 2026-08-20T16:00:00+09:00
0.045,1.19,0.97, 2026-08-20T16:00:00+09:00, 2026-08-20T16:30:00+09:00
0.033,0.87,0.97, 2026-08-20T16:30:00+09:00, 2026-08-20T17:00:00+09:00
0.051,1.35,0.97, 2026-08-20T17:00:00+09:00, 2026-08-20T17:30:00+09:00
0.068,1.8,0.97, 2026-08-20T17:30:00+09:00, 2026-08-20T18:00:00+09:00
0.037,0.98,0.97, 2026-08-20T18:00:00+09:00, 2026-08-20T18:30:00+09:00
0.03,0.79,0.97, 2026-08-20T18:30:00+09:00, 2026-08-20T19:00:00+09:00
0.064,1.69,0.97, 2026-08-20T19:00:00+09:00, 2026-08-20T19:30:00+09:00
0.065,1.72,0.97, 2026-08-20T19:30:00+09:00, 2026-08-20T20:00:00+09:00
0.027,0.71,0.97, 2026-08-20T20:00:00+09:00, 2026-08-20T20:30:00+09:00
0.035,0.92,0.97, 2026-08-20T20:30:00+09:00, 2026-08-20T21:00:00+09:00
0.065,1.72,0.97, 2026-08-20T21:00:00+09:00, 2026-08-20T21:30:00+09:00
0.047,1.24,0.97, 2026-08-20T21:30:00+09:00, 2026-08-20T22:00:00+09:00
0.037,0.98,0.97, 2026-08-20T22:00:00+09:00, 2026-08-20T22:30:00+09:00
0.057,1.51,0.97, 2026-08-20T22:30:00+09:00, 2026-08-20T23:00:00+09:00
0.073,1.93,0.97, 2026-08-20T23:00:00+09:00, 2026-08-20T23:30:00+09:00
0.047,1.24,0.97, 2026-08-20T23:30:00+09:00, 2026-08-21T00:00:00+09:00
0.033,0.87,0.97, 2026-08-21T00:00:00+09:00, 2026-08-21T00:30:00+09:00
0.057,1.51,0.97, 2026-08-21T00:30:00+09:00, 2026-08-21T01:00:00+09:00
0.065,1.72,0.97, 2026-08-21T01:00:00+09:00, 2026-08-21T01:30:00+09:00
0.032,0.85,0.97, 2026-08-21T01:30:00+09:00, 2026-08-21T02:00:00+09:00
0.495,13.08,0.97, 2026-08-21T02:00:00+09:00, 2026-08-21T02:30:00+09:00
1.026,27.1,0.97, 2026-08-21T02:30:00+09:00, 2026-08-21T03:00:00+09:00
0.056,1.48,0.97, 2026-08-21T03:00:00+09:00, 2026-08-21T03:30:00+09:00
0.028,0.74,0.97, 2026-08-21T03:30:00+09:00, 2026-08-21T04:00:00+09:00
0.032,0.85,0.97, 2026-08-21T04:00:00+09:00, 2026-08-21T04:30:00+09:00
0.078,2.06,0.97, 2026-08-21T04:30:00+09:00, 2026-08-21T05:00:00+09:00
0.065,1.72,0.97, 2026-08-21T05:00:00+09:00, 2026-08-21T05:30:00+09:00
0.071,1.88,0.97, 2026-08-21T05:30:00+09:00, 2026-08-21T06:00:00+09:00
0.031,0.82,0.97, 2026-08-21T06:00:00+09:00, 2026-08-21T06:30:00+09:00
0.062,1.64,0.97, 2026-08-21T06:30:00+09:00, 2026-08-21T07:00:00+09:00
0.048,1.27,0.97, 2026-08-21T07:00:00+09:00, 2026-08-21T07:30:00+09:00
0.023,0.61,0.97, 2026-08-21T07:30:00+09:00, 2026-08-21T08:00:00+09:00
0.039,1.03,0.97, 2026-08-21T08:00:00+09:00, 2026-08-21T08:30:00+09:00
0.052,1.37,0.97, 2026-08-21T08:30:00+09:00, 2026-08-21T09:00:00+09:00
0.021,0.55,0.97, 2026-08-21T09:00:00+09:00, 2026-08-21T09:30:00+09:00
0.016,0.42,0.97, 2026-08-21T09:30:00+09:00, 2026-08-21T10:00:00+09:00
0.05,1.32,0.97, 2026-08-21T10:00:00+09:00, 2026-08-21T10:30:00+09:00
0.045,1.19,0.97, 2026-08-21T10:30:00+09:00, 2026-08-21T11:00:00+09:00
0.017,0.45,0.97, 2026-08-21T11:00:00+09:00, 2026-08-21T11:30:00+09:00
0.022,0.58,0.97, 2026-08-21T11:30:00+09:00, 2026-08-21T12:00:00+09:00
0.054,1.43,0.97, 2026-08-21T12:00:00+09:00, 2026-08-21T12:30:00+09:00
0.036,0.95,0.97, 2026-08-21T12:30:00+09:00, 2026-08-21T13:00:00+09:00
0.017,0.45,0.97, 2026-08-21T13:00:00+09:00, 2026-08-21T13:30:00+09:00
0.043,1.14,0.97, 2026-08-21T13:30:00+09:00, 2026-08-21T14:00:00+09:00
0.072,1.9,0.97, 2026-08-21T14:00:00+09:00, 2026-08-21T14:30:00+09:00
0.036,0.95,0.97, 2026-08-21T14:30:00+09:00, 2026-08-21T15:00:00+09:00
0.033,0.87,0.97, 2026-08-21T15:00:00+09:00, 2026-08-21T15:30:00+09:00
0.065,1.72,0.97, 2026-08-21T15:30:00+09:00, 2026-08-21T16:00:00+09:00
0.066,1.74,0.97, 2026-08-21T16:00:00+09:00, 2026-08-21T16:30:00+09:00
0.024,0.63,0.97, 2026-08-21T16:30:00+09:00, 2026-08-21T17:00:00+09:00
0.033,0.87,0.97, 2026-08-21T17:00:00+09:00, 2026-08-21T17:30:00+09:00
0.083,2.19,0.97, 2026-08-21T17:30:00+09:00, 2026-08-21T18:00:00+09:00
0.061,1.61,0.97, 2026-08-21T18:00:00+09:00, 2026-08-21T18:30:00+09:00
0.027,0.71,0.97, 2026-08-21T18:30:00+09:00, 2026-08-21T19:00:00+09:00
0.304,8.03,0.97, 2026-08-21T19:00:00+09:00, 2026-08-21T19:30:00+09:00
1.255,33.15,0.97, 2026-08-21T19:30:00+09:00, 2026-08-21T20:00:00+09:00
0.051,1.35,0.97, 2026-08-21T20:00:00+09:00, 2026-08-21T20:30:00+09:00
0.024,0.63,0.97, 2026-08-21T20:30:00+09:00, 2026-08-21T21:00:00+09:00
0.034,0.9,0.97, 2026-08-21T21:00:00+09:00, 2026-08-21T21:30:00+09:00
0.072,1.9,0.97, 2026-08-21T21:30:00+09:00, 2026-08-21T22:00:00+09:00
0.052,1.37,0.97, 2026-08-21T22:00:00+09:00, 2026-08-21T22:30:00+09:00
0.028,0.74,0.97, 2026-08-21T22:30:00+09:00, 2026-08-21T23:00:00+09:00
0.031,0.82,0.97, 2026-08-21T23:00:00+09:00, 2026-08-21T23:30:00+09:00
0.07,1.85,0.97, 2026-08-21T23:30:00+09:00, 2026-08-22T00:00:00+09:00
0.179,4.73,0.97, 2026-08-22T00:00:00+09:00, 2026-08-22T00:30:00+09:00
0.08,2.11,0.97, 2026-08-22T00:30:00+09:00, 2026-08-22T01:00:00+09:00
0.043,1.14,0.97, 2026-08-22T01:00:00+09:00, 2026-08-22T01:30:00+09:00
0.076,2.01,0.97, 2026-08-22T01:30:00+09:00, 2026-08-22T02:00:00+09:00
0.074,1.95,0.97, 2026-08-22T02:00:00+09:00, 2026-08-22T02:30:00+09:00
0.027,0.71,0.97, 2026-08-22T02:30:00+09:00, 2026-08-22T03:00:00+09:00
0.029,0.77,0.97, 2026-08-22T03:00:00+09:00, 2026-08-22T03:30:00+09:00
0.203,5.36,0.97, 2026-08-22T03:30:00+09:00, 2026-08-22T04:00:00+09:00
0.058,1.53,0.97, 2026-08-22T04:00:00+09:00, 2026-08-22T04:30:00+09:00
0.031,0.82,0.97, 2026-08-22T04:30:00+09:00, 2026-08-22T05:00:00+09:00
0.055,1.45,0.97, 2026-08-22T05:00:00+09:00, 2026-08-22T05:30:00+09:00
0.114,3.01,0.97, 2026-08-22T05:30:00+09:00, 2026-08-22T06:00:00+09:00
0.059,1.56,0.97, 2026-08-22T06:00:00+09:00, 2026-08-22T06:30:00+09:00
0.043,1.14,0.97, 2026-08-22T06:30:00+09:00, 2026-08-22T07:00:00+09:00
0.071,1.88,0.97, 2026-08-22T07:00:00+09:00, 2026-08-22T07:30:00+09:00
0.096,2.54,0.97, 2026-08-22T07:30:00+09:00, 2026-08-22T08:00:00+09:00
0.016,0.42,0.97, 2026-08-22T08:00:00+09:00, 2026-08-22T08:30:00+09:00
0.022,0.58,0.97, 2026-08-22T08:30:00+09:00, 2026-08-22T09:00:00+09:00
0.055,1.45,0.97, 2026-08-22T09:00:00+09:00, 2026-08-22T09:30:00+09:00
0.041,1.08,0.97, 2026-08-22T09:30:00+09:00, 2026-08-22T10:00:00+09:00
0.017,0.45,0.97, 2026-08-22T10:00:00+09:00, 2026-08-22T10:30:00+09:00
0.026,0.69,0.97, 2026-08-22T10:30:00+09:00, 2026-08-22T11:00:00+09:00
0.054,1.43,0.97, 2026-08-22T11:00:00+09:00, 2026-08-22T11:30:00+09:00
0.03,0.79,0.97, 2026-08-22T11:30:00+09:00, 2026-08-22T12:00:00+09:00
0.015,0.4,0.97, 2026-08-22T12:00:00+09:00, 2026-08-22T12:30:00+09:00
0.036,0.95,0.97, 2026-08-22T12:30:00+09:00, 2026-08-22T13:00:00+09:00
0.051,1.35,0.97, 2026-08-22T13:00:00+09:00, 2026-08-22T13:30:00+09:00
0.018,0.48,0.97, 2026-08-22T13:30:00+09:00, 2026-08-22T14:00:00+09:00
0.015,0.4,0.97, 2026-08-22T14:00:00+09:00, 2026-08-22T14:30:00+09:00
0.053,1.4,0.97, 2026-08-22T14:30:00+09:00, 2026-08-22T15:00:00+09:00
0.034,0.9,0.97, 2026-08-22T15:00:00+09:00, 2026-08-22T15:30:00+09:00
0.016,0.42,0.97, 2026-08-22T15:30:00+09:00, 2026-08-22T16:00:00+09:00
0.039,1.03,0.97, 2026-08-22T16:00:00+09:00, 2026-08-22T16:30:00+09:00
0.071,1.88,0.97, 2026-08-22T16:30:00+09:00, 2026-08-22T17:00:00+09:00
0.051,1.35,0.97, 2026-08-22T17:00:00+09:00, 2026-08-22T17:30:00+09:00
0.039,1.03,0.97, 2026-08-22T17:30:00+09:00, 2026-08-22T18:00:00+09:00
0.052,1.37,0.97, 2026-08-22T18:00:00+09:00, 2026-08-22T18:30:00+09:00
0.076,2.01,0.97, 2026-08-22T18:30:00+09:00, 2026-08-22T19:00:00+09:00
0.038,1,0.97, 2026-08-22T19:00:00+09:00, 2026-08-22T19:30:00+09:00
0.034,0.9,0.97, 2026-08-22T19:30:00+09:00, 2026-08-22T20:00:00+09:00
0.065,1.72,0.97, 2026-08-22T20:00:00+09:00, 2026-08-22T20:30:00+09:00
0.047,1.24,0.97, 2026-08-22T20:30:00+09:00, 2026-08-22T21:00:00+09:00
0.023,0.61,0.97, 2026-08-22T21:00:00+09:00, 2026-08-22T21:30:00+09:00
0.035,0.92,0.97, 2026-08-22T21:30:00+09:00, 2026-08-22T22:00:00+09:00
0.06,1.58,0.97, 2026-08-22T22:00:00+09:00, 2026-08-22T22:30:00+09:00
0.037,0.98,0.97, 2026-08-22T22:30:00+09:00, 2026-08-22T23:00:00+09:00
0.025,0.66,0.97, 2026-08-22T23:00:00+09:00, 2026-08-22T23:30:00+09:00
0.054,1.43,0.97, 2026-08-22T23:30:00+09:00, 2026-08-23T00:00:00+09:00
0.059,1.56,0.97, 2026-08-23T00:00:00+09:00, 2026-08-23T00:30:00+09:00
0.044,1.16,0.97, 2026-08-23T00:30:00+09:00, 2026-08-23T01:00:00+09:00
0.035,0.92,0.97, 2026-08-23T01:00:00+09:00, 2026-08-23T01:30:00+09:00
0.936,24.73,0.97, 2026-08-23T01:30:00+09:00, 2026-08-23T02:00:00+09:00
0.623,16.46,0.97, 2026-08-23T02:00:00+09:00, 2026-08-23T02:30:00+09:00
0.035,0.92,0.97, 2026-08-23T02:30:00+09:00, 2026-08-23T03:00:00+09:00
0.048,1.27,0.97, 2026-08-23T03:00:00+09:00, 2026-08-23T03:30:00+09:00
0.059,1.56,0.97, 2026-08-23T03:30:00+09:00, 2026-08-23T04:00:00+09:00
0.029,0.77,0.97, 2026-08-23T04:00:00+09:00, 2026-08-23T04:30:00+09:00
0.023,0.61,0.97, 2026-08-23T04:30:00+09:00, 2026-08-23T05:00:00+09:00
0.059,1.56,0.97, 2026-08-23T05:00:00+09:00, 2026-08-23T05:30:00+09:00
0.092,2.43,0.97, 2026-08-23T05:30:00+09:00, 2026-08-23T06:00:00+09:00
0.028,0.74,0.97, 2026-08-23T06:00:00+09:00, 2026-08-23T06:30:00+09:00
0.036,0.95,0.97, 2026-08-23T06:30:00+09:00, 2026-08-23T07:00:00+09:00
0.06,1.58,0.97, 2026-08-23T07:00:00+09:00, 2026-08-23T07:30:00+09:00
0.028,0.74,0.97, 2026-08-23T07:30:00+09:00, 2026-08-23T08:00:00+09:00
0.015,0.4,0.97, 2026-08-23T08:00:00+09:00, 2026-08-23T08:30:00+09:00
0.051,1.35,0.97, 2026-08-23T08:30:00+09:00, 2026-08-23T09:00:00+09:00
0.066,1.74,0.97, 2026-08-23T09:00:00+09:00, 2026-08-23T09:30:00+09:00
0.017,0.45,0.97, 2026-08-23T09:30:00+09:00, 2026-08-23T10:00:00+09:00
0.023,0.61,0.97, 2026-08-23T10:00:00+09:00, 2026-08-23T10:30:00+09:00
0.053,1.4,0.97, 2026-08-23T10:30:00+09:00, 2026-08-23T11:00:00+09:00
0.027,0.71,0.97, 2026-08-23T11:00:00+09:00, 2026-08-23T11:30:00+09:00
0.015,0.4,0.97, 2026-08-23T11:30:00+09:00, 2026-08-23T12:00:00+09:00
0.046,1.22,0.97, 2026-08-23T12:00:00+09:00, 2026-08-23T12:30:00+09:00
0.043,1.14,0.97, 2026-08-23T12:30:00+09:00, 2026-08-23T13:00:00+09:00
0.015,0.4,0.97, 2026-08-23T13:00:00+09:00, 2026-08-23T13:30:00+09:00
0.024,0.63,0.97, 2026-08-23T13:30:00+09:00, 2026-08-23T14:00:00+09:00
0.053,1.4,0.97, 2026-08-23T14:00:00+09:00, 2026-08-23T14:30:00+09:00
0.023,0.61,0.97, 2026-08-23T14:30:00+09:00, 2026-08-23T15:00:00+09:00
0.016,0.42,0.97, 2026-08-23T15:00:00+09:00, 2026-08-23T15:30:00+09:00
0.048,1.27,0.97, 2026-08-23T15:30:00+09:00, 2026-08-23T16:00:00+09:00
0.053,1.4,0.97, 2026-08-23T16:00:00+09:00, 2026-08-23T16:30:00+09:00
0.025,0.66,0.97, 2026-08-23T16:30:00+09:00, 2026-08-23T17:00:00+09:00
0.045,1.19,0.97, 2026-08-23T17:00:00+09:00, 2026-08-23T17:30:00+09:00
0.077,2.03,0.97, 2026-08-23T17:30:00+09:00, 2026-08-23T18:00:00+09:00
0.039,1.03,0.97, 2026-08-23T18:00:00+09:00, 2026-08-23T18:30:00+09:00
0.024,0.63,0.97, 2026-08-23T18:30:00+09:00, 2026-08-23T19:00:00+09:00
0.052,1.37,0.97, 2026-08-23T19:00:00+09:00, 2026-08-23T19:30:00+09:00
0.049,1.29,0.97, 2026-08-23T19:30:00+09:00, 2026-08-23T20:00:00+09:00
0.023,0.61,0.97, 2026-08-23T20:00:00+09:00, 2026-08-23T20:30:00+09:00
0.032,0.85,0.97, 2026-08-23T20:30:00+09:00, 2026-08-23T21:00:00+09:00
0.06,1.58,0.97, 2026-08-23T21:00:00+09:00, 2026-08-23T21:30:00+09:00
0.034,0.9,0.97, 2026-08-23T21:30:00+09:00, 2026-08-23T22:00:00+09:00
0.051,1.35,0.97, 2026-08-23T22:00:00+09:00, 2026-08-23T22:30:00+09:00
0.06,1.58,0.97, 2026-08-23T22:30:00+09:00, 2026-08-23T23:00:00+09:00
0.049,1.29,0.97, 2026-08-23T23:00:00+09:00, 2026-08-23T23:30:00+09:00
0.023,0.61,0.97, 2026-08-23T23:30:00+09:00, 2026-08-24T00:00:00+09:00
0.037,0.98,0.97, 2026-08-24T00:00:00+09:00, 2026-08-24T00:30:00+09:00
0.06,1.58,0.97, 2026-08-24T00:30:00+09:00, 2026-08-24T01:00:00+09:00
0.555,14.66,0.97, 2026-08-24T01:00:00+09:00, 2026-08-24T01:30:00+09:00
0.988,26.1,0.97, 2026-08-24T01:30:00+09:00, 2026-08-24T02:00:00+09:00
0.071,1.88,0.97, 2026-08-24T02:00:00+09:00, 2026-08-24T02:30:00+09:00
0.054,1.43,0.97, 2026-08-24T02:30:00+09:00, 2026-08-24T03:00:00+09:00
0.023,0.61,0.97, 2026-08-24T03:00:00+09:00, 2026-08-24T03:30:00+09:00
0.058,1.53,0.97, 2026-08-24T03:30:00+09:00, 2026-08-24T04:00:00+09:00
0.077,2.03,0.97, 2026-08-24T04:00:00+09:00, 2026-08-24T04:30:00+09:00
0.044,1.16,0.97, 2026-08-24T04:30:00+09:00, 2026-08-24T05:00:00+09:00
0.05,1.32,0.97, 2026-08-24T05:00:00+09:00, 2026-08-24T05:30:00+09:00
0.104,2.75,0.97, 2026-08-24T05:30:00+09:00, 2026-08-24T06:00:00+09:00
0.041,1.08,0.97, 2026-08-24T06:00:00+09:00, 2026-08-24T06:30:00+09:00
0.025,0.66,0.97, 2026-08-24T06:30:00+09:00, 2026-08-24T07:00:00+09:00
0.065,1.72,0.97, 2026-08-24T07:00:00+09:00, 2026-08-24T07:30:00+09:00
0.054,1.43,0.97, 2026-08-24T07:30:00+09:00, 2026-08-24T08:00:00+09:00
0.016,0.42,0.97, 2026-08-24T08:00:00+09:00, 2026-08-24T08:30:00+09:00
0.027,0.71,0.97, 2026-08-24T08:30:00+09:00, 2026-08-24T09:00:00+09:00
0.052,1.37,0.97, 2026-08-24T09:00:00+09:00, 2026-08-24T09:30:00+09:00
0.03,0.79,0.97, 2026-08-24T09:30:00+09:00, 2026-08-24T10:00:00+09:00
0.015,0.4,0.97, 2026-08-24T10:00:00+09:00, 2026-08-24T10:30:00+09:00
0.04,1.06,0.97, 2026-08-24T10:30:00+09:00, 2026-08-24T11:00:00+09:00
0.051,1.35,0.97, 2026-08-24T11:00:00+09:00, 2026-08-24T11:30:00+09:00
0.016,0.42,0.97, 2026-08-24T11:30:00+09:00, 2026-08-24T12:00:00+09:00
0.016,0.42,0.97, 2026-08-24T12:00:00+09:00, 2026-08-24T12:30:00+09:00
0.053,1.4,0.97, 2026-08-24T12:30:00+09:00, 2026-08-24T13:00:00+09:00
0.041,1.08,0.97, 2026-08-24T13:00:00+09:00, 2026-08-24T13:30:00+09:00
0.015,0.4,0.97, 2026-08-24T13:30:00+09:00, 2026-08-24T14:00:00+09:00
0.026,0.69,0.97, 2026-08-24T14:00:00+09:00, 2026-08-24T14:30:00+09:00
0.052,1.37,0.97, 2026-08-24T14:30:00+09:00, 2026-08-24T15:00:00+09:00
0.032,0.85,0.97, 2026-08-24T15:00:00+09:00, 2026-08-24T15:30:00+09:00
0.024,0.63,0.97, 2026-08-24T15:30:00+09:00, 2026-08-24T16:00:00+09:00
0.052,1.37,0.97, 2026-08-24T16:00:00+09:00, 2026-08-24T16:30:00+09:00
0.067,1.77,0.97, 2026-08-24T16:30:00+09:00, 2026-08-24T17:00:00+09:00
0.029,0.77,0.97, 2026-08-24T17:00:00+09:00, 2026-08-24T17:30:00+09:00
0.041,1.08,0.97, 2026-08-24T17:30:00+09:00, 2026-08-24T18:00:00+09:00
0.072,1.9,0.97, 2026-08-24T18:00:00+09:00, 2026-08-24T18:30:00+09:00
0.08,2.11,0.97, 2026-08-24T18:30:00+09:00, 2026-08-24T19:00:00+09:00
0.207,5.47,0.97, 2026-08-24T19:00:00+09:00, 2026-08-24T19:30:00+09:00
0.047,1.24,0.97, 2026-08-24T19:30:00+09:00, 2026-08-24T20:00:00+09:00
0.058,1.53,0.97, 2026-08-24T20:00:00+09:00, 2026-08-24T20:30:00+09:00
0.028,0.74,0.97, 2026-08-24T20:30:00+09:00, 2026-08-24T21:00:00+09:00
0.023,0.61,0.97, 2026-08-24T21:00:00+09:00, 2026-08-24T21:30:00+09:00
0.06,1.58,0.97, 2026-08-24T21:30:00+09:00, 2026-08-24T22:00:00+09:00
0.051,1.35,0.97, 2026-08-24T22:00:00+09:00, 2026-08-24T22:30:00+09:00
0.043,1.14,0.97, 2026-08-24T22:30:00+09:00, 2026-08-24T23:00:00+09:00
0.051,1.35,0.97, 2026-08-24T23:00:00+09:00, 2026-08-24T23:30:00+09:00
0.071,1.88,0.97, 2026-08-24T23:30:00+09:00, 2026-08-25T00:00:00+09:00
0.2,5.28,0.97, 2026-08-25T00:00:00+09:00, 2026-08-25T00:30:00+09:00
0.386,10.2,0.97, 2026-08-25T00:30:00+09:00, 2026-08-25T01:00:00+09:00
0.078,2.06,0.97, 2026-08-25T01:00:00+09:00, 2026-08-25T01:30:00+09:00
0.058,1.53,0.97, 2026-08-25T01:30:00+09:00, 2026-08-25T02:00:00+09:00
0.028,0.74,0.97, 2026-08-25T02:00:00+09:00, 2026-08-25T02:30:00+09:00
0.04,1.06,0.97, 2026-08-25T02:30:00+09:00, 2026-08-25T03:00:00+09:00
0.064,1.69,0.97, 2026-08-25T03:00:00+09:00, 2026-08-25T03:30:00+09:00
0.035,0.92,0.97, 2026-08-25T03:30:00+09:00, 2026-08-25T04:00:00+09:00
0.039,1.03,0.97, 2026-08-25T04:00:00+09:00, 2026-08-25T04:30:00+09:00
0.882,23.3,0.97, 2026-08-25T04:30:00+09:00, 2026-08-25T05:00:00+09:00
0.067,1.77,0.97, 2026-08-25T05:00:00+09:00, 2026-08-25T05:30:00+09:00
1.502,39.68,0.97, 2026-08-25T05:30:00+09:00, 2026-08-25T06:00:00+09:00
0.028,0.74,0.97, 2026-08-25T06:00:00+09:00, 2026-08-25T06:30:00+09:00
0.085,2.25,0.97, 2026-08-25T06:30:00+09:00, 2026-08-25T07:00:00+09:00
0.076,2.01,0.97, 2026-08-25T07:00:00+09:00, 2026-08-25T07:30:00+09:00
0.12,3.17,0.97, 2026-08-25T07:30:00+09:00, 2026-08-25T08:00:00+09:00
0.053,1.4,0.97, 2026-08-25T08:00:00+09:00, 2026-08-25T08:30:00+09:00
0.053,1.4,0.97, 2026-08-25T08:30:00+09:00, 2026-08-25T09:00:00+09:00
0.017,0.45,0.97, 2026-08-25T09:00:00+09:00, 2026-08-25T09:30:00+09:00
0.015,0.4,0.97, 2026-08-25T09:30:00+09:00, 2026-08-25T10:00:00+09:00
0.049,1.29,0.97, 2026-08-25T10:00:00+09:00, 2026-08-25T10:30:00+09:00
0.044,1.16,0.97, 2026-08-25T10:30:00+09:00, 2026-08-25T11:00:00+09:00
0.016,0.42,0.97, 2026-08-25T11:00:00+09:00, 2026-08-25T11:30:00+09:00
0.018,0.48,0.97, 2026-08-25T11:30:00+09:00, 2026-08-25T12:00:00+09:00
0.053,1.4,0.97, 2026-08-25T12:00:00+09:00, 2026-08-25T12:30:00+09:00
0.038,1,0.97, 2026-08-25T12:30:00+09:00, 2026-08-25T13:00:00+09:00
0.015,0.4,0.97, 2026-08-25T13:00:00+09:00, 2026-08-25T13:30:00+09:00
0.027,0.71,0.97, 2026-08-25T13:30:00+09:00, 2026-08-25T14:00:00+09:00
0.052,1.37,0.97, 2026-08-25T14:00:00+09:00, 2026-08-25T14:30:00+09:00
0.028,0.74,0.97, 2026-08-25T14:30:00+09:00, 2026-08-25T15:00:00+09:00
0.023,0.61,0.97, 2026-08-25T15:00:00+09:00, 2026-08-25T15:30:00+09:00
0.046,1.22,0.97, 2026-08-25T15:30:00+09:00, 2026-08-25T16:00:00+09:00
0.059,1.56,0.97, 2026-08-25T16:00:00+09:00, 2026-08-25T16:30:00+09:00
0.04,1.06,0.97, 2026-08-25T16:30:00+09:00, 2026-08-25T17:00:00+09:00
0.034,0.9,0.97, 2026-08-25T17:00:00+09:00, 2026-08-25T17:30:00+09:00
0.062,1.64,0.97, 2026-08-25T17:30:00+09:00, 2026-08-25T18:00:00+09:00
0.06,1.58,0.97, 2026-08-25T18:00:00+09:00, 2026-08-25T18:30:00+09:00
0.03,0.79,0.97, 2026-08-25T18:30:00+09:00, 2026-08-25T19:00:00+09:00
0.04,1.06,0.97, 2026-08-25T19:00:00+09:00, 2026-08-25T19:30:00+09:00
0.06,1.58,0.97, 2026-08-25T19:30:00+09:00, 2026-08-25T20:00:00+09:00
0.036,0.95,0.97, 2026-08-25T20:00:00+09:00, 2026-08-25T20:30:00+09:00
0.023,0.61,0.97, 2026-08-25T20:30:00+09:00, 2026-08-25T21:00:00+09:00
0.046,1.22,0.97, 2026-08-25T21:00:00+09:00, 2026-08-25T21:30:00+09:00
0.059,1.56,0.97, 2026-08-25T21:30:00+09:00, 2026-08-25T22:00:00+09:00
0.033,0.87,0.97, 2026-08-25T22:00:00+09:00, 2026-08-25T22:30:00+09:00
0.03,0.79,0.97, 2026-08-25T22:30:00+09:00, 2026-08-25T23:00:00+09:00
0.064,1.69,0.97, 2026-08-25T23:00:00+09:00, 2026-08-25T23:30:00+09:00
0.069,1.82,0.97, 2026-08-25T23:30:00+09:00, 2026-08-26T00:00:00+09:00
0.152,4.02,0.97, 2026-08-26T00:00:00+09:00, 2026-08-26T00:30:00+09:00
0.241,6.37,0.97, 2026-08-26T00:30:00+09:00, 2026-08-26T01:00:00+09:00
0.069,1.82,0.97, 2026-08-26T01:00:00+09:00, 2026-08-26T01:30:00+09:00
0.049,1.29,0.97, 2026-08-26T01:30:00+09:00, 2026-08-26T02:00:00+09:00
0.044,1.16,0.97, 2026-08-26T02:00:00+09:00, 2026-08-26T02:30:00+09:00
0.053,1.4,0.97, 2026-08-26T02:30:00+09:00, 2026-08-26T03:00:00+09:00
0.073,1.93,0.97, 2026-08-26T03:00:00+09:00, 2026-08-26T03:30:00+09:00
0.036,0.95,0.97, 2026-08-26T03:30:00+09:00, 2026-08-26T04:00:00+09:00
0.024,0.63,0.97, 2026-08-26T04:00:00+09:00, 2026-08-26T04:30:00+09:00
0.046,1.22,0.97, 2026-08-26T04:30:00+09:00, 2026-08-26T05:00:00+09:00
0.059,1.56,0.97, 2026-08-26T05:00:00+09:00, 2026-08-26T05:30:00+09:00
0.071,1.88,0.97, 2026-08-26T05:30:00+09:00, 2026-08-26T06:00:00+09:00
0.03,0.79,0.97, 2026-08-26T06:00:00+09:00, 2026-08-26T06:30:00+09:00
0.051,1.35,0.97, 2026-08-26T06:30:00+09:00, 2026-08-26T07:00:00+09:00
0.058,1.53,0.97, 2026-08-26T07:00:00+09:00, 2026-08-26T07:30:00+09:00
0.025,0.66,0.97, 2026-08-26T07:30:00+09:00, 2026-08-26T08:00:00+09:00
0.17,4.49,0.97, 2026-08-26T08:00:00+09:00, 2026-08-26T08:30:00+09:00
1.391,36.75,0.97, 2026-08-26T08:30:00+09:00, 2026-08-26T09:00:00+09:00
0.06,1.58,0.97, 2026-08-26T09:00:00+09:00, 2026-08-26T09:30:00+09:00
0.03,0.79,0.97, 2026-08-26T09:30:00+09:00, 2026-08-26T10:00:00+09:00
0.039,1.03,0.97, 2026-08-26T10:00:00+09:00, 2026-08-26T10:30:00+09:00
0.056,1.48,0.97, 2026-08-26T10:30:00+09:00, 2026-08-26T11:00:00+09:00
0.035,0.92,0.97, 2026-08-26T11:00:00+09:00, 2026-08-26T11:30:00+09:00
0.016,0.42,0.97, 2026-08-26T11:30:00+09:00, 2026-08-26T12:00:00+09:00
0.026,0.69,0.97, 2026-08-26T12:00:00+09:00, 2026-08-26T12:30:00+09:00
0.052,1.37,0.97, 2026-08-26T12:30:00+09:00, 2026-08-26T13:00:00+09:00
0.036,0.95,0.97, 2026-08-26T13:00:00+09:00, 2026-08-26T13:30:00+09:00
0.015,0.4,0.97, 2026-08-26T13:30:00+09:00, 2026-08-26T14:00:00+09:00
0.025,0.66,0.97, 2026-08-26T14:00:00+09:00, 2026-08-26T14:30:00+09:00
0.052,1.37,0.97, 2026-08-26T14:30:00+09:00, 2026-08-26T15:00:00+09:00
0.033,0.87,0.97, 2026-08-26T15:00:00+09:00, 2026-08-26T15:30:00+09:00
0.017,0.45,0.97, 2026-08-26T15:30:00+09:00, 2026-08-26T16:00:00+09:00
0.036,0.95,0.97, 2026-08-26T16:00:00+09:00, 2026-08-26T16:30:00+09:00
0.064,1.69,0.97, 2026-08-26T16:30:00+09:00, 2026-08-26T17:00:00+09:00
0.056,1.48,0.97, 2026-08-26T17:00:00+09:00, 2026-08-26T17:30:00+09:00
0.023,0.61,0.97, 2026-08-26T17:30:00+09:00, 2026-08-26T18:00:00+09:00
0.028,0.74,0.97, 2026-08-26T18:00:00+09:00, 2026-08-26T18:30:00+09:00
0.076,2.01,0.97, 2026-08-26T18:30:00+09:00, 2026-08-26T19:00:00+09:00
0.071,1.88,0.97, 2026-08-26T19:00:00+09:00, 2026-08-26T19:30:00+09:00
0.04,1.06,0.97, 2026-08-26T19:30:00+09:00, 2026-08-26T20:00:00+09:00
0.025,0.66,0.97, 2026-08-26T20:00:00+09:00, 2026-08-26T20:30:00+09:00
0.05,1.32,0.97, 2026-08-26T20:30:00+09:00, 2026-08-26T21:00:00+09:00
0.059,1.56,0.97, 2026-08-26T21:00:00+09:00, 2026-08-26T21:30:00+09:00
0.051,1.35,0.97, 2026-08-26T21:30:00+09:00, 2026-08-26T22:00:00+09:00
0.023,0.61,0.97, 2026-08-26T22:00:00+09:00, 2026-08-26T22:30:00+09:00
0.023,0.61,0.97, 2026-08-26T22:30:00+09:00, 2026-08-26T23:00:00+09:00
0.062,1.64,0.97, 2026-08-26T23:00:00+09:00, 2026-08-26T23:30:00+09:00
0.057,1.51,0.97, 2026-08-26T23:30:00+09:00, 2026-08-27T00:00:00+09:00
0.023,0.61,0.97, 2026-08-27T00:00:00+09:00, 2026-08-27T00:30:00+09:00
0.048,1.27,0.97, 2026-08-27T00:30:00+09:00, 2026-08-27T01:00:00+09:00
0.061,1.61,0.97, 2026-08-27T01:00:00+09:00, 2026-08-27T01:30:00+09:00
0.076,2.01,0.97, 2026-08-27T01:30:00+09:00, 2026-08-27T02:00:00+09:00
0.051,1.35,0.97, 2026-08-27T02:00:00+09:00, 2026-08-27T02:30:00+09:00
0.038,1,0.97, 2026-08-27T02:30:00+09:00, 2026-08-27T03:00:00+09:00
0.059,1.56,0.97, 2026-08-27T03:00:00+09:00, 2026-08-27T03:30:00+09:00
0.07,1.85,0.97, 2026-08-27T03:30:00+09:00, 2026-08-27T04:00:00+09:00
0.045,1.19,0.97, 2026-08-27T04:00:00+09:00, 2026-08-27T04:30:00+09:00
0.023,0.61,0.97, 2026-08-27T04:30:00+09:00, 2026-08-27T05:00:00+09:00
0.909,24.01,0.97, 2026-08-27T05:00:00+09:00, 2026-08-27T05:30:00+09:00
0.748,19.76,0.97, 2026-08-27T05:30:00+09:00, 2026-08-27T06:00:00+09:00
0.044,1.16,0.97, 2026-08-27T06:00:00+09:00, 2026-08-27T06:30:00+09:00
0.047,1.24,0.97, 2026-08-27T06:30:00+09:00, 2026-08-27T07:00:00+09:00
0.066,1.74,0.97, 2026-08-27T07:00:00+09:00, 2026-08-27T07:30:00+09:00
0.051,1.35,0.97, 2026-08-27T07:30:00+09:00, 2026-08-27T08:00:00+09:00
0.017,0.45,0.97, 2026-08-27T08:00:00+09:00, 2026-08-27T08:30:00+09:00
0.022,0.58,0.97, 2026-08-27T08:30:00+09:00, 2026-08-27T09:00:00+09:00
0.055,1.45,0.97, 2026-08-27T09:00:00+09:00, 2026-08-27T09:30:00+09:00
0.041,1.08,0.97, 2026-08-27T09:30:00+09:00, 2026-08-27T10:00:00+09:00
0.017,0.45,0.97, 2026-08-27T10:00:00+09:00, 2026-08-27T10:30:00+09:00
0.029,0.77,0.97, 2026-08-27T10:30:00+09:00, 2026-08-27T11:00:00+09:00
0.054,1.43,0.97, 2026-08-27T11:00:00+09:00, 2026-08-27T11:30:00+09:00
0.037,0.98,0.97, 2026-08-27T11:30:00+09:00, 2026-08-27T12:00:00+09:00
0.017,0.45,0.97, 2026-08-27T12:00:00+09:00, 2026-08-27T12:30:00+09:00
0.028,0.74,0.97, 2026-08-27T12:30:00+09:00, 2026-08-27T13:00:00+09:00
0.053,1.4,0.97, 2026-08-27T13:00:00+09:00, 2026-08-27T13:30:00+09:00
0.046,1.22,0.97, 2026-08-27T13:30:00+09:00, 2026-08-27T14:00:00+09:00
0.016,0.42,0.97, 2026-08-27T14:00:00+09:00, 2026-08-27T14:30:00+09:00
0.031,0.82,0.97, 2026-08-27T14:30:00+09:00, 2026-08-27T15:00:00+09:00
0.067,1.77,0.97, 2026-08-27T15:00:00+09:00, 2026-08-27T15:30:00+09:00
0.063,1.66,0.97, 2026-08-27T15:30:00+09:00, 2026-08-27T16:00:00+09:00
0.043,1.14,0.97, 2026-08-27T16:00:00+09:00, 2026-08-27T16:30:00+09:00
0.04,1.06,0.97, 2026-08-27T16:30:00+09:00, 2026-08-27T17:00:00+09:00
0.072,1.9,0.97, 2026-08-27T17:00:00+09:00, 2026-08-27T17:30:00+09:00
0.06,1.58,0.97, 2026-08-27T17:30:00+09:00, 2026-08-27T18:00:00+09:00
0.034,0.9,0.97, 2026-08-27T18:00:00+09:00, 2026-08-27T18:30:00+09:00
0.053,1.4,0.97, 2026-08-27T18:30:00+09:00, 2026-08-27T19:00:00+09:00
0.06,1.58,0.97, 2026-08-27T19:00:00+09:00, 2026-08-27T19:30:00+09:00
0.031,0.82,0.97, 2026-08-27T19:30:00+09:00, 2026-08-27T20:00:00+09:00
0.025,0.66,0.97, 2026-08-27T20:00:00+09:00, 2026-08-27T20:30:00+09:00
0.053,1.4,0.97, 2026-08-27T20:30:00+09:00, 2026-08-27T21:00:00+09:00
0.059,1.56,0.97, 2026-08-27T21:00:00+09:00, 2026-08-27T21:30:00+09:00
0.031,0.82,0.97, 2026-08-27T21:30:00+09:00, 2026-08-27T22:00:00+09:00
0.04,1.06,0.97, 2026-08-27T22:00:00+09:00, 2026-08-27T22:30:00+09:00
0.063,1.66,0.97, 2026-08-27T22:30:00+09:00, 2026-08-27T23:00:00+09:00
0.065,1.72,0.97, 2026-08-27T23:00:00+09:00, 2026-08-27T23:30:00+09:00
0.036,0.95,0.97, 2026-08-27T23:30:00+09:00, 2026-08-28T00:00:00+09:00
0.026,0.69,0.97, 2026-08-28T00:00:00+09:00, 2026-08-28T00:30:00+09:00
0.061,1.61,0.97, 2026-08-28T00:30:00+09:00, 2026-08-28T01:00:00+09:00
0.074,1.95,0.97, 2026-08-28T01:00:00+09:00, 2026-08-28T01:30:00+09:00
0.036,0.95,0.97, 2026-08-28T01:30:00+09:00, 2026-08-28T02:00:00+09:00
0.03,0.79,0.97, 2026-08-28T02:00:00+09:00, 2026-08-28T02:30:00+09:00
0.071,1.88,0.97, 2026-08-28T02:30:00+09:00, 2026-08-28T03:00:00+09:00
0.06,1.58,0.97, 2026-08-28T03:00:00+09:00, 2026-08-28T03:30:00+09:00
0.025,0.66,0.97, 2026-08-28T03:30:00+09:00, 2026-08-28T04:00:00+09:00
0.024,0.63,0.97, 2026-08-28T04:00:00+09:00, 2026-08-28T04:30:00+09:00
0.061,1.61,0.97, 2026-08-28T04:30:00+09:00, 2026-08-28T05:00:00+09:00
0.059,1.56,0.97, 2026-08-28T05:00:00+09:00, 2026-08-28T05:30:00+09:00
0.078,2.06,0.97, 2026-08-28T05:30:00+09:00, 2026-08-28T06:00:00+09:00
0.039,1.03,0.97, 2026-08-28T06:00:00+09:00, 2026-08-28T06:30:00+09:00
0.073,1.93,0.97, 2026-08-28T06:30:00+09:00, 2026-08-28T07:00:00+09:00
1.274,33.65,0.97, 2026-08-28T07:00:00+09:00, 2026-08-28T07:30:00+09:00
0.309,8.16,0.97, 2026-08-28T07:30:00+09:00, 2026-08-28T08:00:00+09:00
0.031,0.82,0.97, 2026-08-28T08:00:00+09:00, 2026-08-28T08:30:00+09:00
0.067,1.77,0.97, 2026-08-28T08:30:00+09:00, 2026-08-28T09:00:00+09:00
0.163,4.31,0.97, 2026-08-28T09:00:00+09:00, 2026-08-28T09:30:00+09:00
0.024,0.63,0.97, 2026-08-28T09:30:00+09:00, 2026-08-28T10:00:00+09:00
0.016,0.42,0.97, 2026-08-28T10:00:00+09:00, 2026-08-28T10:30:00+09:00
0.046,1.22,0.97, 2026-08-28T10:30:00+09:00, 2026-08-28T11:00:00+09:00
0.052,1.37,0.97, 2026-08-28T11:00:00+09:00, 2026-08-28T11:30:00+09:00
0.019,0.5,0.97, 2026-08-28T11:30:00+09:00, 2026-08-28T12:00:00+09:00
0.016,0.42,0.97, 2026-08-28T12:00:00+09:00, 2026-08-28T12:30:00+09:00
0.047,1.24,0.97, 2026-08-28T12:30:00+09:00, 2026-08-28T13:00:00+09:00
0.052,1.37,0.97, 2026-08-28T13:00:00+09:00, 2026-08-28T13:30:00+09:00
0.019,0.5,0.97, 2026-08-28T13:30:00+09:00, 2026-08-28T14:00:00+09:00
0.017,0.45,0.97, 2026-08-28T14:00:00+09:00, 2026-08-28T14:30:00+09:00
0.052,1.37,0.97, 2026-08-28T14:30:00+09:00, 2026-08-28T15:00:00+09:00
0.046,1.22,0.97, 2026-08-28T15:00:00+09:00, 2026-08-28T15:30:00+09:00
0.022,0.58,0.97, 2026-08-28T15:30:00+09:00, 2026-08-28T16:00:00+09:00
0.039,1.03,0.97, 2026-08-28T16:00:00+09:00, 2026-08-28T16:30:00+09:00
0.069,1.82,0.97, 2026-08-28T16:30:00+09:00, 2026-08-28T17:00:00+09:00
0.058,1.53,0.97, 2026-08-28T17:00:00+09:00, 2026-08-28T17:30:00+09:00
0.031,0.82,0.97, 2026-08-28T17:30:00+09:00, 2026-08-28T18:00:00+09:00
0.028,0.74,0.97, 2026-08-28T18:00:00+09:00, 2026-08-28T18:30:00+09:00
0.067,1.77,0.97, 2026-08-28T18:30:00+09:00, 2026-08-28T19:00:00+09:00
0.068,1.8,0.97, 2026-08-28T19:00:00+09:00, 2026-08-28T19:30:00+09:00
0.027,0.71,0.97, 2026-08-28T19:30:00+09:00, 2026-08-28T20:00:00+09:00
0.026,0.69,0.97, 2026-08-28T20:00:00+09:00, 2026-08-28T20:30:00+09:00
0.06,1.58,0.97, 2026-08-28T20:30:00+09:00, 2026-08-28T21:00:00+09:00
0.045,1.19,0.97, 2026-08-28T21:00:00+09:00, 2026-08-28T21:30:00+09:00
0.023,0.61,0.97, 2026-08-28T21:30:00+09:00, 2026-08-28T22:00:00+09:00
0.033,0.87,0.97, 2026-08-28T22:00:00+09:00, 2026-08-28T22:30:00+09:00
0.066,1.74,0.97, 2026-08-28T22:30:00+09:00, 2026-08-28T23:00:00+09:00
0.044,1.16,0.97, 2026-08-28T23:00:00+09:00, 2026-08-28T23:30:00+09:00
0.023,0.61,0.97, 2026-08-28T23:30:00+09:00, 2026-08-29T00:00:00+09:00
0.037,0.98,0.97, 2026-08-29T00:00:00+09:00, 2026-08-29T00:30:00+09:00
0.059,1.56,0.97, 2026-08-29T00:30:00+09:00, 2026-08-29T01:00:00+09:00
0.04,1.06,0.97, 2026-08-29T01:00:00+09:00, 2026-08-29T01:30:00+09:00
0.022,0.58,0.97, 2026-08-29T01:30:00+09:00, 2026-08-29T02:00:00+09:00
0.035,0.92,0.97, 2026-08-29T02:00:00+09:00, 2026-08-29T02:30:00+09:00
0.059,1.56,0.97, 2026-08-29T02:30:00+09:00, 2026-08-29T03:00:00+09:00
0.039,1.03,0.97, 2026-08-29T03:00:00+09:00, 2026-08-29T03:30:00+09:00
0.023,0.61,0.97, 2026-08-29T03:30:00+09:00, 2026-08-29T04:00:00+09:00
0.035,0.92,0.97, 2026-08-29T04:00:00+09:00, 2026-08-29T04:30:00+09:00
0.06,1.58,0.97, 2026-08-29T04:30:00+09:00, 2026-08-29T05:00:00+09:00
0.039,1.03,0.97, 2026-08-29T05:00:00+09:00, 2026-08-29T05:30:00+09:00
0.065,1.72,0.97, 2026-08-29T05:30:00+09:00, 2026-08-29T06:00:00+09:00
0.042,1.11,0.97, 2026-08-29T06:00:00+09:00, 2026-08-29T06:30:00+09:00
0.06,1.58,0.97, 2026-08-29T06:30:00+09:00, 2026-08-29T07:00:00+09:00
0.037,0.98,0.97, 2026-08-29T07:00:00+09:00, 2026-08-29T07:30:00+09:00
0.826,21.82,0.97, 2026-08-29T07:30:00+09:00, 2026-08-29T08:00:00+09:00
0.864,22.82,0.97, 2026-08-29T08:00:00+09:00, 2026-08-29T08:30:00+09:00
0.086,2.27,0.97, 2026-08-29T08:30:00+09:00, 2026-08-29T09:00:00+09:00
0.031,0.82,0.97, 2026-08-29T09:00:00+09:00, 2026-08-29T09:30:00+09:00
0.015,0.4,0.97, 2026-08-29T09:30:00+09:00, 2026-08-29T10:00:00+09:00
0.048,1.27,0.97, 2026-08-29T10:00:00+09:00, 2026-08-29T10:30:00+09:00
0.048,1.27,0.97, 2026-08-29T10:30:00+09:00, 2026-08-29T11:00:00+09:00
0.016,0.42,0.97, 2026-08-29T11:00:00+09:00, 2026-08-29T11:30:00+09:00
0.015,0.4,0.97, 2026-08-29T11:30:00+09:00, 2026-08-29T12:00:00+09:00
0.049,1.29,0.97, 2026-08-29T12:00:00+09:00, 2026-08-29T12:30:00+09:00
0.047,1.24,0.97, 2026-08-29T12:30:00+09:00, 2026-08-29T13:00:00+09:00
0.481,12.71,0.97, 2026-08-29T13:00:00+09:00, 2026-08-29T13:30:00+09:00
1.013,26.76,0.97, 2026-08-29T13:30:00+09:00, 2026-08-29T14:00:00+09:00
0.053,1.4,0.97, 2026-08-29T14:00:00+09:00, 2026-08-29T14:30:00+09:00
0.039,1.03,0.97, 2026-08-29T14:30:00+09:00, 2026-08-29T15:00:00+09:00
0.016,0.42,0.97, 2026-08-29T15:00:00+09:00, 2026-08-29T15:30:00+09:00
0.019,0.5,0.97, 2026-08-29T15:30:00+09:00, 2026-08-29T16:00:00+09:00
0.06,1.58,0.97, 2026-08-29T16:00:00+09:00, 2026-08-29T16:30:00+09:00
0.049,1.29,0.97, 2026-08-29T16:30:00+09:00, 2026-08-29T17:00:00+09:00
0.023,0.61,0.97, 2026-08-29T17:00:00+09:00, 2026-08-29T17:30:00+09:00
0.038,1,0.97, 2026-08-29T17:30:00+09:00, 2026-08-29T18:00:00+09:00
0.059,1.56,0.97, 2026-08-29T18:00:00+09:00, 2026-08-29T18:30:00+09:00
0.038,1,0.97, 2026-08-29T18:30:00+09:00, 2026-08-29T19:00:00+09:00
0.096,2.54,0.97, 2026-08-29T19:00:00+09:00, 2026-08-29T19:30:00+09:00
0.056,1.48,0.97, 2026-08-29T19:30:00+09:00, 2026-08-29T20:00:00+09:00
0.216,5.71,0.97, 2026-08-29T20:00:00+09:00, 2026-08-29T20:30:00+09:00
0.033,0.87,0.97, 2026-08-29T20:30:00+09:00, 2026-08-29T21:00:00+09:00
0.045,1.19,0.97, 2026-08-29T21:00:00+09:00, 2026-08-29T21:30:00+09:00
0.07,1.85,0.97, 2026-08-29T21:30:00+09:00, 2026-08-29T22:00:00+09:00
0.061,1.61,0.97, 2026-08-29T22:00:00+09:00, 2026-08-29T22:30:00+09:00
0.031,0.82,0.97, 2026-08-29T22:30:00+09:00, 2026-08-29T23:00:00+09:00
0.024,0.63,0.97, 2026-08-29T23:00:00+09:00, 2026-08-29T23:30:00+09:00
0.055,1.45,0.97, 2026-08-29T23:30:00+09:00, 2026-08-30T00:00:00+09:00
0.06,1.58,0.97, 2026-08-30T00:00:00+09:00, 2026-08-30T00:30:00+09:00
0.027,0.71,0.97, 2026-08-30T00:30:00+09:00, 2026-08-30T01:00:00+09:00
0.024,0.63,0.97, 2026-08-30T01:00:00+09:00, 2026-08-30T01:30:00+09:00
0.058,1.53,0.97, 2026-08-30T01:30:00+09:00, 2026-08-30T02:00:00+09:00
0.058,1.53,0.97, 2026-08-30T02:00:00+09:00, 2026-08-30T02:30:00+09:00
0.227,6,0.97, 2026-08-30T02:30:00+09:00, 2026-08-30T03:00:00+09:00
0.086,2.27,0.97, 2026-08-30T03:00:00+09:00, 2026-08-30T03:30:00+09:00
0.074,1.95,0.97, 2026-08-30T03:30:00+09:00, 2026-08-30T04:00:00+09:00
0.05,1.32,0.97, 2026-08-30T04:00:00+09:00, 2026-08-30T04:30:00+09:00
0.039,1.03,0.97, 2026-08-30T04:30:00+09:00, 2026-08-30T05:00:00+09:00
0.062,1.64,0.97, 2026-08-30T05:00:00+09:00, 2026-08-30T05:30:00+09:00
0.113,2.99,0.97, 2026-08-30T05:30:00+09:00, 2026-08-30T06:00:00+09:00
0.042,1.11,0.97, 2026-08-30T06:00:00+09:00, 2026-08-30T06:30:00+09:00
0.025,0.66,0.97, 2026-08-30T06:30:00+09:00, 2026-08-30T07:00:00+09:00
0.047,1.24,0.97, 2026-08-30T07:00:00+09:00, 2026-08-30T07:30:00+09:00
0.068,1.8,0.97, 2026-08-30T07:30:00+09:00, 2026-08-30T08:00:00+09:00
0.04,1.06,0.97, 2026-08-30T08:00:00+09:00, 2026-08-30T08:30:00+09:00
0.024,0.63,0.97, 2026-08-30T08:30:00+09:00, 2026-08-30T09:00:00+09:00
0.058,1.53,0.97, 2026-08-30T09:00:00+09:00, 2026-08-30T09:30:00+09:00
0.047,1.24,0.97, 2026-08-30T09:30:00+09:00, 2026-08-30T10:00:00+09:00
0.015,0.4,0.97, 2026-08-30T10:00:00+09:00, 2026-08-30T10:30:00+09:00
0.015,0.4,0.97, 2026-08-30T10:30:00+09:00, 2026-08-30T11:00:00+09:00
0.052,1.37,0.97, 2026-08-30T11:00:00+09:00, 2026-08-30T11:30:00+09:00
0.045,1.19,0.97, 2026-08-30T11:30:00+09:00, 2026-08-30T12:00:00+09:00
0.015,0.4,0.97, 2026-08-30T12:00:00+09:00, 2026-08-30T12:30:00+09:00
0.016,0.42,0.97, 2026-08-30T12:30:00+09:00, 2026-08-30T13:00:00+09:00
0.049,1.29,0.97, 2026-08-30T13:00:00+09:00, 2026-08-30T13:30:00+09:00
0.047,1.24,0.97, 2026-08-30T13:30:00+09:00, 2026-08-30T14:00:00+09:00
0.016,0.42,0.97, 2026-08-30T14:00:00+09:00, 2026-08-30T14:30:00+09:00
0.015,0.4,0.97, 2026-08-30T14:30:00+09:00, 2026-08-30T15:00:00+09:00
0.05,1.32,0.97, 2026-08-30T15:00:00+09:00, 2026-08-30T15:30:00+09:00
0.048,1.27,0.97, 2026-08-30T15:30:00+09:00, 2026-08-30T16:00:00+09:00
0.025,0.66,0.97, 2026-08-30T16:00:00+09:00, 2026-08-30T16:30:00+09:00
0.024,0.63,0.97, 2026-08-30T16:30:00+09:00, 2026-08-30T17:00:00+09:00
0.053,1.4,0.97, 2026-08-30T17:00:00+09:00, 2026-08-30T17:30:00+09:00
0.071,1.88,0.97, 2026-08-30T17:30:00+09:00, 2026-08-30T18:00:00+09:00
0.033,0.87,0.97, 2026-08-30T18:00:00+09:00, 2026-08-30T18:30:00+09:00
0.03,0.79,0.97, 2026-08-30T18:30:00+09:00, 2026-08-30T19:00:00+09:00
0.058,1.53,0.97, 2026-08-30T19:00:00+09:00, 2026-08-30T19:30:00+09:00
0.059,1.56,0.97, 2026-08-30T19:30:00+09:00, 2026-08-30T20:00:00+09:00
0.036,0.95,0.97, 2026-08-30T20:00:00+09:00, 2026-08-30T20:30:00+09:00
0.023,0.61,0.97, 2026-08-30T20:30:00+09:00, 2026-08-30T21:00:00+09:00
0.04,1.06,0.97, 2026-08-30T21:00:00+09:00, 2026-08-30T21:30:00+09:00
0.059,1.56,0.97, 2026-08-30T21:30:00+09:00, 2026-08-30T22:00:00+09:00
0.035,0.92,0.97, 2026-08-30T22:00:00+09:00, 2026-08-30T22:30:00+09:00
0.023,0.61,0.97, 2026-08-30T22:30:00+09:00, 2026-08-30T23:00:00+09:00
0.049,1.29,0.97, 2026-08-30T23:00:00+09:00, 2026-08-30T23:30:00+09:00
0.065,1.72,0.97, 2026-08-30T23:30:00+09:00, 2026-08-31T00:00:00+09:00
0.063,1.66,0.97, 2026-08-31T00:00:00+09:00, 2026-08-31T00:30:00+09:00
0.042,1.11,0.97, 2026-08-31T00:30:00+09:00, 2026-08-31T01:00:00+09:00
0.429,11.33,0.97, 2026-08-31T01:00:00+09:00, 2026-08-31T01:30:00+09:00
0.302,7.98,0.97, 2026-08-31T01:30:00+09:00, 2026-08-31T02:00:00+09:00
0.069,1.82,0.97, 2026-08-31T02:00:00+09:00, 2026-08-31T02:30:00+09:00
0.039,1.03,0.97, 2026-08-31T02:30:00+09:00, 2026-08-31T03:00:00+09:00
0.037,0.98,0.97, 2026-08-31T03:00:00+09:00, 2026-08-31T03:30:00+09:00
0.06,1.58,0.97, 2026-08-31T03:30:00+09:00, 2026-08-31T04:00:00+09:00
0.058,1.53,0.97, 2026-08-31T04:00:00+09:00, 2026-08-31T04:30:00+09:00
0.251,6.63,0.97, 2026-08-31T04:30:00+09:00, 2026-08-31T05:00:00+09:00
1.3,34.34,0.97, 2026-08-31T05:00:00+09:00, 2026-08-31T05:30:00+09:00
0.117,3.09,0.97, 2026-08-31T05:30:00+09:00, 2026-08-31T06:00:00+09:00
0.135,3.57,0.97, 2026-08-31T06:00:00+09:00, 2026-08-31T06:30:00+09:00
0.091,2.4,0.97, 2026-08-31T06:30:00+09:00, 2026-08-31T07:00:00+09:00
0.039,1.03,0.97, 2026-08-31T07:00:00+09:00, 2026-08-31T07:30:00+09:00
0.052,1.37,0.97, 2026-08-31T07:30:00+09:00, 2026-08-31T08:00:00+09:00
0.06,1.58,0.97, 2026-08-31T08:00:00+09:00, 2026-08-31T08:30:00+09:00
0.038,1,0.97, 2026-08-31T08:30:00+09:00, 2026-08-31T09:00:00+09:00
0.016,0.42,0.97, 2026-08-31T09:00:00+09:00, 2026-08-31T09:30:00+09:00
0.028,0.74,0.97, 2026-08-31T09:30:00+09:00, 2026-08-31T10:00:00+09:00
0.052,1.37,0.97, 2026-08-31T10:00:00+09:00, 2026-08-31T10:30:00+09:00
0.042,1.11,0.97, 2026-08-31T10:30:00+09:00, 2026-08-31T11:00:00+09:00
0.016,0.42,0.97, 2026-08-31T11:00:00+09:00, 2026-08-31T11:30:00+09:00
0.016,0.42,0.97, 2026-08-31T11:30:00+09:00, 2026-08-31T12:00:00+09:00
0.054,1.43,0.97, 2026-08-31T12:00:00+09:00, 2026-08-31T12:30:00+09:00
0.05,1.32,0.97, 2026-08-31T12:30:00+09:00, 2026-08-31T13:00:00+09:00
0.015,0.4,0.97, 2026-08-31T13:00:00+09:00, 2026-08-31T13:30:00+09:00
0.015,0.4,0.97, 2026-08-31T13:30:00+09:00, 2026-08-31T14:00:00+09:00
0.047,1.24,0.97, 2026-08-31T14:00:00+09:00, 2026-08-31T14:30:00+09:00
0.05,1.32,0.97, 2026-08-31T14:30:00+09:00, 2026-08-31T15:00:00+09:00
0.019,0.5,0.97, 2026-08-31T15:00:00+09:00, 2026-08-31T15:30:00+09:00
0.016,0.42,0.97, 2026-08-31T15:30:00+09:00, 2026-08-31T16:00:00+09:00
0.196,5.18,0.97, 2026-08-31T16:00:00+09:00, 2026-08-31T16:30:00+09:00
1.363,36.01,0.97, 2026-08-31T16:30:00+09:00, 2026-08-31T17:00:00+09:00
0.027,0.71,0.97, 2026-08-31T17:00:00+09:00, 2026-08-31T17:30:00+09:00
0.09,2.38,0.97, 2026-08-31T17:30:00+09:00, 2026-08-31T18:00:00+09:00
0.067,1.77,0.97, 2026-08-31T18:00:00+09:00, 2026-08-31T18:30:00+09:00
0.07,1.85,0.97, 2026-08-31T18:30:00+09:00, 2026-08-31T19:00:00+09:00
0.045,1.19,0.97, 2026-08-31T19:00:00+09:00, 2026-08-31T19:30:00+09:00
0.048,1.27,0.97, 2026-08-31T19:30:00+09:00, 2026-08-31T20:00:00+09:00
0.146,3.86,0.97, 2026-08-31T20:00:00+09:00, 2026-08-31T20:30:00+09:00
0.054,1.43,0.97, 2026-08-31T20:30:00+09:00, 2026-08-31T21:00:00+09:00
0.023,0.61,0.97, 2026-08-31T21:00:00+09:00, 2026-08-31T21:30:00+09:00
0.023,0.61,0.97, 2026-08-31T21:30:00+09:00, 2026-08-31T22:00:00+09:00
0.063,1.66,0.97, 2026-08-31T22:00:00+09:00, 2026-08-31T22:30:00+09:00
0.147,3.88,0.97, 2026-08-31T22:30:00+09:00, 2026-08-31T23:00:00+09:00
0.07,1.85,0.97, 2026-08-31T23:00:00+09:00, 2026-08-31T23:30:00+09:00
0.033,0.87,0.97, 2026-08-31T23:30:00+09:00, 2026-08-31T23:59:59.999000+09:00
